Rk,Player,Age,Team,Pos,G,GS,MP,FG,FGA,FG%,3P,3PA,3P%,2P,2PA,2P%,eFG%,FT,FTA,FT%,ORB,DRB,TRB,AST,STL,BLK,TOV,PF,PTS,Trp-Dbl,Awards,season_end_year,season
1.0,Shai Gilgeous-Alexander,27.0,OKC,PG,14.0,14.0,470.0,156.0,294.0,0.531,31.0,83.0,0.373,125.0,211.0,0.592,0.583,113.0,126.0,0.897,5.0,66.0,71.0,93.0,19.0,13.0,23.0,25.0,456.0,0.0,,2026,2025-26
2.0,Devin Booker,29.0,PHO,SG,14.0,14.0,501.0,137.0,277.0,0.495,28.0,82.0,0.341,109.0,195.0,0.559,0.545,96.0,107.0,0.897,15.0,42.0,57.0,98.0,11.0,4.0,56.0,40.0,398.0,0.0,,2026,2025-26
3.0,Lauri Markkanen,28.0,UTA,PF,13.0,13.0,470.0,134.0,280.0,0.479,49.0,126.0,0.389,85.0,154.0,0.552,0.566,81.0,92.0,0.88,30.0,50.0,80.0,27.0,12.0,7.0,18.0,25.0,398.0,0.0,,2026,2025-26
4.0,Giannis Antetokounmpo,31.0,MIL,PF,12.0,12.0,401.0,150.0,238.0,0.63,9.0,18.0,0.5,141.0,220.0,0.641,0.649,82.0,129.0,0.636,46.0,90.0,136.0,85.0,11.0,15.0,42.0,32.0,391.0,0.0,,2026,2025-26
5.0,Jaylen Brown,29.0,BOS,SF,14.0,14.0,449.0,147.0,291.0,0.505,27.0,79.0,0.342,120.0,212.0,0.566,0.552,63.0,82.0,0.768,13.0,66.0,79.0,57.0,11.0,5.0,45.0,45.0,384.0,0.0,,2026,2025-26
6.0,Tyrese Maxey,25.0,PHI,PG,12.0,12.0,484.0,127.0,280.0,0.454,46.0,110.0,0.418,81.0,170.0,0.476,0.536,84.0,95.0,0.884,4.0,57.0,61.0,94.0,17.0,10.0,30.0,32.0,384.0,0.0,,2026,2025-26
7.0,Donovan Mitchell,29.0,CLE,SG,12.0,12.0,407.0,121.0,243.0,0.498,48.0,126.0,0.381,73.0,117.0,0.624,0.597,75.0,90.0,0.833,9.0,46.0,55.0,65.0,18.0,6.0,40.0,26.0,365.0,0.0,,2026,2025-26
8.0,Luka Dončić,26.0,LAL,PG,10.0,10.0,371.0,106.0,226.0,0.469,36.0,110.0,0.327,70.0,116.0,0.603,0.549,96.0,122.0,0.787,9.0,80.0,89.0,89.0,17.0,6.0,37.0,25.0,344.0,1.0,,2026,2025-26
9.0,Nikola Jokić,30.0,DEN,C,12.0,12.0,410.0,129.0,192.0,0.672,23.0,54.0,0.426,106.0,138.0,0.768,0.732,63.0,72.0,0.875,36.0,120.0,156.0,131.0,22.0,9.0,39.0,33.0,344.0,7.0,,2026,2025-26
10.0,Deni Avdija,25.0,POR,SF,13.0,13.0,443.0,108.0,221.0,0.489,33.0,88.0,0.375,75.0,133.0,0.564,0.563,89.0,103.0,0.864,17.0,68.0,85.0,62.0,7.0,11.0,47.0,48.0,338.0,0.0,,2026,2025-26
11.0,Julius Randle,31.0,MIN,PF,13.0,13.0,437.0,114.0,211.0,0.54,25.0,64.0,0.391,89.0,147.0,0.605,0.6,78.0,90.0,0.867,19.0,77.0,96.0,81.0,17.0,3.0,34.0,33.0,331.0,2.0,,2026,2025-26
12.0,Stephen Curry,37.0,GSW,PG,12.0,12.0,367.0,104.0,227.0,0.458,51.0,134.0,0.381,53.0,93.0,0.57,0.57,70.0,75.0,0.933,3.0,41.0,44.0,44.0,17.0,5.0,32.0,27.0,329.0,0.0,,2026,2025-26
13.0,Franz Wagner,24.0,ORL,SF,14.0,14.0,501.0,106.0,230.0,0.461,25.0,70.0,0.357,81.0,160.0,0.506,0.515,87.0,105.0,0.829,26.0,62.0,88.0,54.0,16.0,6.0,29.0,35.0,324.0,0.0,,2026,2025-26
14.0,Victor Wembanyama,22.0,SAS,C,12.0,12.0,416.0,111.0,221.0,0.502,20.0,58.0,0.345,91.0,163.0,0.558,0.548,72.0,84.0,0.857,24.0,131.0,155.0,48.0,13.0,43.0,43.0,44.0,314.0,1.0,,2026,2025-26
15.0,James Harden,36.0,LAC,PG,12.0,12.0,433.0,92.0,202.0,0.455,45.0,113.0,0.398,47.0,89.0,0.528,0.567,83.0,91.0,0.912,7.0,69.0,76.0,108.0,11.0,5.0,46.0,23.0,312.0,2.0,,2026,2025-26
16.0,Kevin Durant,37.0,HOU,SF,12.0,12.0,433.0,105.0,206.0,0.51,22.0,55.0,0.4,83.0,151.0,0.55,0.563,79.0,89.0,0.888,4.0,52.0,56.0,41.0,12.0,8.0,36.0,33.0,311.0,0.0,,2026,2025-26
17.0,Austin Reaves,27.0,LAL,SG,11.0,11.0,399.0,95.0,197.0,0.482,30.0,91.0,0.33,65.0,106.0,0.613,0.558,91.0,105.0,0.867,7.0,49.0,56.0,90.0,15.0,1.0,37.0,27.0,311.0,0.0,,2026,2025-26
18.0,Jalen Brunson,29.0,NYK,PG,11.0,11.0,373.0,107.0,229.0,0.467,31.0,84.0,0.369,76.0,145.0,0.524,0.535,63.0,73.0,0.863,5.0,34.0,39.0,72.0,9.0,0.0,30.0,29.0,308.0,0.0,,2026,2025-26
19.0,Cade Cunningham,24.0,DET,PG,11.0,11.0,407.0,106.0,243.0,0.436,21.0,73.0,0.288,85.0,170.0,0.5,0.479,69.0,86.0,0.802,12.0,47.0,59.0,109.0,15.0,9.0,40.0,41.0,302.0,1.0,,2026,2025-26
20.0,Pascal Siakam,31.0,IND,PF,12.0,12.0,420.0,105.0,232.0,0.453,22.0,61.0,0.361,83.0,171.0,0.485,0.5,63.0,96.0,0.656,21.0,64.0,85.0,61.0,14.0,4.0,29.0,40.0,295.0,0.0,,2026,2025-26
21.0,Michael Porter Jr.,27.0,BRK,SF,12.0,12.0,390.0,103.0,218.0,0.472,37.0,106.0,0.349,66.0,112.0,0.589,0.557,46.0,54.0,0.852,13.0,81.0,94.0,40.0,8.0,2.0,28.0,28.0,289.0,0.0,,2026,2025-26
22.0,Keyonte George,22.0,UTA,PG,13.0,13.0,447.0,87.0,211.0,0.412,23.0,83.0,0.277,64.0,128.0,0.5,0.467,91.0,98.0,0.929,9.0,42.0,51.0,91.0,13.0,4.0,43.0,28.0,288.0,0.0,,2026,2025-26
23.0,Miles Bridges,27.0,CHO,PF,13.0,13.0,455.0,94.0,223.0,0.422,43.0,118.0,0.364,51.0,105.0,0.486,0.518,56.0,62.0,0.903,12.0,78.0,90.0,52.0,7.0,5.0,19.0,25.0,287.0,0.0,,2026,2025-26
24.0,Shaedon Sharpe,22.0,POR,SG,13.0,13.0,370.0,103.0,238.0,0.433,25.0,91.0,0.275,78.0,147.0,0.531,0.485,56.0,69.0,0.812,19.0,49.0,68.0,26.0,19.0,3.0,37.0,30.0,287.0,0.0,,2026,2025-26
25.0,Alperen Şengün,23.0,HOU,C,12.0,12.0,442.0,97.0,202.0,0.48,17.0,38.0,0.447,80.0,164.0,0.488,0.522,65.0,88.0,0.739,38.0,86.0,124.0,89.0,15.0,12.0,40.0,39.0,276.0,0.0,,2026,2025-26
26.0,Zach LaVine,30.0,SAC,SG,12.0,12.0,412.0,94.0,184.0,0.511,38.0,90.0,0.422,56.0,94.0,0.596,0.614,46.0,52.0,0.885,2.0,40.0,42.0,27.0,7.0,2.0,24.0,30.0,272.0,0.0,,2026,2025-26
27.0,Jimmy Butler,36.0,GSW,SF,14.0,14.0,431.0,82.0,156.0,0.526,15.0,32.0,0.469,67.0,124.0,0.54,0.574,89.0,103.0,0.864,31.0,44.0,75.0,67.0,23.0,4.0,22.0,18.0,268.0,0.0,,2026,2025-26
28.0,Brandon Ingram,28.0,TOR,SF,13.0,13.0,431.0,99.0,201.0,0.493,14.0,55.0,0.255,85.0,146.0,0.582,0.527,53.0,60.0,0.883,8.0,70.0,78.0,50.0,12.0,8.0,32.0,33.0,265.0,0.0,,2026,2025-26
29.0,DeMar DeRozan,36.0,SAC,PF,14.0,14.0,476.0,99.0,198.0,0.5,13.0,33.0,0.394,86.0,165.0,0.521,0.533,52.0,61.0,0.852,7.0,39.0,46.0,49.0,16.0,2.0,14.0,28.0,263.0,0.0,,2026,2025-26
30.0,Jalen Johnson,24.0,ATL,SF,12.0,12.0,395.0,101.0,172.0,0.587,13.0,34.0,0.382,88.0,138.0,0.638,0.625,46.0,57.0,0.807,15.0,100.0,115.0,76.0,21.0,3.0,36.0,26.0,261.0,1.0,,2026,2025-26
31.0,Norman Powell,32.0,MIA,SG,10.0,10.0,313.0,79.0,164.0,0.482,35.0,73.0,0.479,44.0,91.0,0.484,0.588,68.0,73.0,0.932,3.0,38.0,41.0,24.0,12.0,2.0,22.0,24.0,261.0,0.0,,2026,2025-26
32.0,Karl-Anthony Towns,30.0,NYK,C,12.0,12.0,397.0,83.0,189.0,0.439,24.0,69.0,0.348,59.0,120.0,0.492,0.503,71.0,79.0,0.899,37.0,113.0,150.0,40.0,12.0,11.0,30.0,45.0,261.0,0.0,,2026,2025-26
33.0,Paolo Banchero,23.0,ORL,PF,12.0,12.0,393.0,82.0,178.0,0.461,11.0,44.0,0.25,71.0,134.0,0.53,0.492,85.0,111.0,0.766,11.0,93.0,104.0,49.0,9.0,11.0,32.0,29.0,260.0,0.0,,2026,2025-26
34.0,Trey Murphy III,25.0,NOP,SF,13.0,13.0,465.0,89.0,195.0,0.456,36.0,101.0,0.356,53.0,94.0,0.564,0.549,44.0,47.0,0.936,22.0,68.0,90.0,43.0,18.0,2.0,27.0,29.0,258.0,0.0,,2026,2025-26
35.0,Scottie Barnes,24.0,TOR,PF,13.0,13.0,422.0,98.0,195.0,0.503,21.0,51.0,0.412,77.0,144.0,0.535,0.556,39.0,48.0,0.813,24.0,78.0,102.0,68.0,19.0,23.0,25.0,45.0,256.0,0.0,,2026,2025-26
36.0,RJ Barrett,25.0,TOR,SF,13.0,13.0,409.0,94.0,186.0,0.505,24.0,70.0,0.343,70.0,116.0,0.603,0.57,39.0,54.0,0.722,11.0,55.0,66.0,52.0,11.0,4.0,21.0,37.0,251.0,0.0,,2026,2025-26
37.0,Jaren Jackson Jr.,26.0,MEM,C,14.0,14.0,402.0,87.0,182.0,0.478,23.0,61.0,0.377,64.0,121.0,0.529,0.541,53.0,66.0,0.803,13.0,60.0,73.0,19.0,7.0,19.0,29.0,60.0,250.0,0.0,,2026,2025-26
38.0,Evan Mobley,24.0,CLE,PF,13.0,13.0,443.0,89.0,190.0,0.468,23.0,64.0,0.359,66.0,126.0,0.524,0.529,49.0,78.0,0.628,36.0,81.0,117.0,54.0,17.0,21.0,32.0,30.0,250.0,0.0,,2026,2025-26
39.0,Anthony Edwards,24.0,MIN,SG,9.0,9.0,273.0,81.0,170.0,0.476,30.0,73.0,0.411,51.0,97.0,0.526,0.565,54.0,63.0,0.857,8.0,33.0,41.0,33.0,10.0,6.0,22.0,15.0,246.0,0.0,,2026,2025-26
40.0,Jamal Murray,28.0,DEN,PG,11.0,11.0,374.0,88.0,192.0,0.458,25.0,73.0,0.342,63.0,119.0,0.529,0.523,42.0,45.0,0.933,7.0,49.0,56.0,69.0,15.0,3.0,26.0,14.0,243.0,0.0,,2026,2025-26
41.0,Grayson Allen,30.0,PHO,SG,13.0,13.0,417.0,81.0,173.0,0.468,51.0,114.0,0.447,30.0,59.0,0.508,0.616,27.0,34.0,0.794,6.0,34.0,40.0,56.0,21.0,4.0,23.0,30.0,240.0,0.0,,2026,2025-26
42.0,Jerami Grant,31.0,POR,PF,13.0,1.0,362.0,70.0,151.0,0.464,27.0,67.0,0.403,43.0,84.0,0.512,0.553,71.0,84.0,0.845,11.0,28.0,39.0,30.0,12.0,5.0,21.0,44.0,238.0,0.0,,2026,2025-26
43.0,Alex Sarr,20.0,WAS,C,13.0,13.0,377.0,98.0,189.0,0.519,14.0,40.0,0.35,84.0,149.0,0.564,0.556,28.0,38.0,0.737,31.0,75.0,106.0,47.0,9.0,28.0,31.0,28.0,238.0,0.0,,2026,2025-26
44.0,Ryan Rollins,23.0,MIL,PG,14.0,13.0,436.0,91.0,173.0,0.526,32.0,70.0,0.457,59.0,103.0,0.573,0.618,23.0,30.0,0.767,11.0,42.0,53.0,75.0,24.0,3.0,33.0,42.0,237.0,0.0,,2026,2025-26
45.0,Ajay Mitchell,23.0,OKC,SG,14.0,5.0,396.0,85.0,186.0,0.457,18.0,53.0,0.34,67.0,133.0,0.504,0.505,46.0,50.0,0.92,11.0,45.0,56.0,54.0,25.0,4.0,25.0,34.0,234.0,0.0,,2026,2025-26
46.0,Desmond Bane,27.0,ORL,SG,14.0,14.0,455.0,85.0,195.0,0.436,21.0,67.0,0.313,64.0,128.0,0.5,0.49,40.0,44.0,0.909,15.0,45.0,60.0,62.0,6.0,5.0,33.0,47.0,231.0,0.0,,2026,2025-26
47.0,Jaden McDaniels,25.0,MIN,PF,13.0,13.0,412.0,90.0,164.0,0.549,22.0,44.0,0.5,68.0,120.0,0.567,0.616,28.0,33.0,0.848,14.0,45.0,59.0,30.0,12.0,17.0,24.0,48.0,230.0,0.0,,2026,2025-26
48.0,Payton Pritchard,28.0,BOS,PG,14.0,14.0,447.0,83.0,186.0,0.446,35.0,109.0,0.321,48.0,77.0,0.623,0.54,28.0,35.0,0.8,13.0,42.0,55.0,70.0,11.0,0.0,18.0,28.0,229.0,0.0,,2026,2025-26
49.0,Andrew Wiggins,30.0,MIA,SF,13.0,13.0,428.0,90.0,177.0,0.508,25.0,66.0,0.379,65.0,111.0,0.586,0.579,23.0,35.0,0.657,21.0,43.0,64.0,37.0,15.0,12.0,29.0,34.0,228.0,0.0,,2026,2025-26
50.0,Jaime Jaquez Jr.,24.0,MIA,SF,13.0,0.0,392.0,90.0,169.0,0.533,5.0,25.0,0.2,85.0,144.0,0.59,0.547,42.0,54.0,0.778,17.0,78.0,95.0,68.0,9.0,4.0,22.0,28.0,227.0,0.0,,2026,2025-26
51.0,Stephon Castle,21.0,SAS,PG,13.0,13.0,416.0,77.0,155.0,0.497,12.0,50.0,0.24,65.0,105.0,0.619,0.535,59.0,85.0,0.694,20.0,56.0,76.0,98.0,22.0,5.0,52.0,47.0,225.0,1.0,,2026,2025-26
52.0,Derrick White,31.0,BOS,SG,14.0,14.0,461.0,77.0,216.0,0.356,37.0,121.0,0.306,40.0,95.0,0.421,0.442,33.0,40.0,0.825,13.0,42.0,55.0,76.0,24.0,17.0,17.0,24.0,224.0,0.0,,2026,2025-26
53.0,Kon Knueppel,20.0,CHO,SF,13.0,12.0,424.0,77.0,169.0,0.456,41.0,102.0,0.402,36.0,67.0,0.537,0.577,28.0,32.0,0.875,8.0,69.0,77.0,37.0,9.0,3.0,32.0,30.0,223.0,0.0,,2026,2025-26
54.0,Onyeka Okongwu,25.0,ATL,C,14.0,5.0,411.0,78.0,151.0,0.517,24.0,62.0,0.387,54.0,89.0,0.607,0.596,40.0,52.0,0.769,25.0,85.0,110.0,35.0,13.0,15.0,22.0,49.0,220.0,0.0,,2026,2025-26
55.0,Josh Giddey,23.0,CHI,PG,10.0,10.0,349.0,78.0,170.0,0.459,17.0,46.0,0.37,61.0,124.0,0.492,0.509,46.0,60.0,0.767,14.0,85.0,99.0,97.0,11.0,5.0,37.0,19.0,219.0,3.0,,2026,2025-26
56.0,Aaron Gordon,30.0,DEN,PF,11.0,11.0,333.0,72.0,135.0,0.533,27.0,57.0,0.474,45.0,78.0,0.577,0.633,48.0,54.0,0.889,14.0,51.0,65.0,17.0,10.0,3.0,17.0,19.0,219.0,0.0,,2026,2025-26
57.0,Cooper Flagg,19.0,DAL,PG,14.0,14.0,478.0,84.0,188.0,0.447,15.0,55.0,0.273,69.0,133.0,0.519,0.487,35.0,44.0,0.795,16.0,78.0,94.0,45.0,19.0,11.0,32.0,34.0,218.0,0.0,,2026,2025-26
58.0,Ja Morant,26.0,MEM,PG,12.0,12.0,345.0,70.0,195.0,0.359,10.0,60.0,0.167,60.0,135.0,0.444,0.385,65.0,69.0,0.942,6.0,36.0,42.0,91.0,12.0,1.0,45.0,27.0,215.0,0.0,,2026,2025-26
59.0,Nickeil Alexander-Walker,27.0,ATL,SG,12.0,9.0,365.0,71.0,161.0,0.441,23.0,71.0,0.324,48.0,90.0,0.533,0.512,49.0,58.0,0.845,8.0,26.0,34.0,42.0,13.0,11.0,31.0,20.0,214.0,0.0,,2026,2025-26
60.0,Jalen Duren,22.0,DET,C,11.0,11.0,319.0,77.0,119.0,0.647,0.0,0.0,,77.0,119.0,0.647,0.647,59.0,73.0,0.808,50.0,82.0,132.0,18.0,12.0,13.0,27.0,37.0,213.0,0.0,,2026,2025-26
61.0,CJ McCollum,34.0,WAS,SG,13.0,13.0,384.0,71.0,180.0,0.394,34.0,90.0,0.378,37.0,90.0,0.411,0.489,36.0,44.0,0.818,9.0,33.0,42.0,43.0,10.0,3.0,19.0,30.0,212.0,0.0,,2026,2025-26
62.0,Deandre Ayton,27.0,LAL,C,13.0,13.0,395.0,99.0,143.0,0.692,0.0,0.0,,99.0,143.0,0.692,0.692,13.0,21.0,0.619,37.0,72.0,109.0,12.0,9.0,12.0,35.0,42.0,211.0,0.0,,2026,2025-26
63.0,Ivica Zubac,28.0,LAC,C,13.0,13.0,407.0,90.0,143.0,0.629,0.0,0.0,,90.0,143.0,0.629,0.629,30.0,40.0,0.75,42.0,96.0,138.0,29.0,7.0,14.0,29.0,35.0,210.0,0.0,,2026,2025-26
64.0,Amen Thompson,23.0,HOU,SF,12.0,12.0,426.0,80.0,170.0,0.471,6.0,29.0,0.207,74.0,141.0,0.525,0.488,41.0,54.0,0.759,27.0,46.0,73.0,62.0,15.0,6.0,27.0,27.0,207.0,0.0,,2026,2025-26
65.0,Rui Hachimura,27.0,LAL,PF,13.0,13.0,450.0,79.0,137.0,0.577,26.0,52.0,0.5,53.0,85.0,0.624,0.672,22.0,30.0,0.733,9.0,40.0,49.0,16.0,9.0,3.0,16.0,25.0,206.0,0.0,,2026,2025-26
66.0,Immanuel Quickley,26.0,TOR,PG,13.0,13.0,408.0,72.0,156.0,0.462,30.0,80.0,0.375,42.0,76.0,0.553,0.558,31.0,41.0,0.756,8.0,48.0,56.0,81.0,16.0,0.0,22.0,28.0,205.0,0.0,,2026,2025-26
67.0,Kyshawn George,22.0,WAS,SF,12.0,12.0,372.0,74.0,146.0,0.507,31.0,69.0,0.449,43.0,77.0,0.558,0.613,24.0,34.0,0.706,7.0,66.0,73.0,55.0,11.0,11.0,39.0,57.0,203.0,0.0,,2026,2025-26
68.0,Kelly Oubre Jr.,30.0,PHI,SF,12.0,12.0,418.0,74.0,149.0,0.497,23.0,67.0,0.343,51.0,82.0,0.622,0.574,30.0,38.0,0.789,14.0,47.0,61.0,16.0,13.0,10.0,18.0,32.0,201.0,0.0,,2026,2025-26
69.0,Russell Westbrook,37.0,SAC,SF,14.0,8.0,399.0,71.0,163.0,0.436,30.0,74.0,0.405,41.0,89.0,0.461,0.528,29.0,43.0,0.674,24.0,69.0,93.0,90.0,14.0,2.0,45.0,30.0,201.0,2.0,,2026,2025-26
70.0,Jrue Holiday,35.0,POR,PG,12.0,12.0,401.0,74.0,166.0,0.446,31.0,85.0,0.365,43.0,81.0,0.531,0.539,21.0,25.0,0.84,16.0,47.0,63.0,99.0,19.0,3.0,35.0,24.0,200.0,0.0,,2026,2025-26
71.0,Quentin Grimes,25.0,PHI,SG,12.0,0.0,371.0,63.0,135.0,0.467,29.0,74.0,0.392,34.0,61.0,0.557,0.574,44.0,53.0,0.83,5.0,43.0,48.0,53.0,11.0,6.0,38.0,30.0,199.0,0.0,,2026,2025-26
72.0,De'Andre Hunter,28.0,CLE,SF,11.0,11.0,320.0,68.0,154.0,0.442,21.0,75.0,0.28,47.0,79.0,0.595,0.51,41.0,49.0,0.837,7.0,45.0,52.0,34.0,8.0,3.0,18.0,28.0,198.0,0.0,,2026,2025-26
73.0,Nikola Vučević,35.0,CHI,C,12.0,12.0,380.0,78.0,154.0,0.506,23.0,53.0,0.434,55.0,101.0,0.545,0.581,19.0,25.0,0.76,25.0,96.0,121.0,42.0,8.0,6.0,21.0,29.0,198.0,0.0,,2026,2025-26
74.0,Nic Claxton,26.0,BRK,C,13.0,13.0,382.0,75.0,123.0,0.61,0.0,6.0,0.0,75.0,117.0,0.641,0.61,47.0,66.0,0.712,37.0,54.0,91.0,51.0,11.0,18.0,17.0,35.0,197.0,0.0,,2026,2025-26
75.0,P.J. Washington,27.0,DAL,PF,13.0,13.0,405.0,71.0,158.0,0.449,17.0,56.0,0.304,54.0,102.0,0.529,0.503,38.0,59.0,0.644,15.0,83.0,98.0,30.0,12.0,15.0,36.0,29.0,197.0,0.0,,2026,2025-26
76.0,Cedric Coward,22.0,MEM,SG,14.0,1.0,374.0,64.0,134.0,0.478,23.0,62.0,0.371,41.0,72.0,0.569,0.563,45.0,50.0,0.9,23.0,62.0,85.0,42.0,12.0,6.0,17.0,28.0,196.0,0.0,,2026,2025-26
77.0,Chet Holmgren,23.0,OKC,PF,10.0,10.0,296.0,68.0,118.0,0.576,16.0,41.0,0.39,52.0,77.0,0.675,0.644,41.0,47.0,0.872,15.0,67.0,82.0,18.0,7.0,13.0,21.0,38.0,193.0,0.0,,2026,2025-26
78.0,OG Anunoby,28.0,NYK,PF,12.0,12.0,373.0,70.0,147.0,0.476,31.0,79.0,0.392,39.0,68.0,0.574,0.582,19.0,25.0,0.76,19.0,48.0,67.0,26.0,23.0,8.0,22.0,28.0,190.0,0.0,,2026,2025-26
79.0,Jeremiah Fears,19.0,NOP,PG,13.0,11.0,344.0,73.0,167.0,0.437,15.0,43.0,0.349,58.0,124.0,0.468,0.482,29.0,35.0,0.829,11.0,29.0,40.0,38.0,24.0,1.0,33.0,29.0,190.0,0.0,,2026,2025-26
80.0,Domantas Sabonis,29.0,SAC,C,11.0,11.0,365.0,74.0,145.0,0.51,4.0,20.0,0.2,70.0,125.0,0.56,0.524,37.0,51.0,0.725,37.0,98.0,135.0,41.0,13.0,2.0,28.0,44.0,189.0,0.0,,2026,2025-26
81.0,Anfernee Simons,26.0,BOS,SG,14.0,0.0,342.0,66.0,163.0,0.405,38.0,96.0,0.396,28.0,67.0,0.418,0.521,18.0,20.0,0.9,5.0,24.0,29.0,33.0,6.0,3.0,17.0,30.0,188.0,0.0,,2026,2025-26
82.0,Jarrett Allen,27.0,CLE,C,12.0,12.0,311.0,71.0,121.0,0.587,0.0,4.0,0.0,71.0,117.0,0.607,0.587,45.0,60.0,0.75,29.0,64.0,93.0,21.0,14.0,11.0,19.0,18.0,187.0,0.0,,2026,2025-26
83.0,Mikal Bridges,29.0,NYK,SF,12.0,12.0,417.0,70.0,144.0,0.486,30.0,72.0,0.417,40.0,72.0,0.556,0.59,17.0,20.0,0.85,15.0,39.0,54.0,59.0,24.0,11.0,11.0,26.0,187.0,0.0,,2026,2025-26
84.0,VJ Edgecombe,20.0,PHI,SG,12.0,12.0,448.0,69.0,169.0,0.408,25.0,66.0,0.379,44.0,103.0,0.427,0.482,24.0,31.0,0.774,23.0,45.0,68.0,50.0,16.0,5.0,24.0,37.0,187.0,0.0,,2026,2025-26
85.0,Collin Sexton,27.0,CHO,SG,12.0,9.0,314.0,60.0,125.0,0.48,19.0,44.0,0.432,41.0,81.0,0.506,0.556,46.0,54.0,0.852,3.0,25.0,28.0,60.0,9.0,0.0,36.0,29.0,185.0,0.0,,2026,2025-26
86.0,Donte DiVincenzo,29.0,MIN,SG,13.0,13.0,399.0,57.0,134.0,0.425,38.0,101.0,0.376,19.0,33.0,0.576,0.567,31.0,36.0,0.861,12.0,38.0,50.0,46.0,14.0,6.0,19.0,31.0,183.0,0.0,,2026,2025-26
87.0,Matas Buzelis,21.0,CHI,PF,12.0,12.0,349.0,66.0,136.0,0.485,22.0,55.0,0.4,44.0,81.0,0.543,0.566,28.0,33.0,0.848,14.0,55.0,69.0,14.0,10.0,13.0,24.0,41.0,182.0,0.0,,2026,2025-26
88.0,Max Christie,22.0,DAL,SG,14.0,11.0,428.0,62.0,130.0,0.477,38.0,83.0,0.458,24.0,47.0,0.511,0.623,18.0,24.0,0.75,1.0,49.0,50.0,38.0,8.0,8.0,15.0,27.0,180.0,0.0,,2026,2025-26
89.0,Devin Vassell,25.0,SAS,SG,13.0,13.0,430.0,65.0,160.0,0.406,32.0,94.0,0.34,33.0,66.0,0.5,0.506,18.0,23.0,0.783,5.0,41.0,46.0,31.0,14.0,2.0,15.0,27.0,180.0,0.0,,2026,2025-26
90.0,Jonathan Kuminga,23.0,GSW,PF,13.0,12.0,360.0,65.0,136.0,0.478,12.0,37.0,0.324,53.0,99.0,0.535,0.522,37.0,48.0,0.771,21.0,65.0,86.0,37.0,5.0,4.0,35.0,25.0,179.0,0.0,,2026,2025-26
91.0,Brandin Podziemski,22.0,GSW,SG,15.0,7.0,426.0,65.0,143.0,0.455,28.0,73.0,0.384,37.0,70.0,0.529,0.552,21.0,28.0,0.75,6.0,62.0,68.0,47.0,19.0,5.0,19.0,34.0,179.0,0.0,,2026,2025-26
92.0,Isaiah Hartenstein,27.0,OKC,C,14.0,14.0,401.0,78.0,113.0,0.69,0.0,3.0,0.0,78.0,110.0,0.709,0.69,22.0,33.0,0.667,48.0,109.0,157.0,43.0,18.0,8.0,30.0,42.0,178.0,0.0,,2026,2025-26
93.0,Santi Aldama,25.0,MEM,PF,14.0,0.0,358.0,69.0,149.0,0.463,20.0,64.0,0.313,49.0,85.0,0.576,0.53,19.0,33.0,0.576,22.0,74.0,96.0,35.0,15.0,8.0,18.0,22.0,177.0,0.0,,2026,2025-26
94.0,Dillon Brooks,30.0,PHO,SF,8.0,8.0,239.0,62.0,135.0,0.459,21.0,62.0,0.339,41.0,73.0,0.562,0.537,31.0,33.0,0.939,6.0,20.0,26.0,15.0,16.0,2.0,16.0,28.0,176.0,0.0,,2026,2025-26
95.0,Kyle Kuzma,30.0,MIL,PF,13.0,4.0,338.0,66.0,129.0,0.512,12.0,43.0,0.279,54.0,86.0,0.628,0.558,32.0,41.0,0.78,8.0,49.0,57.0,22.0,10.0,8.0,17.0,33.0,176.0,0.0,,2026,2025-26
96.0,Wendell Carter Jr.,26.0,ORL,C,14.0,14.0,419.0,58.0,110.0,0.527,18.0,40.0,0.45,40.0,70.0,0.571,0.609,40.0,51.0,0.784,42.0,61.0,103.0,25.0,9.0,13.0,30.0,57.0,174.0,0.0,,2026,2025-26
97.0,Dennis Schröder,32.0,SAC,PG,14.0,12.0,426.0,65.0,162.0,0.401,22.0,64.0,0.344,43.0,98.0,0.439,0.469,20.0,26.0,0.769,4.0,47.0,51.0,83.0,15.0,3.0,27.0,26.0,172.0,0.0,,2026,2025-26
98.0,Moses Moody,23.0,GSW,SG,13.0,5.0,315.0,53.0,120.0,0.442,39.0,86.0,0.453,14.0,34.0,0.412,0.604,26.0,31.0,0.839,6.0,30.0,36.0,19.0,12.0,11.0,15.0,23.0,171.0,0.0,,2026,2025-26
99.0,D'Angelo Russell,29.0,DAL,PG,14.0,3.0,308.0,58.0,152.0,0.382,17.0,70.0,0.243,41.0,82.0,0.5,0.438,38.0,54.0,0.704,6.0,34.0,40.0,69.0,8.0,2.0,31.0,18.0,171.0,0.0,,2026,2025-26
100.0,Cam Thomas,24.0,BRK,SG,8.0,8.0,226.0,53.0,132.0,0.402,16.0,45.0,0.356,37.0,87.0,0.425,0.462,49.0,56.0,0.875,3.0,8.0,11.0,21.0,4.0,1.0,16.0,15.0,171.0,0.0,,2026,2025-26
101.0,Aaron Nesmith,26.0,IND,SF,11.0,11.0,335.0,54.0,147.0,0.367,31.0,83.0,0.373,23.0,64.0,0.359,0.473,31.0,39.0,0.795,17.0,32.0,49.0,17.0,9.0,3.0,8.0,27.0,170.0,0.0,,2026,2025-26
102.0,Myles Turner,29.0,MIL,C,14.0,14.0,412.0,59.0,134.0,0.44,32.0,78.0,0.41,27.0,56.0,0.482,0.56,20.0,29.0,0.69,17.0,70.0,87.0,26.0,16.0,25.0,19.0,39.0,170.0,0.0,,2026,2025-26
103.0,Kevin Huerter,27.0,CHI,SF,12.0,3.0,319.0,63.0,127.0,0.496,17.0,56.0,0.304,46.0,71.0,0.648,0.563,24.0,29.0,0.828,9.0,42.0,51.0,35.0,12.0,12.0,20.0,32.0,167.0,0.0,,2026,2025-26
104.0,Tristan Da Silva,24.0,ORL,SF,14.0,2.0,324.0,58.0,119.0,0.487,28.0,69.0,0.406,30.0,50.0,0.6,0.605,19.0,24.0,0.792,13.0,41.0,54.0,14.0,13.0,3.0,12.0,12.0,163.0,0.0,,2026,2025-26
105.0,Duncan Robinson,31.0,DET,SF,13.0,13.0,418.0,54.0,119.0,0.454,39.0,90.0,0.433,15.0,29.0,0.517,0.618,16.0,21.0,0.762,5.0,32.0,37.0,23.0,10.0,5.0,8.0,36.0,163.0,0.0,,2026,2025-26
106.0,Saddiq Bey,26.0,NOP,SF,13.0,7.0,358.0,57.0,133.0,0.429,28.0,70.0,0.4,29.0,63.0,0.46,0.534,19.0,27.0,0.704,23.0,39.0,62.0,26.0,10.0,0.0,9.0,13.0,161.0,0.0,,2026,2025-26
107.0,Naji Marshall,28.0,DAL,SF,14.0,1.0,371.0,51.0,108.0,0.472,11.0,38.0,0.289,40.0,70.0,0.571,0.523,48.0,59.0,0.814,12.0,57.0,69.0,34.0,18.0,0.0,13.0,31.0,161.0,0.0,,2026,2025-26
108.0,Royce O'Neale,32.0,PHO,SF,14.0,10.0,413.0,56.0,126.0,0.444,45.0,103.0,0.437,11.0,23.0,0.478,0.623,4.0,6.0,0.667,15.0,62.0,77.0,43.0,17.0,2.0,21.0,36.0,161.0,0.0,,2026,2025-26
109.0,Toumani Camara,25.0,POR,PF,13.0,13.0,450.0,59.0,144.0,0.41,27.0,86.0,0.314,32.0,58.0,0.552,0.503,15.0,21.0,0.714,25.0,43.0,68.0,38.0,14.0,6.0,26.0,41.0,160.0,0.0,,2026,2025-26
110.0,Bam Adebayo,28.0,MIA,C,8.0,8.0,243.0,56.0,124.0,0.452,16.0,47.0,0.34,40.0,77.0,0.519,0.516,31.0,36.0,0.861,8.0,57.0,65.0,23.0,8.0,2.0,16.0,13.0,159.0,0.0,,2026,2025-26
111.0,Jabari Smith Jr.,22.0,HOU,PF,11.0,11.0,363.0,59.0,129.0,0.457,22.0,59.0,0.373,37.0,70.0,0.529,0.543,19.0,23.0,0.826,13.0,57.0,70.0,18.0,9.0,9.0,11.0,30.0,159.0,0.0,,2026,2025-26
112.0,Harrison Barnes,33.0,SAS,PF,13.0,13.0,386.0,52.0,96.0,0.542,32.0,66.0,0.485,20.0,30.0,0.667,0.708,21.0,23.0,0.913,8.0,28.0,36.0,27.0,14.0,4.0,19.0,24.0,157.0,0.0,,2026,2025-26
113.0,LaMelo Ball,24.0,CHO,PG,7.0,7.0,227.0,54.0,129.0,0.419,22.0,66.0,0.333,32.0,63.0,0.508,0.504,26.0,32.0,0.813,9.0,41.0,50.0,69.0,10.0,1.0,24.0,24.0,156.0,1.0,,2026,2025-26
114.0,John Collins,28.0,LAC,PF,13.0,4.0,328.0,62.0,121.0,0.512,12.0,36.0,0.333,50.0,85.0,0.588,0.562,20.0,26.0,0.769,18.0,42.0,60.0,9.0,12.0,7.0,26.0,28.0,156.0,0.0,,2026,2025-26
115.0,Kristaps Porziņģis,30.0,ATL,C,9.0,9.0,232.0,49.0,114.0,0.43,14.0,45.0,0.311,35.0,69.0,0.507,0.491,44.0,51.0,0.863,17.0,34.0,51.0,33.0,5.0,14.0,10.0,27.0,156.0,0.0,,2026,2025-26
116.0,Anthony Black,22.0,ORL,PG,14.0,3.0,370.0,57.0,123.0,0.463,15.0,49.0,0.306,42.0,74.0,0.568,0.524,26.0,38.0,0.684,7.0,35.0,42.0,34.0,16.0,10.0,30.0,35.0,155.0,0.0,,2026,2025-26
117.0,Zaccharie Risacher,20.0,ATL,SF,12.0,12.0,297.0,61.0,128.0,0.477,20.0,58.0,0.345,41.0,70.0,0.586,0.555,13.0,19.0,0.684,7.0,25.0,32.0,18.0,14.0,7.0,10.0,21.0,155.0,0.0,,2026,2025-26
118.0,Ayo Dosunmu,26.0,CHI,SG,10.0,0.0,254.0,54.0,103.0,0.524,19.0,41.0,0.463,35.0,62.0,0.565,0.617,25.0,27.0,0.926,3.0,21.0,24.0,32.0,7.0,1.0,13.0,18.0,152.0,0.0,,2026,2025-26
119.0,A.J. Green,26.0,MIL,SG,14.0,14.0,382.0,47.0,96.0,0.49,42.0,89.0,0.472,5.0,7.0,0.714,0.708,15.0,19.0,0.789,1.0,33.0,34.0,24.0,5.0,1.0,11.0,45.0,151.0,0.0,,2026,2025-26
120.0,Reed Sheppard,21.0,HOU,PG,12.0,0.0,275.0,56.0,114.0,0.491,33.0,69.0,0.478,23.0,45.0,0.511,0.636,6.0,9.0,0.667,3.0,29.0,32.0,37.0,19.0,4.0,15.0,24.0,151.0,0.0,,2026,2025-26
121.0,Naz Reid,26.0,MIN,C,13.0,0.0,316.0,57.0,130.0,0.438,24.0,69.0,0.348,33.0,61.0,0.541,0.531,12.0,19.0,0.632,16.0,57.0,73.0,27.0,13.0,12.0,18.0,37.0,150.0,0.0,,2026,2025-26
122.0,Tre Johnson,19.0,WAS,SG,13.0,4.0,327.0,56.0,132.0,0.424,25.0,67.0,0.373,31.0,65.0,0.477,0.519,12.0,14.0,0.857,7.0,35.0,42.0,18.0,4.0,6.0,20.0,25.0,149.0,0.0,,2026,2025-26
123.0,Simone Fontecchio,30.0,MIA,SF,13.0,0.0,246.0,48.0,96.0,0.5,33.0,67.0,0.493,15.0,29.0,0.517,0.672,18.0,21.0,0.857,7.0,26.0,33.0,13.0,6.0,3.0,12.0,29.0,147.0,0.0,,2026,2025-26
124.0,Sam Merrill,29.0,CLE,SG,11.0,7.0,283.0,47.0,106.0,0.443,38.0,90.0,0.422,9.0,16.0,0.563,0.623,15.0,16.0,0.938,8.0,12.0,20.0,27.0,6.0,2.0,9.0,34.0,147.0,0.0,,2026,2025-26
125.0,Tre Jones,26.0,CHI,PG,11.0,11.0,329.0,48.0,97.0,0.495,6.0,17.0,0.353,42.0,80.0,0.525,0.526,44.0,52.0,0.846,9.0,35.0,44.0,60.0,23.0,2.0,18.0,22.0,146.0,0.0,,2026,2025-26
126.0,Kawhi Leonard,34.0,LAC,SF,6.0,6.0,201.0,53.0,105.0,0.505,14.0,35.0,0.4,39.0,70.0,0.557,0.571,26.0,27.0,0.963,5.0,29.0,34.0,21.0,15.0,4.0,11.0,7.0,146.0,0.0,,2026,2025-26
127.0,Tim Hardaway Jr.,33.0,DEN,SG,12.0,1.0,280.0,47.0,98.0,0.48,33.0,67.0,0.493,14.0,31.0,0.452,0.648,17.0,18.0,0.944,3.0,20.0,23.0,19.0,5.0,1.0,3.0,16.0,144.0,0.0,,2026,2025-26
128.0,Keldon Johnson,26.0,SAS,SF,13.0,0.0,301.0,58.0,104.0,0.558,7.0,28.0,0.25,51.0,76.0,0.671,0.591,21.0,26.0,0.808,31.0,49.0,80.0,22.0,10.0,1.0,9.0,25.0,144.0,0.0,,2026,2025-26
129.0,Jock Landale,30.0,MEM,C,14.0,13.0,342.0,56.0,103.0,0.544,16.0,35.0,0.457,40.0,68.0,0.588,0.621,16.0,23.0,0.696,31.0,45.0,76.0,24.0,9.0,6.0,16.0,42.0,144.0,0.0,,2026,2025-26
130.0,Malik Monk,27.0,SAC,SG,11.0,0.0,267.0,52.0,114.0,0.456,22.0,50.0,0.44,30.0,64.0,0.469,0.553,18.0,20.0,0.9,3.0,14.0,17.0,23.0,10.0,5.0,11.0,19.0,144.0,0.0,,2026,2025-26
131.0,Jake LaRavia,24.0,LAL,PF,14.0,6.0,403.0,52.0,109.0,0.477,15.0,45.0,0.333,37.0,64.0,0.578,0.546,24.0,36.0,0.667,19.0,44.0,63.0,33.0,21.0,4.0,18.0,36.0,143.0,0.0,,2026,2025-26
132.0,Gary Trent Jr.,27.0,MIL,SG,14.0,12.0,384.0,48.0,123.0,0.39,32.0,86.0,0.372,16.0,37.0,0.432,0.52,13.0,18.0,0.722,1.0,21.0,22.0,30.0,15.0,1.0,9.0,30.0,141.0,0.0,,2026,2025-26
133.0,Kel'el Ware,21.0,MIA,C,13.0,10.0,312.0,55.0,105.0,0.524,13.0,35.0,0.371,42.0,70.0,0.6,0.586,18.0,24.0,0.75,34.0,86.0,120.0,9.0,13.0,18.0,13.0,25.0,141.0,0.0,,2026,2025-26
134.0,Collin Gillespie,26.0,PHO,PG,14.0,0.0,337.0,47.0,122.0,0.385,32.0,83.0,0.386,15.0,39.0,0.385,0.516,13.0,17.0,0.765,15.0,43.0,58.0,71.0,14.0,6.0,20.0,18.0,139.0,0.0,,2026,2025-26
135.0,Ausar Thompson,23.0,DET,SF,10.0,10.0,291.0,58.0,115.0,0.504,4.0,13.0,0.308,54.0,102.0,0.529,0.522,19.0,39.0,0.487,20.0,46.0,66.0,34.0,18.0,7.0,14.0,29.0,139.0,0.0,,2026,2025-26
136.0,Tre Mann,24.0,CHO,PG,13.0,1.0,295.0,52.0,145.0,0.359,22.0,71.0,0.31,30.0,74.0,0.405,0.434,12.0,13.0,0.923,10.0,33.0,43.0,43.0,8.0,2.0,27.0,30.0,138.0,0.0,,2026,2025-26
137.0,Mark Williams,24.0,PHO,C,12.0,9.0,305.0,54.0,88.0,0.614,0.0,0.0,,54.0,88.0,0.614,0.614,29.0,37.0,0.784,34.0,67.0,101.0,11.0,15.0,11.0,10.0,34.0,137.0,0.0,,2026,2025-26
138.0,Moussa Diabaté,24.0,CHO,C,13.0,1.0,300.0,50.0,75.0,0.667,0.0,0.0,,50.0,75.0,0.667,0.667,36.0,51.0,0.706,53.0,51.0,104.0,13.0,9.0,17.0,10.0,33.0,136.0,0.0,,2026,2025-26
139.0,Derrick Jones Jr.,28.0,LAC,SF,13.0,13.0,324.0,49.0,92.0,0.533,16.0,46.0,0.348,33.0,46.0,0.717,0.62,22.0,28.0,0.786,11.0,20.0,31.0,14.0,11.0,15.0,10.0,26.0,136.0,0.0,,2026,2025-26
140.0,Derik Queen,21.0,NOP,C,13.0,1.0,290.0,51.0,105.0,0.486,1.0,10.0,0.1,50.0,95.0,0.526,0.49,33.0,43.0,0.767,21.0,58.0,79.0,34.0,12.0,9.0,26.0,39.0,136.0,0.0,,2026,2025-26
141.0,Rudy Gobert,33.0,MIN,C,13.0,13.0,410.0,58.0,76.0,0.763,0.0,0.0,,58.0,76.0,0.763,0.763,19.0,39.0,0.487,37.0,88.0,125.0,17.0,6.0,24.0,22.0,40.0,135.0,0.0,,2026,2025-26
142.0,Bobby Portis,30.0,MIL,PF,14.0,0.0,286.0,55.0,117.0,0.47,19.0,44.0,0.432,36.0,73.0,0.493,0.551,6.0,8.0,0.75,17.0,60.0,77.0,17.0,4.0,1.0,18.0,25.0,135.0,0.0,,2026,2025-26
143.0,Isaiah Joe,26.0,OKC,SG,9.0,0.0,232.0,40.0,93.0,0.43,30.0,74.0,0.405,10.0,19.0,0.526,0.591,23.0,26.0,0.885,6.0,24.0,30.0,12.0,7.0,1.0,10.0,18.0,133.0,0.0,,2026,2025-26
144.0,Jaylen Wells,22.0,MEM,SG,14.0,14.0,354.0,49.0,134.0,0.366,21.0,74.0,0.284,28.0,60.0,0.467,0.444,14.0,21.0,0.667,17.0,33.0,50.0,21.0,8.0,0.0,12.0,29.0,133.0,0.0,,2026,2025-26
145.0,Aaron Wiggins,27.0,OKC,SG,9.0,5.0,248.0,51.0,111.0,0.459,25.0,60.0,0.417,26.0,51.0,0.51,0.572,6.0,9.0,0.667,9.0,24.0,33.0,20.0,4.0,7.0,9.0,20.0,133.0,0.0,,2026,2025-26
146.0,Jarace Walker,22.0,IND,PF,13.0,8.0,379.0,43.0,147.0,0.293,18.0,70.0,0.257,25.0,77.0,0.325,0.354,28.0,34.0,0.824,9.0,61.0,70.0,41.0,7.0,7.0,29.0,27.0,132.0,0.0,,2026,2025-26
147.0,Herbert Jones,27.0,NOP,SF,13.0,13.0,397.0,48.0,115.0,0.417,22.0,59.0,0.373,26.0,56.0,0.464,0.513,13.0,19.0,0.684,12.0,35.0,47.0,31.0,18.0,3.0,21.0,45.0,131.0,0.0,,2026,2025-26
148.0,Davion Mitchell,27.0,MIA,PG,13.0,13.0,398.0,52.0,105.0,0.495,15.0,39.0,0.385,37.0,66.0,0.561,0.567,11.0,19.0,0.579,6.0,31.0,37.0,99.0,19.0,1.0,22.0,41.0,130.0,0.0,,2026,2025-26
149.0,Neemias Queta,26.0,BOS,C,14.0,14.0,344.0,57.0,93.0,0.613,0.0,3.0,0.0,57.0,90.0,0.633,0.613,16.0,27.0,0.593,44.0,70.0,114.0,24.0,11.0,19.0,13.0,44.0,130.0,0.0,,2026,2025-26
150.0,Pelle Larsson,24.0,MIA,SG,13.0,10.0,279.0,46.0,84.0,0.548,15.0,40.0,0.375,31.0,44.0,0.705,0.637,22.0,27.0,0.815,5.0,26.0,31.0,35.0,6.0,2.0,15.0,25.0,129.0,0.0,,2026,2025-26
151.0,Terance Mann,29.0,BRK,SG,13.0,13.0,352.0,48.0,101.0,0.475,15.0,40.0,0.375,33.0,61.0,0.541,0.55,18.0,21.0,0.857,20.0,20.0,40.0,41.0,11.0,3.0,11.0,42.0,129.0,0.0,,2026,2025-26
152.0,Julian Champagnie,24.0,SAS,SF,13.0,8.0,357.0,39.0,94.0,0.415,27.0,72.0,0.375,12.0,22.0,0.545,0.559,22.0,29.0,0.759,10.0,50.0,60.0,16.0,15.0,4.0,17.0,16.0,127.0,0.0,,2026,2025-26
153.0,Brandon Williams,26.0,DAL,PG,12.0,4.0,247.0,46.0,103.0,0.447,4.0,28.0,0.143,42.0,75.0,0.56,0.466,31.0,41.0,0.756,6.0,23.0,29.0,40.0,21.0,1.0,22.0,19.0,127.0,0.0,,2026,2025-26
154.0,Tari Eason,24.0,HOU,PF,11.0,1.0,255.0,47.0,95.0,0.495,27.0,53.0,0.509,20.0,42.0,0.476,0.637,5.0,7.0,0.714,16.0,41.0,57.0,18.0,9.0,5.0,19.0,18.0,126.0,0.0,,2026,2025-26
155.0,Christian Braun,24.0,DEN,SG,11.0,11.0,325.0,48.0,97.0,0.495,6.0,28.0,0.214,42.0,69.0,0.609,0.526,23.0,29.0,0.793,18.0,30.0,48.0,33.0,9.0,3.0,14.0,24.0,125.0,0.0,,2026,2025-26
156.0,Jalen Suggs,24.0,ORL,PG,10.0,10.0,221.0,42.0,78.0,0.538,18.0,45.0,0.4,24.0,33.0,0.727,0.654,23.0,26.0,0.885,7.0,32.0,39.0,44.0,16.0,3.0,30.0,35.0,125.0,0.0,,2026,2025-26
157.0,Klay Thompson,35.0,DAL,SF,13.0,7.0,281.0,44.0,130.0,0.338,31.0,97.0,0.32,13.0,33.0,0.394,0.458,6.0,6.0,1.0,3.0,33.0,36.0,25.0,3.0,5.0,15.0,10.0,125.0,0.0,,2026,2025-26
158.0,Jordan Clarkson,33.0,NYK,SG,12.0,0.0,207.0,43.0,92.0,0.467,19.0,49.0,0.388,24.0,43.0,0.558,0.571,19.0,22.0,0.864,11.0,10.0,21.0,19.0,4.0,2.0,11.0,23.0,124.0,0.0,,2026,2025-26
159.0,Noah Clowney,21.0,BRK,PF,13.0,7.0,326.0,34.0,98.0,0.347,22.0,74.0,0.297,12.0,24.0,0.5,0.459,33.0,44.0,0.75,10.0,41.0,51.0,23.0,8.0,5.0,21.0,26.0,123.0,0.0,,2026,2025-26
160.0,Svi Mykhailiuk,28.0,UTA,SF,13.0,13.0,353.0,46.0,98.0,0.469,26.0,70.0,0.371,20.0,28.0,0.714,0.602,5.0,6.0,0.833,10.0,23.0,33.0,27.0,7.0,3.0,9.0,18.0,123.0,0.0,,2026,2025-26
161.0,Dyson Daniels,22.0,ATL,SG,14.0,14.0,459.0,53.0,113.0,0.469,3.0,13.0,0.231,50.0,100.0,0.5,0.482,13.0,21.0,0.619,23.0,57.0,80.0,82.0,32.0,6.0,29.0,36.0,122.0,0.0,,2026,2025-26
162.0,Ryan Kalkbrenner,24.0,CHO,C,12.0,12.0,318.0,54.0,66.0,0.818,0.0,1.0,0.0,54.0,65.0,0.831,0.818,14.0,17.0,0.824,41.0,41.0,82.0,5.0,12.0,27.0,20.0,27.0,122.0,0.0,,2026,2025-26
163.0,Will Richard,23.0,GSW,SG,13.0,4.0,237.0,43.0,76.0,0.566,18.0,44.0,0.409,25.0,32.0,0.781,0.684,18.0,23.0,0.783,16.0,16.0,32.0,17.0,14.0,1.0,10.0,28.0,122.0,0.0,,2026,2025-26
164.0,Cam Spencer,25.0,MEM,SG,14.0,1.0,262.0,36.0,86.0,0.419,27.0,60.0,0.45,9.0,26.0,0.346,0.576,23.0,26.0,0.885,2.0,26.0,28.0,42.0,10.0,1.0,12.0,20.0,122.0,0.0,,2026,2025-26
165.0,Jaylon Tyson,23.0,CLE,SG,11.0,7.0,284.0,44.0,90.0,0.489,24.0,52.0,0.462,20.0,38.0,0.526,0.622,10.0,13.0,0.769,15.0,29.0,44.0,20.0,14.0,9.0,11.0,42.0,122.0,0.0,,2026,2025-26
166.0,Ryan Dunn,23.0,PHO,SF,14.0,9.0,334.0,49.0,102.0,0.48,14.0,44.0,0.318,35.0,58.0,0.603,0.549,9.0,13.0,0.692,29.0,42.0,71.0,25.0,15.0,10.0,14.0,34.0,121.0,0.0,,2026,2025-26
167.0,Jordan Poole,26.0,NOP,PG,7.0,4.0,212.0,35.0,99.0,0.354,20.0,59.0,0.339,15.0,40.0,0.375,0.455,31.0,32.0,0.969,3.0,9.0,12.0,24.0,2.0,2.0,15.0,18.0,121.0,0.0,,2026,2025-26
168.0,Ron Holland,20.0,DET,SF,13.0,4.0,309.0,44.0,114.0,0.386,13.0,45.0,0.289,31.0,69.0,0.449,0.443,19.0,22.0,0.864,12.0,38.0,50.0,24.0,23.0,3.0,24.0,39.0,120.0,0.0,,2026,2025-26
169.0,Landry Shamet,28.0,NYK,SG,12.0,3.0,249.0,37.0,76.0,0.487,25.0,56.0,0.446,12.0,20.0,0.6,0.651,21.0,25.0,0.84,6.0,18.0,24.0,11.0,5.0,1.0,6.0,15.0,120.0,0.0,,2026,2025-26
170.0,Cole Anthony,25.0,MIL,PG,13.0,0.0,253.0,50.0,116.0,0.431,11.0,37.0,0.297,39.0,79.0,0.494,0.478,8.0,15.0,0.533,8.0,37.0,45.0,65.0,10.0,5.0,27.0,37.0,119.0,0.0,,2026,2025-26
171.0,Joel Embiid,31.0,PHI,C,6.0,6.0,140.0,40.0,87.0,0.46,9.0,28.0,0.321,31.0,59.0,0.525,0.511,29.0,35.0,0.829,9.0,24.0,33.0,20.0,5.0,9.0,16.0,13.0,118.0,0.0,,2026,2025-26
172.0,Nikola Jović,22.0,MIA,PF,13.0,1.0,284.0,39.0,95.0,0.411,14.0,47.0,0.298,25.0,48.0,0.521,0.484,26.0,35.0,0.743,10.0,50.0,60.0,41.0,9.0,6.0,25.0,34.0,118.0,0.0,,2026,2025-26
173.0,Jalen Smith,25.0,CHI,C,12.0,0.0,190.0,43.0,89.0,0.483,19.0,49.0,0.388,24.0,40.0,0.6,0.59,12.0,18.0,0.667,25.0,49.0,74.0,16.0,2.0,4.0,12.0,25.0,117.0,0.0,,2026,2025-26
174.0,Cam Whitmore,21.0,WAS,SF,13.0,0.0,221.0,45.0,99.0,0.455,11.0,34.0,0.324,34.0,65.0,0.523,0.51,15.0,20.0,0.75,8.0,22.0,30.0,8.0,11.0,2.0,13.0,17.0,116.0,0.0,,2026,2025-26
175.0,Donovan Clingan,21.0,POR,C,13.0,13.0,326.0,46.0,96.0,0.479,8.0,40.0,0.2,38.0,56.0,0.679,0.521,15.0,16.0,0.938,58.0,59.0,117.0,15.0,9.0,18.0,9.0,36.0,115.0,0.0,,2026,2025-26
176.0,Sandro Mamukelashvili,26.0,TOR,C,12.0,0.0,217.0,41.0,69.0,0.594,13.0,29.0,0.448,28.0,40.0,0.7,0.688,20.0,25.0,0.8,12.0,31.0,43.0,23.0,6.0,5.0,11.0,20.0,115.0,0.0,,2026,2025-26
177.0,Zion Williamson,25.0,NOP,PF,5.0,5.0,157.0,38.0,78.0,0.487,0.0,0.0,,38.0,78.0,0.487,0.487,38.0,57.0,0.667,16.0,18.0,34.0,23.0,10.0,1.0,17.0,12.0,114.0,0.0,,2026,2025-26
178.0,Marcus Smart,31.0,LAL,SG,11.0,9.0,321.0,35.0,87.0,0.402,12.0,52.0,0.231,23.0,35.0,0.657,0.471,30.0,32.0,0.938,6.0,20.0,26.0,37.0,24.0,2.0,26.0,33.0,112.0,0.0,,2026,2025-26
179.0,Kentavious Caldwell-Pope,32.0,MEM,SG,14.0,13.0,327.0,36.0,101.0,0.356,14.0,47.0,0.298,22.0,54.0,0.407,0.426,25.0,28.0,0.893,5.0,31.0,36.0,43.0,11.0,4.0,16.0,18.0,111.0,0.0,,2026,2025-26
180.0,Vit Krejci,25.0,ATL,PG,10.0,0.0,211.0,39.0,72.0,0.542,26.0,54.0,0.481,13.0,18.0,0.722,0.722,7.0,10.0,0.7,3.0,21.0,24.0,18.0,5.0,3.0,6.0,25.0,111.0,0.0,,2026,2025-26
181.0,Cason Wallace,22.0,OKC,SG,13.0,13.0,378.0,40.0,96.0,0.417,21.0,55.0,0.382,19.0,41.0,0.463,0.526,10.0,11.0,0.909,11.0,30.0,41.0,36.0,30.0,4.0,14.0,31.0,111.0,0.0,,2026,2025-26
182.0,De'Aaron Fox,28.0,SAS,PG,5.0,5.0,171.0,43.0,84.0,0.512,12.0,32.0,0.375,31.0,52.0,0.596,0.583,12.0,13.0,0.923,7.0,11.0,18.0,34.0,5.0,1.0,20.0,13.0,110.0,0.0,,2026,2025-26
183.0,Isaiah Stewart,24.0,DET,C,10.0,3.0,230.0,42.0,85.0,0.494,12.0,31.0,0.387,30.0,54.0,0.556,0.565,14.0,21.0,0.667,23.0,44.0,67.0,15.0,2.0,19.0,10.0,29.0,110.0,0.0,,2026,2025-26
184.0,Ziaire Williams,24.0,BRK,SF,11.0,0.0,251.0,34.0,86.0,0.395,20.0,64.0,0.313,14.0,22.0,0.636,0.512,22.0,26.0,0.846,8.0,20.0,28.0,5.0,10.0,5.0,9.0,28.0,110.0,0.0,,2026,2025-26
185.0,Ace Bailey,19.0,UTA,SF,13.0,4.0,261.0,41.0,99.0,0.414,13.0,40.0,0.325,28.0,59.0,0.475,0.48,14.0,17.0,0.824,26.0,21.0,47.0,20.0,8.0,2.0,18.0,32.0,109.0,0.0,,2026,2025-26
186.0,Brice Sensabaugh,22.0,UTA,SF,12.0,0.0,174.0,37.0,81.0,0.457,21.0,58.0,0.362,16.0,23.0,0.696,0.586,14.0,15.0,0.933,6.0,27.0,33.0,13.0,6.0,1.0,10.0,18.0,109.0,0.0,,2026,2025-26
187.0,Andrew Nembhard,26.0,IND,PG,6.0,6.0,168.0,33.0,83.0,0.398,12.0,37.0,0.324,21.0,46.0,0.457,0.47,30.0,31.0,0.968,1.0,10.0,11.0,39.0,2.0,1.0,12.0,15.0,108.0,0.0,,2026,2025-26
188.0,Draymond Green,35.0,GSW,PF,14.0,14.0,394.0,38.0,102.0,0.373,21.0,59.0,0.356,17.0,43.0,0.395,0.475,10.0,17.0,0.588,13.0,68.0,81.0,80.0,11.0,10.0,45.0,52.0,107.0,0.0,,2026,2025-26
189.0,Sion James,23.0,CHO,SG,13.0,8.0,349.0,35.0,72.0,0.486,20.0,41.0,0.488,15.0,31.0,0.484,0.625,16.0,19.0,0.842,5.0,34.0,39.0,19.0,10.0,4.0,12.0,21.0,106.0,0.0,,2026,2025-26
190.0,Isaiah Jackson,24.0,IND,C,13.0,9.0,242.0,41.0,74.0,0.554,0.0,0.0,,41.0,74.0,0.554,0.554,23.0,28.0,0.821,31.0,48.0,79.0,12.0,8.0,4.0,15.0,41.0,105.0,0.0,,2026,2025-26
191.0,Anthony Davis,32.0,DAL,PF,5.0,5.0,149.0,39.0,75.0,0.52,3.0,11.0,0.273,36.0,64.0,0.563,0.54,23.0,31.0,0.742,17.0,34.0,51.0,11.0,8.0,6.0,11.0,13.0,104.0,0.0,,2026,2025-26
192.0,Buddy Hield,33.0,GSW,SG,15.0,0.0,252.0,37.0,87.0,0.425,18.0,56.0,0.321,19.0,31.0,0.613,0.529,12.0,13.0,0.923,5.0,19.0,24.0,24.0,13.0,0.0,15.0,19.0,104.0,0.0,,2026,2025-26
193.0,Corey Kispert,26.0,WAS,SF,13.0,0.0,247.0,36.0,72.0,0.5,18.0,47.0,0.383,18.0,25.0,0.72,0.625,14.0,19.0,0.737,4.0,26.0,30.0,21.0,3.0,2.0,9.0,17.0,104.0,0.0,,2026,2025-26
194.0,Jonas Valančiūnas,33.0,DEN,C,12.0,0.0,151.0,40.0,72.0,0.556,2.0,6.0,0.333,38.0,66.0,0.576,0.569,22.0,31.0,0.71,20.0,39.0,59.0,15.0,1.0,9.0,12.0,24.0,104.0,0.0,,2026,2025-26
195.0,Kyle Filipowski,22.0,UTA,C,13.0,5.0,258.0,35.0,85.0,0.412,11.0,35.0,0.314,24.0,50.0,0.48,0.476,20.0,29.0,0.69,20.0,53.0,73.0,30.0,5.0,7.0,16.0,36.0,101.0,0.0,,2026,2025-26
196.0,Luke Kennard,29.0,ATL,SG,12.0,0.0,274.0,35.0,72.0,0.486,18.0,42.0,0.429,17.0,30.0,0.567,0.611,12.0,13.0,0.923,8.0,19.0,27.0,21.0,12.0,1.0,15.0,15.0,100.0,0.0,,2026,2025-26
197.0,Jakob Poeltl,30.0,TOR,C,9.0,9.0,222.0,41.0,58.0,0.707,0.0,0.0,,41.0,58.0,0.707,0.707,18.0,33.0,0.545,27.0,39.0,66.0,16.0,6.0,6.0,11.0,33.0,100.0,0.0,,2026,2025-26
198.0,Keon Ellis,26.0,SAC,SG,14.0,2.0,263.0,34.0,75.0,0.453,24.0,54.0,0.444,10.0,21.0,0.476,0.613,7.0,10.0,0.7,4.0,17.0,21.0,9.0,20.0,4.0,6.0,33.0,99.0,0.0,,2026,2025-26
199.0,Dalton Knecht,24.0,LAL,SF,13.0,1.0,246.0,39.0,84.0,0.464,15.0,46.0,0.326,24.0,38.0,0.632,0.554,6.0,9.0,0.667,8.0,23.0,31.0,8.0,7.0,6.0,8.0,19.0,99.0,0.0,,2026,2025-26
200.0,Khris Middleton,34.0,WAS,SF,10.0,10.0,248.0,38.0,80.0,0.475,9.0,28.0,0.321,29.0,52.0,0.558,0.531,14.0,19.0,0.737,13.0,26.0,39.0,24.0,9.0,2.0,16.0,33.0,99.0,0.0,,2026,2025-26
201.0,Isaac Okoro,25.0,CHI,SG,12.0,12.0,310.0,35.0,79.0,0.443,14.0,37.0,0.378,21.0,42.0,0.5,0.532,15.0,17.0,0.882,15.0,21.0,36.0,23.0,6.0,9.0,15.0,40.0,99.0,0.0,,2026,2025-26
202.0,Gradey Dick,22.0,TOR,SG,13.0,0.0,215.0,31.0,74.0,0.419,15.0,44.0,0.341,16.0,30.0,0.533,0.52,21.0,26.0,0.808,5.0,25.0,30.0,7.0,7.0,0.0,5.0,10.0,98.0,0.0,,2026,2025-26
203.0,Josh Minott,23.0,BOS,PF,13.0,9.0,263.0,35.0,76.0,0.461,13.0,39.0,0.333,22.0,37.0,0.595,0.546,14.0,17.0,0.824,25.0,44.0,69.0,19.0,14.0,5.0,9.0,29.0,97.0,0.0,,2026,2025-26
204.0,Patrick Williams,24.0,CHI,PF,12.0,0.0,267.0,33.0,74.0,0.446,19.0,45.0,0.422,14.0,29.0,0.483,0.574,12.0,18.0,0.667,8.0,27.0,35.0,18.0,14.0,5.0,14.0,20.0,97.0,0.0,,2026,2025-26
205.0,Daniel Gafford,27.0,DAL,C,9.0,9.0,207.0,37.0,56.0,0.661,0.0,0.0,,37.0,56.0,0.661,0.661,22.0,27.0,0.815,20.0,33.0,53.0,10.0,8.0,15.0,10.0,25.0,96.0,0.0,,2026,2025-26
206.0,Josh Hart,30.0,NYK,SF,11.0,0.0,272.0,37.0,80.0,0.463,12.0,34.0,0.353,25.0,46.0,0.543,0.538,10.0,13.0,0.769,18.0,56.0,74.0,47.0,9.0,1.0,19.0,21.0,96.0,1.0,,2026,2025-26
207.0,Josh Okogie,27.0,HOU,SG,12.0,10.0,271.0,31.0,63.0,0.492,16.0,35.0,0.457,15.0,28.0,0.536,0.619,18.0,22.0,0.818,11.0,16.0,27.0,15.0,19.0,2.0,7.0,25.0,96.0,0.0,,2026,2025-26
208.0,Luka Garza,27.0,BOS,C,13.0,0.0,185.0,35.0,61.0,0.574,8.0,21.0,0.381,27.0,40.0,0.675,0.639,17.0,22.0,0.773,32.0,22.0,54.0,11.0,4.0,6.0,5.0,40.0,95.0,0.0,,2026,2025-26
209.0,Tyrese Martin,26.0,BRK,SG,13.0,2.0,275.0,36.0,97.0,0.371,17.0,57.0,0.298,19.0,40.0,0.475,0.459,6.0,9.0,0.667,14.0,27.0,41.0,32.0,7.0,3.0,14.0,13.0,95.0,0.0,,2026,2025-26
210.0,Marvin Bagley III,26.0,WAS,PF,13.0,0.0,190.0,38.0,58.0,0.655,3.0,6.0,0.5,35.0,52.0,0.673,0.681,15.0,21.0,0.714,24.0,31.0,55.0,16.0,6.0,7.0,12.0,27.0,94.0,0.0,,2026,2025-26
211.0,Kris Dunn,31.0,LAC,PG,13.0,7.0,333.0,35.0,75.0,0.467,11.0,31.0,0.355,24.0,44.0,0.545,0.54,13.0,18.0,0.722,11.0,22.0,33.0,29.0,20.0,4.0,19.0,33.0,94.0,0.0,,2026,2025-26
212.0,Jusuf Nurkić,31.0,UTA,C,13.0,8.0,314.0,35.0,94.0,0.372,4.0,24.0,0.167,31.0,70.0,0.443,0.394,20.0,33.0,0.606,29.0,95.0,124.0,47.0,23.0,6.0,35.0,36.0,94.0,0.0,,2026,2025-26
213.0,Jose Alvarado,27.0,NOP,PG,12.0,0.0,235.0,31.0,72.0,0.431,20.0,47.0,0.426,11.0,25.0,0.44,0.569,11.0,13.0,0.846,5.0,24.0,29.0,31.0,11.0,0.0,13.0,17.0,93.0,0.0,,2026,2025-26
214.0,Javonte Green,32.0,DET,SG,13.0,3.0,294.0,29.0,80.0,0.363,13.0,42.0,0.31,16.0,38.0,0.421,0.444,22.0,31.0,0.71,13.0,37.0,50.0,17.0,13.0,7.0,10.0,19.0,93.0,0.0,,2026,2025-26
215.0,Sam Hauser,28.0,BOS,PF,14.0,2.0,301.0,30.0,96.0,0.313,28.0,85.0,0.329,2.0,11.0,0.182,0.458,3.0,4.0,0.75,10.0,35.0,45.0,18.0,7.0,4.0,10.0,14.0,91.0,0.0,,2026,2025-26
216.0,Drew Eubanks,28.0,SAC,C,14.0,3.0,205.0,37.0,56.0,0.661,0.0,1.0,0.0,37.0,55.0,0.673,0.661,15.0,31.0,0.484,9.0,30.0,39.0,4.0,7.0,14.0,13.0,18.0,89.0,0.0,,2026,2025-26
217.0,Collin Murray-Boyles,20.0,TOR,PF,10.0,3.0,204.0,33.0,65.0,0.508,9.0,18.0,0.5,24.0,47.0,0.511,0.577,14.0,19.0,0.737,19.0,18.0,37.0,12.0,8.0,5.0,11.0,25.0,89.0,0.0,,2026,2025-26
218.0,Trae Young,27.0,ATL,PG,5.0,5.0,139.0,26.0,70.0,0.371,5.0,26.0,0.192,21.0,44.0,0.477,0.407,32.0,39.0,0.821,0.0,10.0,10.0,39.0,4.0,1.0,10.0,9.0,89.0,0.0,,2026,2025-26
219.0,Andre Drummond,32.0,PHI,C,11.0,3.0,236.0,35.0,59.0,0.593,6.0,14.0,0.429,29.0,45.0,0.644,0.644,12.0,20.0,0.6,33.0,64.0,97.0,9.0,8.0,10.0,6.0,23.0,88.0,0.0,,2026,2025-26
220.0,Mouhamed Gueye,23.0,ATL,PF,14.0,2.0,231.0,36.0,72.0,0.5,10.0,34.0,0.294,26.0,38.0,0.684,0.569,5.0,10.0,0.5,15.0,38.0,53.0,20.0,6.0,8.0,12.0,27.0,87.0,0.0,,2026,2025-26
221.0,Brook Lopez,37.0,LAC,C,13.0,0.0,199.0,31.0,73.0,0.425,18.0,51.0,0.353,13.0,22.0,0.591,0.548,7.0,10.0,0.7,4.0,26.0,30.0,8.0,5.0,11.0,12.0,22.0,87.0,0.0,,2026,2025-26
222.0,Caris LeVert,31.0,DET,SG,9.0,0.0,181.0,31.0,61.0,0.508,12.0,27.0,0.444,19.0,34.0,0.559,0.607,12.0,19.0,0.632,1.0,11.0,12.0,27.0,6.0,4.0,14.0,12.0,86.0,0.0,,2026,2025-26
223.0,Miles McBride,25.0,NYK,SG,10.0,2.0,228.0,30.0,76.0,0.395,19.0,50.0,0.38,11.0,26.0,0.423,0.52,6.0,9.0,0.667,9.0,16.0,25.0,27.0,9.0,1.0,8.0,15.0,85.0,0.0,,2026,2025-26
224.0,Jamal Shead,23.0,TOR,PG,13.0,0.0,233.0,28.0,65.0,0.431,16.0,37.0,0.432,12.0,28.0,0.429,0.554,13.0,16.0,0.813,5.0,17.0,22.0,66.0,9.0,0.0,15.0,28.0,85.0,0.0,,2026,2025-26
225.0,Ben Sheppard,24.0,IND,SG,13.0,5.0,326.0,31.0,98.0,0.316,13.0,54.0,0.241,18.0,44.0,0.409,0.383,10.0,13.0,0.769,11.0,48.0,59.0,21.0,6.0,2.0,9.0,34.0,85.0,0.0,,2026,2025-26
226.0,Egor Demin,19.0,BRK,PG,12.0,5.0,246.0,28.0,75.0,0.373,20.0,56.0,0.357,8.0,19.0,0.421,0.507,8.0,9.0,0.889,6.0,30.0,36.0,40.0,10.0,2.0,18.0,21.0,84.0,0.0,,2026,2025-26
227.0,Dylan Harper,19.0,SAS,SG,6.0,0.0,140.0,32.0,64.0,0.5,5.0,14.0,0.357,27.0,50.0,0.54,0.539,15.0,18.0,0.833,5.0,19.0,24.0,23.0,4.0,0.0,11.0,18.0,84.0,0.0,,2026,2025-26
228.0,Goga Bitadze,26.0,ORL,C,14.0,0.0,235.0,30.0,43.0,0.698,2.0,6.0,0.333,28.0,37.0,0.757,0.721,21.0,29.0,0.724,23.0,48.0,71.0,16.0,7.0,18.0,7.0,30.0,83.0,0.0,,2026,2025-26
229.0,Bub Carrington,20.0,WAS,PG,13.0,5.0,349.0,28.0,85.0,0.329,17.0,39.0,0.436,11.0,46.0,0.239,0.429,10.0,14.0,0.714,3.0,49.0,52.0,57.0,9.0,2.0,32.0,33.0,83.0,0.0,,2026,2025-26
230.0,Quinten Post,25.0,GSW,PF,15.0,7.0,214.0,30.0,68.0,0.441,18.0,49.0,0.367,12.0,19.0,0.632,0.574,5.0,7.0,0.714,13.0,45.0,58.0,13.0,6.0,9.0,9.0,17.0,83.0,0.0,,2026,2025-26
231.0,Mike Conley,38.0,MIN,PG,13.0,4.0,266.0,24.0,57.0,0.421,18.0,38.0,0.474,6.0,19.0,0.316,0.579,15.0,15.0,1.0,5.0,21.0,26.0,46.0,8.0,3.0,13.0,22.0,81.0,0.0,,2026,2025-26
232.0,Tobias Harris,33.0,DET,PF,6.0,6.0,193.0,28.0,71.0,0.394,8.0,28.0,0.286,20.0,43.0,0.465,0.451,17.0,18.0,0.944,5.0,31.0,36.0,17.0,5.0,1.0,8.0,18.0,81.0,0.0,,2026,2025-26
233.0,Trendon Watford,25.0,PHI,PF,9.0,4.0,194.0,31.0,59.0,0.525,5.0,12.0,0.417,26.0,47.0,0.553,0.568,14.0,19.0,0.737,12.0,31.0,43.0,33.0,3.0,2.0,13.0,23.0,81.0,1.0,,2026,2025-26
234.0,Bruce Brown,29.0,DEN,SG,12.0,0.0,270.0,29.0,68.0,0.426,9.0,21.0,0.429,20.0,47.0,0.426,0.493,13.0,15.0,0.867,14.0,40.0,54.0,16.0,9.0,2.0,10.0,29.0,80.0,0.0,,2026,2025-26
235.0,Cameron Johnson,29.0,DEN,SF,11.0,11.0,269.0,29.0,78.0,0.372,8.0,38.0,0.211,21.0,40.0,0.525,0.423,13.0,16.0,0.813,7.0,22.0,29.0,20.0,6.0,1.0,6.0,25.0,79.0,0.0,,2026,2025-26
236.0,Daniss Jenkins,24.0,DET,PG,8.0,2.0,156.0,30.0,64.0,0.469,11.0,20.0,0.55,19.0,44.0,0.432,0.555,7.0,10.0,0.7,6.0,10.0,16.0,29.0,12.0,0.0,11.0,11.0,78.0,0.0,,2026,2025-26
237.0,Paul Reed,26.0,DET,C,11.0,2.0,141.0,35.0,51.0,0.686,4.0,7.0,0.571,31.0,44.0,0.705,0.725,4.0,8.0,0.5,24.0,29.0,53.0,13.0,12.0,10.0,13.0,20.0,78.0,0.0,,2026,2025-26
238.0,Peyton Watson,23.0,DEN,SF,12.0,2.0,266.0,28.0,64.0,0.438,4.0,18.0,0.222,24.0,46.0,0.522,0.469,18.0,25.0,0.72,14.0,30.0,44.0,16.0,14.0,13.0,12.0,23.0,78.0,0.0,,2026,2025-26
239.0,Craig Porter Jr.,25.0,CLE,PG,14.0,0.0,239.0,30.0,60.0,0.5,11.0,25.0,0.44,19.0,35.0,0.543,0.592,6.0,12.0,0.5,20.0,21.0,41.0,37.0,14.0,8.0,12.0,15.0,77.0,0.0,,2026,2025-26
240.0,Day'Ron Sharpe,24.0,BRK,C,12.0,0.0,189.0,28.0,45.0,0.622,3.0,10.0,0.3,25.0,35.0,0.714,0.656,18.0,27.0,0.667,28.0,35.0,63.0,23.0,10.0,6.0,24.0,29.0,77.0,0.0,,2026,2025-26
241.0,Dru Smith,28.0,MIA,SG,13.0,0.0,217.0,29.0,62.0,0.468,9.0,27.0,0.333,20.0,35.0,0.571,0.54,10.0,12.0,0.833,11.0,14.0,25.0,43.0,20.0,2.0,12.0,24.0,77.0,0.0,,2026,2025-26
242.0,Tony Bradley,28.0,IND,C,13.0,3.0,186.0,32.0,50.0,0.64,0.0,1.0,0.0,32.0,49.0,0.653,0.64,11.0,17.0,0.647,26.0,17.0,43.0,10.0,2.0,3.0,4.0,30.0,75.0,0.0,,2026,2025-26
243.0,Jordan Goodwin,27.0,PHO,PG,11.0,0.0,184.0,27.0,63.0,0.429,13.0,33.0,0.394,14.0,30.0,0.467,0.532,6.0,8.0,0.75,17.0,24.0,41.0,22.0,13.0,1.0,12.0,18.0,73.0,0.0,,2026,2025-26
244.0,Walker Kessler,24.0,UTA,C,5.0,5.0,154.0,26.0,37.0,0.703,6.0,8.0,0.75,20.0,29.0,0.69,0.784,14.0,20.0,0.7,23.0,31.0,54.0,15.0,7.0,9.0,16.0,22.0,72.0,0.0,,2026,2025-26
245.0,Dean Wade,29.0,CLE,PF,13.0,2.0,284.0,24.0,65.0,0.369,15.0,48.0,0.313,9.0,17.0,0.529,0.485,9.0,12.0,0.75,12.0,32.0,44.0,17.0,9.0,7.0,4.0,23.0,72.0,0.0,,2026,2025-26
246.0,Vince Williams Jr.,25.0,MEM,SG,9.0,1.0,174.0,23.0,58.0,0.397,14.0,39.0,0.359,9.0,19.0,0.474,0.517,12.0,14.0,0.857,6.0,32.0,38.0,24.0,7.0,2.0,18.0,18.0,72.0,0.0,,2026,2025-26
247.0,Jay Huff,27.0,IND,C,13.0,2.0,194.0,25.0,68.0,0.368,12.0,46.0,0.261,13.0,22.0,0.591,0.456,9.0,13.0,0.692,14.0,26.0,40.0,10.0,1.0,24.0,8.0,27.0,71.0,0.0,,2026,2025-26
248.0,Lonzo Ball,28.0,CLE,PG,11.0,2.0,253.0,23.0,65.0,0.354,18.0,53.0,0.34,5.0,12.0,0.417,0.492,6.0,8.0,0.75,14.0,30.0,44.0,59.0,11.0,2.0,26.0,20.0,70.0,0.0,,2026,2025-26
249.0,Jaylin Williams,23.0,OKC,PF,13.0,1.0,247.0,24.0,71.0,0.338,17.0,63.0,0.27,7.0,8.0,0.875,0.458,5.0,7.0,0.714,8.0,54.0,62.0,31.0,8.0,8.0,10.0,21.0,70.0,0.0,,2026,2025-26
250.0,Bogdan Bogdanović,33.0,LAC,SG,7.0,2.0,183.0,23.0,57.0,0.404,13.0,35.0,0.371,10.0,22.0,0.455,0.518,9.0,10.0,0.9,2.0,21.0,23.0,22.0,6.0,1.0,12.0,18.0,68.0,0.0,,2026,2025-26
251.0,Walter Clayton,22.0,UTA,PG,11.0,0.0,178.0,22.0,54.0,0.407,10.0,29.0,0.345,12.0,25.0,0.48,0.5,14.0,14.0,1.0,6.0,20.0,26.0,35.0,5.0,3.0,15.0,20.0,68.0,0.0,,2026,2025-26
252.0,Jalen Wilson,25.0,BRK,PF,11.0,0.0,173.0,21.0,53.0,0.396,16.0,36.0,0.444,5.0,17.0,0.294,0.547,10.0,13.0,0.769,2.0,9.0,11.0,7.0,2.0,0.0,8.0,15.0,68.0,0.0,,2026,2025-26
253.0,Steven Adams,32.0,HOU,C,11.0,2.0,239.0,25.0,49.0,0.51,0.0,0.0,,25.0,49.0,0.51,0.51,17.0,23.0,0.739,56.0,47.0,103.0,16.0,8.0,8.0,12.0,24.0,67.0,0.0,,2026,2025-26
254.0,Justin Edwards,22.0,PHI,SF,10.0,1.0,136.0,24.0,47.0,0.511,16.0,34.0,0.471,8.0,13.0,0.615,0.681,3.0,3.0,1.0,5.0,10.0,15.0,9.0,2.0,2.0,5.0,21.0,67.0,0.0,,2026,2025-26
255.0,RayJ Dennis,24.0,IND,PG,11.0,0.0,161.0,22.0,70.0,0.314,12.0,37.0,0.324,10.0,33.0,0.303,0.4,8.0,9.0,0.889,8.0,11.0,19.0,25.0,3.0,4.0,14.0,16.0,64.0,0.0,,2026,2025-26
256.0,Kris Murray,25.0,POR,SF,12.0,0.0,273.0,27.0,56.0,0.482,6.0,19.0,0.316,21.0,37.0,0.568,0.536,4.0,6.0,0.667,15.0,23.0,38.0,13.0,13.0,2.0,7.0,22.0,64.0,0.0,,2026,2025-26
257.0,Jarred Vanderbilt,26.0,LAL,PF,14.0,2.0,257.0,22.0,50.0,0.44,4.0,14.0,0.286,18.0,36.0,0.5,0.48,16.0,19.0,0.842,19.0,59.0,78.0,21.0,14.0,5.0,22.0,27.0,64.0,0.0,,2026,2025-26
258.0,Bennedict Mathurin,23.0,IND,SF,2.0,2.0,73.0,17.0,31.0,0.548,5.0,10.0,0.5,12.0,21.0,0.571,0.629,23.0,26.0,0.885,3.0,11.0,14.0,5.0,0.0,0.0,5.0,6.0,62.0,0.0,,2026,2025-26
259.0,Luke Kornet,30.0,SAS,C,6.0,1.0,138.0,25.0,31.0,0.806,0.0,0.0,,25.0,31.0,0.806,0.806,11.0,16.0,0.688,19.0,20.0,39.0,11.0,0.0,7.0,4.0,12.0,61.0,0.0,,2026,2025-26
260.0,Keaton Wallace,26.0,ATL,PG,13.0,2.0,209.0,23.0,54.0,0.426,13.0,31.0,0.419,10.0,23.0,0.435,0.546,2.0,4.0,0.5,1.0,24.0,25.0,39.0,11.0,2.0,11.0,19.0,61.0,0.0,,2026,2025-26
261.0,Tyrese Proctor,21.0,CLE,PG,12.0,0.0,142.0,21.0,62.0,0.339,12.0,41.0,0.293,9.0,21.0,0.429,0.435,6.0,7.0,0.857,2.0,10.0,12.0,14.0,4.0,0.0,6.0,20.0,60.0,0.0,,2026,2025-26
262.0,Oso Ighodaro,23.0,PHO,PF,14.0,4.0,220.0,26.0,50.0,0.52,0.0,0.0,,26.0,50.0,0.52,0.52,7.0,14.0,0.5,6.0,39.0,45.0,17.0,6.0,10.0,18.0,35.0,59.0,0.0,,2026,2025-26
263.0,Quenton Jackson,27.0,IND,PG,5.0,3.0,101.0,20.0,37.0,0.541,6.0,12.0,0.5,14.0,25.0,0.56,0.622,13.0,18.0,0.722,5.0,12.0,17.0,18.0,5.0,1.0,6.0,10.0,59.0,0.0,,2026,2025-26
264.0,Alex Caruso,31.0,OKC,SG,10.0,0.0,183.0,20.0,52.0,0.385,13.0,35.0,0.371,7.0,17.0,0.412,0.51,5.0,6.0,0.833,2.0,19.0,21.0,24.0,19.0,3.0,9.0,7.0,58.0,0.0,,2026,2025-26
265.0,Nick Richards,28.0,PHO,C,14.0,1.0,145.0,20.0,36.0,0.556,0.0,0.0,,20.0,36.0,0.556,0.556,18.0,25.0,0.72,18.0,31.0,49.0,5.0,2.0,7.0,13.0,21.0,58.0,0.0,,2026,2025-26
266.0,Jaxson Hayes,25.0,LAL,C,11.0,1.0,185.0,24.0,35.0,0.686,1.0,1.0,1.0,23.0,34.0,0.676,0.7,7.0,11.0,0.636,13.0,33.0,46.0,13.0,4.0,5.0,6.0,17.0,56.0,0.0,,2026,2025-26
267.0,Jaylen Clark,24.0,MIN,SG,11.0,0.0,178.0,19.0,41.0,0.463,7.0,18.0,0.389,12.0,23.0,0.522,0.549,10.0,16.0,0.625,11.0,12.0,23.0,9.0,9.0,1.0,5.0,25.0,55.0,0.0,,2026,2025-26
268.0,Isaiah Collier,21.0,UTA,PG,5.0,1.0,131.0,18.0,30.0,0.6,2.0,5.0,0.4,16.0,25.0,0.64,0.633,17.0,24.0,0.708,0.0,18.0,18.0,37.0,2.0,2.0,12.0,16.0,55.0,0.0,,2026,2025-26
269.0,Jaden Hardy,23.0,DAL,SG,11.0,0.0,117.0,18.0,45.0,0.4,11.0,28.0,0.393,7.0,17.0,0.412,0.522,7.0,9.0,0.778,2.0,11.0,13.0,4.0,4.0,1.0,9.0,12.0,54.0,0.0,,2026,2025-26
270.0,Al Horford,39.0,GSW,C,10.0,0.0,216.0,20.0,59.0,0.339,14.0,43.0,0.326,6.0,16.0,0.375,0.458,0.0,0.0,,10.0,29.0,39.0,18.0,8.0,10.0,13.0,16.0,54.0,0.0,,2026,2025-26
271.0,Luguentz Dort,26.0,OKC,SF,8.0,8.0,245.0,18.0,58.0,0.31,8.0,38.0,0.211,10.0,20.0,0.5,0.379,9.0,10.0,0.9,14.0,25.0,39.0,12.0,7.0,1.0,6.0,21.0,53.0,0.0,,2026,2025-26
272.0,Rob Dillingham,21.0,MIN,PG,11.0,0.0,123.0,20.0,49.0,0.408,3.0,10.0,0.3,17.0,39.0,0.436,0.439,8.0,11.0,0.727,2.0,10.0,12.0,24.0,7.0,0.0,14.0,12.0,51.0,0.0,,2026,2025-26
273.0,Bradley Beal,32.0,LAC,SG,6.0,6.0,121.0,18.0,48.0,0.375,7.0,19.0,0.368,11.0,29.0,0.379,0.448,6.0,8.0,0.75,2.0,3.0,5.0,10.0,3.0,0.0,9.0,14.0,49.0,0.0,,2026,2025-26
274.0,Karlo Matković,24.0,NOP,PF,11.0,0.0,115.0,22.0,32.0,0.688,2.0,6.0,0.333,20.0,26.0,0.769,0.719,3.0,8.0,0.375,7.0,20.0,27.0,8.0,2.0,5.0,4.0,11.0,49.0,0.0,,2026,2025-26
275.0,Taurean Prince,31.0,MIL,SF,8.0,0.0,169.0,17.0,38.0,0.447,12.0,28.0,0.429,5.0,10.0,0.5,0.605,3.0,3.0,1.0,0.0,13.0,13.0,8.0,6.0,2.0,5.0,20.0,49.0,0.0,,2026,2025-26
276.0,Nicolas Batum,37.0,LAC,PF,13.0,2.0,230.0,16.0,50.0,0.32,14.0,45.0,0.311,2.0,5.0,0.4,0.46,2.0,2.0,1.0,6.0,29.0,35.0,10.0,11.0,8.0,7.0,25.0,48.0,0.0,,2026,2025-26
277.0,Bilal Coulibaly,21.0,WAS,SG,5.0,5.0,123.0,16.0,44.0,0.364,5.0,17.0,0.294,11.0,27.0,0.407,0.42,11.0,15.0,0.733,4.0,18.0,22.0,17.0,6.0,6.0,10.0,11.0,48.0,0.0,,2026,2025-26
278.0,Jordan Hawkins,23.0,NOP,SG,12.0,0.0,168.0,17.0,59.0,0.288,9.0,35.0,0.257,8.0,24.0,0.333,0.364,5.0,7.0,0.714,6.0,17.0,23.0,8.0,2.0,0.0,4.0,7.0,48.0,0.0,,2026,2025-26
279.0,Nique Clifford,23.0,SAC,SG,10.0,2.0,192.0,17.0,51.0,0.333,6.0,23.0,0.261,11.0,28.0,0.393,0.392,7.0,10.0,0.7,7.0,23.0,30.0,22.0,4.0,4.0,7.0,23.0,47.0,0.0,,2026,2025-26
280.0,Bones Hyland,25.0,MIN,PG,11.0,0.0,101.0,18.0,35.0,0.514,8.0,22.0,0.364,10.0,13.0,0.769,0.629,3.0,4.0,0.75,1.0,9.0,10.0,15.0,5.0,0.0,8.0,13.0,47.0,0.0,,2026,2025-26
281.0,Yves Missi,21.0,NOP,C,8.0,4.0,153.0,19.0,30.0,0.633,0.0,0.0,,19.0,30.0,0.633,0.633,9.0,18.0,0.5,24.0,17.0,41.0,10.0,2.0,8.0,9.0,13.0,47.0,0.0,,2026,2025-26
282.0,Asa Newell,20.0,ATL,PF,8.0,0.0,80.0,16.0,32.0,0.5,8.0,16.0,0.5,8.0,16.0,0.5,0.625,7.0,9.0,0.778,9.0,8.0,17.0,1.0,4.0,3.0,4.0,11.0,47.0,0.0,,2026,2025-26
283.0,Jeremy Sochan,22.0,SAS,PF,7.0,0.0,109.0,17.0,27.0,0.63,5.0,10.0,0.5,12.0,17.0,0.706,0.722,7.0,9.0,0.778,4.0,15.0,19.0,11.0,3.0,2.0,8.0,20.0,46.0,0.0,,2026,2025-26
284.0,Jordan Walsh,21.0,BOS,PF,10.0,2.0,173.0,18.0,39.0,0.462,7.0,17.0,0.412,11.0,22.0,0.5,0.551,3.0,4.0,0.75,13.0,31.0,44.0,10.0,10.0,6.0,2.0,22.0,46.0,0.0,,2026,2025-26
285.0,Jeremiah Robinson-Earl,25.0,IND,PF,8.0,3.0,167.0,17.0,45.0,0.378,3.0,15.0,0.2,14.0,30.0,0.467,0.411,8.0,9.0,0.889,22.0,29.0,51.0,7.0,5.0,0.0,6.0,9.0,45.0,0.0,,2026,2025-26
286.0,Cam Christie,20.0,LAC,SG,8.0,0.0,92.0,13.0,30.0,0.433,7.0,16.0,0.438,6.0,14.0,0.429,0.55,11.0,15.0,0.733,3.0,12.0,15.0,8.0,2.0,1.0,1.0,3.0,44.0,0.0,,2026,2025-26
287.0,Moussa Cisse,23.0,DAL,C,10.0,0.0,108.0,18.0,24.0,0.75,0.0,0.0,,18.0,24.0,0.75,0.75,8.0,18.0,0.444,18.0,18.0,36.0,1.0,2.0,14.0,9.0,20.0,44.0,0.0,,2026,2025-26
288.0,Larry Nance Jr.,33.0,CLE,PF,12.0,1.0,181.0,18.0,53.0,0.34,7.0,26.0,0.269,11.0,27.0,0.407,0.406,1.0,3.0,0.333,10.0,28.0,38.0,16.0,6.0,2.0,9.0,34.0,44.0,0.0,,2026,2025-26
289.0,Pat Spencer,29.0,GSW,PG,9.0,0.0,99.0,14.0,40.0,0.35,5.0,13.0,0.385,9.0,27.0,0.333,0.413,11.0,12.0,0.917,4.0,9.0,13.0,16.0,6.0,1.0,5.0,8.0,44.0,0.0,,2026,2025-26
290.0,Drake Powell,20.0,BRK,SG,7.0,0.0,124.0,18.0,34.0,0.529,5.0,11.0,0.455,13.0,23.0,0.565,0.603,2.0,2.0,1.0,3.0,13.0,16.0,14.0,6.0,1.0,9.0,12.0,43.0,0.0,,2026,2025-26
291.0,Nick Smith Jr.,21.0,LAL,SG,6.0,0.0,90.0,16.0,37.0,0.432,8.0,18.0,0.444,8.0,19.0,0.421,0.541,2.0,3.0,0.667,0.0,6.0,6.0,13.0,3.0,1.0,10.0,4.0,42.0,0.0,,2026,2025-26
292.0,Obi Toppin,27.0,IND,PF,3.0,0.0,82.0,15.0,36.0,0.417,3.0,17.0,0.176,12.0,19.0,0.632,0.458,9.0,9.0,1.0,3.0,17.0,20.0,5.0,3.0,0.0,6.0,7.0,42.0,0.0,,2026,2025-26
293.0,Precious Achiuwa,26.0,SAC,C,7.0,4.0,118.0,17.0,31.0,0.548,0.0,8.0,0.0,17.0,23.0,0.739,0.548,7.0,13.0,0.538,10.0,19.0,29.0,5.0,5.0,3.0,3.0,7.0,41.0,0.0,,2026,2025-26
294.0,Jamison Battle,24.0,TOR,SF,10.0,0.0,73.0,15.0,21.0,0.714,11.0,15.0,0.733,4.0,6.0,0.667,0.976,0.0,0.0,,1.0,10.0,11.0,2.0,2.0,1.0,4.0,5.0,41.0,0.0,,2026,2025-26
295.0,Clint Capela,31.0,HOU,C,11.0,0.0,108.0,16.0,25.0,0.64,0.0,0.0,,16.0,25.0,0.64,0.64,8.0,10.0,0.8,27.0,22.0,49.0,4.0,3.0,6.0,4.0,11.0,40.0,0.0,,2026,2025-26
296.0,Taylor Hendricks,22.0,UTA,PF,9.0,3.0,148.0,15.0,40.0,0.375,4.0,17.0,0.235,11.0,23.0,0.478,0.425,6.0,8.0,0.75,16.0,22.0,38.0,4.0,4.0,3.0,5.0,4.0,40.0,0.0,,2026,2025-26
297.0,Darius Garland,26.0,CLE,PG,3.0,3.0,73.0,12.0,36.0,0.333,7.0,19.0,0.368,5.0,17.0,0.294,0.431,8.0,8.0,1.0,3.0,6.0,9.0,15.0,3.0,0.0,5.0,6.0,39.0,0.0,,2026,2025-26
298.0,Trayce Jackson-Davis,25.0,GSW,C,9.0,0.0,100.0,15.0,28.0,0.536,0.0,0.0,,15.0,28.0,0.536,0.536,8.0,11.0,0.727,10.0,11.0,21.0,11.0,3.0,4.0,7.0,17.0,38.0,0.0,,2026,2025-26
299.0,Duop Reath,29.0,POR,C,9.0,0.0,71.0,13.0,22.0,0.591,12.0,20.0,0.6,1.0,2.0,0.5,0.864,0.0,0.0,,1.0,5.0,6.0,4.0,0.0,1.0,1.0,7.0,38.0,0.0,,2026,2025-26
300.0,Jabari Walker,23.0,PHI,PF,12.0,5.0,154.0,16.0,37.0,0.432,2.0,12.0,0.167,14.0,25.0,0.56,0.459,4.0,5.0,0.8,16.0,21.0,37.0,5.0,2.0,3.0,5.0,22.0,38.0,0.0,,2026,2025-26
301.0,Liam McNeeley,20.0,CHO,SF,9.0,0.0,112.0,9.0,29.0,0.31,6.0,18.0,0.333,3.0,11.0,0.273,0.414,13.0,15.0,0.867,4.0,13.0,17.0,11.0,2.0,1.0,5.0,14.0,37.0,0.0,,2026,2025-26
302.0,Olivier-Maxence Prosper,23.0,MEM,PF,9.0,0.0,76.0,10.0,20.0,0.5,0.0,5.0,0.0,10.0,15.0,0.667,0.5,16.0,16.0,1.0,6.0,12.0,18.0,5.0,1.0,1.0,4.0,4.0,36.0,0.0,,2026,2025-26
303.0,Blake Wesley,22.0,POR,SG,6.0,0.0,98.0,14.0,34.0,0.412,2.0,10.0,0.2,12.0,24.0,0.5,0.441,6.0,10.0,0.6,2.0,12.0,14.0,19.0,10.0,1.0,7.0,14.0,36.0,0.0,,2026,2025-26
304.0,Nae'Qwan Tomlin,25.0,CLE,PF,5.0,0.0,64.0,13.0,25.0,0.52,0.0,7.0,0.0,13.0,18.0,0.722,0.52,9.0,10.0,0.9,11.0,7.0,18.0,3.0,6.0,4.0,1.0,14.0,35.0,0.0,,2026,2025-26
305.0,Jonathan Isaac,28.0,ORL,PF,13.0,0.0,126.0,11.0,29.0,0.379,4.0,18.0,0.222,7.0,11.0,0.636,0.448,8.0,12.0,0.667,8.0,29.0,37.0,1.0,6.0,5.0,3.0,9.0,34.0,0.0,,2026,2025-26
306.0,Kevin Love,37.0,UTA,PF,7.0,0.0,99.0,9.0,25.0,0.36,6.0,21.0,0.286,3.0,4.0,0.75,0.48,10.0,12.0,0.833,5.0,25.0,30.0,18.0,0.0,2.0,7.0,8.0,34.0,0.0,,2026,2025-26
307.0,KJ Simpson,23.0,CHO,PG,6.0,0.0,90.0,13.0,37.0,0.351,5.0,14.0,0.357,8.0,23.0,0.348,0.419,3.0,4.0,0.75,3.0,11.0,14.0,18.0,4.0,0.0,10.0,8.0,34.0,0.0,,2026,2025-26
308.0,Javon Small,23.0,MEM,PG,8.0,0.0,99.0,10.0,28.0,0.357,6.0,19.0,0.316,4.0,9.0,0.444,0.464,8.0,10.0,0.8,1.0,7.0,8.0,22.0,0.0,1.0,8.0,7.0,34.0,0.0,,2026,2025-26
309.0,Pat Connaughton,33.0,CHO,SG,9.0,0.0,85.0,12.0,26.0,0.462,6.0,16.0,0.375,6.0,10.0,0.6,0.577,3.0,5.0,0.6,3.0,15.0,18.0,6.0,4.0,1.0,3.0,4.0,33.0,0.0,,2026,2025-26
310.0,Hugo González,19.0,BOS,SF,11.0,1.0,136.0,14.0,31.0,0.452,5.0,10.0,0.5,9.0,21.0,0.429,0.532,0.0,1.0,0.0,8.0,14.0,22.0,7.0,9.0,2.0,6.0,20.0,33.0,0.0,,2026,2025-26
311.0,Aaron Holiday,29.0,HOU,PG,7.0,0.0,58.0,10.0,18.0,0.556,5.0,11.0,0.455,5.0,7.0,0.714,0.694,8.0,9.0,0.889,0.0,4.0,4.0,7.0,1.0,1.0,5.0,5.0,33.0,0.0,,2026,2025-26
312.0,Gary Payton II,33.0,GSW,SG,14.0,0.0,138.0,15.0,36.0,0.417,3.0,16.0,0.188,12.0,20.0,0.6,0.458,0.0,0.0,,12.0,25.0,37.0,15.0,9.0,4.0,8.0,16.0,33.0,0.0,,2026,2025-26
313.0,Julian Strawther,23.0,DEN,SG,9.0,0.0,71.0,11.0,30.0,0.367,2.0,16.0,0.125,9.0,14.0,0.643,0.4,9.0,13.0,0.692,0.0,14.0,14.0,4.0,0.0,1.0,3.0,6.0,33.0,0.0,,2026,2025-26
314.0,Robert Williams,28.0,POR,C,8.0,0.0,100.0,16.0,26.0,0.615,1.0,3.0,0.333,15.0,23.0,0.652,0.635,0.0,1.0,0.0,15.0,16.0,31.0,6.0,5.0,5.0,2.0,8.0,33.0,0.0,,2026,2025-26
315.0,Justin Champagnie,24.0,WAS,SF,12.0,3.0,101.0,8.0,25.0,0.32,2.0,10.0,0.2,6.0,15.0,0.4,0.36,14.0,17.0,0.824,17.0,17.0,34.0,4.0,4.0,0.0,2.0,12.0,32.0,0.0,,2026,2025-26
316.0,Ja'Kobe Walter,21.0,TOR,SG,10.0,0.0,119.0,10.0,31.0,0.323,6.0,22.0,0.273,4.0,9.0,0.444,0.419,6.0,7.0,0.857,6.0,7.0,13.0,6.0,7.0,1.0,8.0,18.0,32.0,0.0,,2026,2025-26
317.0,Jalen Green,23.0,PHO,SG,2.0,2.0,30.0,11.0,23.0,0.478,6.0,14.0,0.429,5.0,9.0,0.556,0.609,3.0,5.0,0.6,2.0,2.0,4.0,4.0,2.0,0.0,2.0,2.0,31.0,0.0,,2026,2025-26
318.0,John Konchar,29.0,MEM,SG,12.0,0.0,138.0,12.0,22.0,0.545,6.0,14.0,0.429,6.0,8.0,0.75,0.682,1.0,1.0,1.0,3.0,24.0,27.0,11.0,9.0,5.0,4.0,9.0,31.0,0.0,,2026,2025-26
319.0,Chaz Lanier,24.0,DET,SG,9.0,0.0,98.0,10.0,30.0,0.333,8.0,26.0,0.308,2.0,4.0,0.5,0.467,3.0,3.0,1.0,5.0,5.0,10.0,9.0,2.0,0.0,1.0,3.0,31.0,0.0,,2026,2025-26
320.0,Guerschon Yabusele,30.0,NYK,C,11.0,0.0,106.0,10.0,31.0,0.323,7.0,22.0,0.318,3.0,9.0,0.333,0.435,3.0,6.0,0.5,12.0,15.0,27.0,4.0,2.0,1.0,2.0,13.0,30.0,0.0,,2026,2025-26
321.0,Ousmane Dieng,22.0,OKC,C,11.0,0.0,130.0,11.0,35.0,0.314,3.0,16.0,0.188,8.0,19.0,0.421,0.357,4.0,4.0,1.0,4.0,17.0,21.0,6.0,1.0,5.0,6.0,10.0,29.0,0.0,,2026,2025-26
322.0,Brandon Miller,23.0,CHO,SF,2.0,2.0,40.0,10.0,25.0,0.4,2.0,11.0,0.182,8.0,14.0,0.571,0.44,7.0,10.0,0.7,0.0,0.0,0.0,8.0,1.0,1.0,3.0,5.0,29.0,0.0,,2026,2025-26
323.0,Baylor Scheierman,25.0,BOS,SG,10.0,0.0,100.0,10.0,18.0,0.556,8.0,15.0,0.533,2.0,3.0,0.667,0.778,1.0,1.0,1.0,5.0,16.0,21.0,4.0,3.0,1.0,2.0,8.0,29.0,0.0,,2026,2025-26
324.0,Tristan Vukcevic,22.0,WAS,C,10.0,0.0,59.0,10.0,22.0,0.455,3.0,10.0,0.3,7.0,12.0,0.583,0.523,6.0,10.0,0.6,1.0,8.0,9.0,4.0,1.0,4.0,5.0,6.0,29.0,0.0,,2026,2025-26
325.0,Jett Howard,22.0,ORL,SF,10.0,0.0,84.0,10.0,29.0,0.345,8.0,22.0,0.364,2.0,7.0,0.286,0.483,0.0,0.0,,1.0,5.0,6.0,7.0,1.0,3.0,1.0,5.0,28.0,0.0,,2026,2025-26
326.0,Jordan McLaughlin,29.0,SAS,PG,8.0,0.0,74.0,10.0,24.0,0.417,5.0,15.0,0.333,5.0,9.0,0.556,0.521,3.0,3.0,1.0,3.0,3.0,6.0,10.0,7.0,0.0,2.0,7.0,28.0,0.0,,2026,2025-26
327.0,Jordan Miller,26.0,LAC,SF,3.0,0.0,49.0,8.0,16.0,0.5,5.0,9.0,0.556,3.0,7.0,0.429,0.656,7.0,8.0,0.875,3.0,5.0,8.0,3.0,1.0,0.0,3.0,2.0,28.0,0.0,,2026,2025-26
328.0,Dwight Powell,34.0,DAL,C,11.0,0.0,98.0,6.0,12.0,0.5,0.0,0.0,,6.0,12.0,0.5,0.5,15.0,17.0,0.882,10.0,11.0,21.0,7.0,4.0,2.0,5.0,20.0,27.0,0.0,,2026,2025-26
329.0,Terrence Shannon Jr.,25.0,MIN,SG,7.0,0.0,115.0,9.0,28.0,0.321,4.0,11.0,0.364,5.0,17.0,0.294,0.393,5.0,7.0,0.714,3.0,14.0,17.0,8.0,4.0,0.0,6.0,11.0,27.0,0.0,,2026,2025-26
330.0,Coby White,25.0,CHI,SG,1.0,0.0,30.0,5.0,14.0,0.357,3.0,8.0,0.375,2.0,6.0,0.333,0.464,14.0,14.0,1.0,0.0,4.0,4.0,8.0,1.0,0.0,3.0,3.0,27.0,0.0,,2026,2025-26
331.0,Adem Bona,22.0,PHI,C,12.0,3.0,177.0,9.0,20.0,0.45,0.0,1.0,0.0,9.0,19.0,0.474,0.45,8.0,16.0,0.5,15.0,26.0,41.0,3.0,5.0,20.0,7.0,18.0,26.0,0.0,,2026,2025-26
332.0,T.J. McConnell,33.0,IND,PG,3.0,0.0,43.0,12.0,31.0,0.387,1.0,6.0,0.167,11.0,25.0,0.44,0.403,1.0,1.0,1.0,1.0,2.0,3.0,7.0,2.0,0.0,0.0,3.0,26.0,0.0,,2026,2025-26
333.0,Maxime Raynaud,22.0,SAC,C,6.0,0.0,74.0,9.0,23.0,0.391,0.0,3.0,0.0,9.0,20.0,0.45,0.391,8.0,9.0,0.889,7.0,15.0,22.0,4.0,2.0,2.0,6.0,6.0,26.0,0.0,,2026,2025-26
334.0,Dominick Barlow,22.0,PHI,PF,3.0,2.0,79.0,9.0,18.0,0.5,2.0,7.0,0.286,7.0,11.0,0.636,0.556,5.0,6.0,0.833,11.0,9.0,20.0,8.0,0.0,3.0,5.0,6.0,25.0,0.0,,2026,2025-26
335.0,Branden Carlson,26.0,OKC,C,9.0,0.0,76.0,11.0,25.0,0.44,3.0,12.0,0.25,8.0,13.0,0.615,0.5,0.0,0.0,,3.0,14.0,17.0,3.0,2.0,4.0,3.0,10.0,25.0,0.0,,2026,2025-26
336.0,Kobe Sanders,23.0,LAC,SG,5.0,0.0,69.0,9.0,23.0,0.391,5.0,14.0,0.357,4.0,9.0,0.444,0.5,2.0,3.0,0.667,5.0,4.0,9.0,7.0,3.0,0.0,5.0,10.0,25.0,0.0,,2026,2025-26
337.0,Ochai Agbaji,25.0,TOR,SG,9.0,1.0,125.0,9.0,25.0,0.36,1.0,12.0,0.083,8.0,13.0,0.615,0.38,5.0,8.0,0.625,2.0,17.0,19.0,6.0,5.0,1.0,3.0,16.0,24.0,0.0,,2026,2025-26
338.0,Gui Santos,23.0,GSW,PF,12.0,0.0,77.0,9.0,21.0,0.429,5.0,16.0,0.313,4.0,5.0,0.8,0.548,1.0,2.0,0.5,8.0,8.0,16.0,2.0,4.0,0.0,5.0,15.0,24.0,0.0,,2026,2025-26
339.0,Tyler Kolek,24.0,NYK,PG,10.0,0.0,67.0,10.0,24.0,0.417,3.0,13.0,0.231,7.0,11.0,0.636,0.479,0.0,0.0,,2.0,3.0,5.0,13.0,1.0,0.0,6.0,9.0,23.0,0.0,,2026,2025-26
340.0,Ben Saraf,19.0,BRK,SG,7.0,5.0,97.0,7.0,27.0,0.259,3.0,13.0,0.231,4.0,14.0,0.286,0.315,6.0,8.0,0.75,3.0,10.0,13.0,17.0,2.0,0.0,9.0,13.0,23.0,0.0,,2026,2025-26
341.0,Dereck Lively II,21.0,DAL,C,5.0,3.0,80.0,9.0,14.0,0.643,0.0,0.0,,9.0,14.0,0.643,0.643,4.0,6.0,0.667,6.0,17.0,23.0,10.0,3.0,7.0,8.0,15.0,22.0,0.0,,2026,2025-26
342.0,Isaiah Livers,27.0,PHO,PF,8.0,0.0,92.0,7.0,16.0,0.438,5.0,14.0,0.357,2.0,2.0,1.0,0.594,3.0,3.0,1.0,4.0,10.0,14.0,4.0,2.0,3.0,1.0,6.0,22.0,0.0,,2026,2025-26
343.0,Mitchell Robinson,27.0,NYK,C,6.0,6.0,97.0,11.0,19.0,0.579,0.0,0.0,,11.0,19.0,0.579,0.579,0.0,1.0,0.0,35.0,17.0,52.0,6.0,3.0,7.0,4.0,17.0,22.0,0.0,,2026,2025-26
344.0,Tidjane Salaün,20.0,CHO,PF,7.0,0.0,83.0,7.0,19.0,0.368,4.0,12.0,0.333,3.0,7.0,0.429,0.474,4.0,6.0,0.667,5.0,20.0,25.0,5.0,2.0,1.0,3.0,8.0,22.0,0.0,,2026,2025-26
345.0,Kyle Anderson,32.0,UTA,SF,3.0,0.0,49.0,8.0,17.0,0.471,0.0,0.0,,8.0,17.0,0.471,0.471,5.0,7.0,0.714,3.0,4.0,7.0,9.0,1.0,0.0,3.0,6.0,21.0,0.0,,2026,2025-26
346.0,Amir Coffey,28.0,MIL,SG,13.0,0.0,128.0,8.0,19.0,0.421,2.0,8.0,0.25,6.0,11.0,0.545,0.474,3.0,3.0,1.0,4.0,10.0,14.0,7.0,0.0,1.0,1.0,6.0,21.0,0.0,,2026,2025-26
347.0,Cody Williams,21.0,UTA,SG,8.0,0.0,97.0,9.0,25.0,0.36,2.0,11.0,0.182,7.0,14.0,0.5,0.4,1.0,3.0,0.333,2.0,6.0,8.0,4.0,2.0,1.0,3.0,13.0,21.0,0.0,,2026,2025-26
348.0,Thomas Bryant,28.0,CLE,C,8.0,0.0,54.0,10.0,22.0,0.455,0.0,10.0,0.0,10.0,12.0,0.833,0.455,0.0,3.0,0.0,5.0,10.0,15.0,1.0,3.0,3.0,1.0,6.0,20.0,0.0,,2026,2025-26
349.0,Tyus Jones,29.0,ORL,PG,14.0,1.0,178.0,9.0,35.0,0.257,2.0,19.0,0.105,7.0,16.0,0.438,0.286,0.0,0.0,,3.0,10.0,13.0,20.0,10.0,2.0,5.0,9.0,20.0,0.0,,2026,2025-26
350.0,Kevon Looney,29.0,NOP,C,7.0,6.0,99.0,8.0,23.0,0.348,1.0,6.0,0.167,7.0,17.0,0.412,0.37,3.0,6.0,0.5,13.0,14.0,27.0,11.0,2.0,4.0,5.0,14.0,20.0,0.0,,2026,2025-26
351.0,Taelon Peter,23.0,IND,SG,9.0,0.0,87.0,6.0,24.0,0.25,5.0,22.0,0.227,1.0,2.0,0.5,0.354,3.0,3.0,1.0,4.0,10.0,14.0,12.0,2.0,2.0,8.0,5.0,20.0,0.0,,2026,2025-26
352.0,Will Riley,19.0,WAS,SF,9.0,0.0,64.0,8.0,18.0,0.444,1.0,4.0,0.25,7.0,14.0,0.5,0.472,3.0,6.0,0.5,3.0,11.0,14.0,7.0,2.0,0.0,2.0,2.0,20.0,0.0,,2026,2025-26
353.0,Matisse Thybulle,28.0,POR,SG,4.0,0.0,49.0,6.0,10.0,0.6,4.0,6.0,0.667,2.0,4.0,0.5,0.8,4.0,4.0,1.0,0.0,4.0,4.0,3.0,10.0,0.0,1.0,7.0,20.0,0.0,,2026,2025-26
354.0,Xavier Tillman Sr.,27.0,BOS,C,7.0,0.0,61.0,9.0,18.0,0.5,2.0,8.0,0.25,7.0,10.0,0.7,0.556,0.0,0.0,,7.0,10.0,17.0,4.0,3.0,1.0,1.0,7.0,20.0,0.0,,2026,2025-26
355.0,Malaki Branham,22.0,WAS,SG,5.0,0.0,34.0,6.0,11.0,0.545,1.0,5.0,0.2,5.0,6.0,0.833,0.591,6.0,8.0,0.75,3.0,5.0,8.0,3.0,0.0,0.0,1.0,2.0,19.0,0.0,,2026,2025-26
356.0,Sidy Cissoko,21.0,POR,SF,8.0,0.0,89.0,7.0,15.0,0.467,1.0,5.0,0.2,6.0,10.0,0.6,0.5,4.0,7.0,0.571,6.0,7.0,13.0,6.0,2.0,0.0,2.0,16.0,19.0,0.0,,2026,2025-26
357.0,Nigel Hayes-Davis,31.0,PHO,SF,11.0,0.0,93.0,9.0,21.0,0.429,1.0,8.0,0.125,8.0,13.0,0.615,0.452,0.0,0.0,,5.0,8.0,13.0,5.0,5.0,0.0,5.0,9.0,19.0,0.0,,2026,2025-26
358.0,Yanic Konan Niederhauser,22.0,LAC,C,5.0,0.0,22.0,7.0,8.0,0.875,0.0,0.0,,7.0,8.0,0.875,0.875,5.0,8.0,0.625,3.0,3.0,6.0,2.0,0.0,1.0,1.0,2.0,19.0,0.0,,2026,2025-26
359.0,Mac McClung,27.0,IND,SG,3.0,0.0,34.0,7.0,18.0,0.389,2.0,10.0,0.2,5.0,8.0,0.625,0.444,3.0,4.0,0.75,0.0,4.0,4.0,1.0,5.0,1.0,2.0,6.0,19.0,0.0,,2026,2025-26
360.0,Julian Phillips,22.0,CHI,SF,11.0,0.0,73.0,8.0,20.0,0.4,3.0,10.0,0.3,5.0,10.0,0.5,0.475,0.0,0.0,,5.0,3.0,8.0,1.0,4.0,2.0,1.0,7.0,19.0,0.0,,2026,2025-26
361.0,Mark Sears,23.0,MIL,PG,5.0,0.0,21.0,5.0,9.0,0.556,3.0,5.0,0.6,2.0,4.0,0.5,0.722,6.0,8.0,0.75,1.0,0.0,1.0,1.0,0.0,0.0,4.0,3.0,19.0,0.0,,2026,2025-26
362.0,Gary Harris,31.0,MIL,SG,7.0,0.0,70.0,7.0,14.0,0.5,4.0,8.0,0.5,3.0,6.0,0.5,0.643,0.0,0.0,,1.0,3.0,4.0,4.0,5.0,2.0,2.0,5.0,18.0,0.0,,2026,2025-26
363.0,Bronny James,21.0,LAL,SG,9.0,1.0,107.0,7.0,26.0,0.269,2.0,10.0,0.2,5.0,16.0,0.313,0.308,2.0,2.0,1.0,4.0,5.0,9.0,16.0,8.0,1.0,5.0,11.0,18.0,0.0,,2026,2025-26
364.0,Chris Paul,40.0,LAC,PG,8.0,0.0,103.0,6.0,25.0,0.24,5.0,19.0,0.263,1.0,6.0,0.167,0.34,1.0,1.0,1.0,5.0,9.0,14.0,29.0,9.0,0.0,7.0,13.0,18.0,0.0,,2026,2025-26
365.0,Chris Boucher,33.0,BOS,PF,7.0,0.0,76.0,7.0,22.0,0.318,1.0,12.0,0.083,6.0,10.0,0.6,0.341,2.0,2.0,1.0,2.0,15.0,17.0,2.0,4.0,5.0,1.0,15.0,17.0,0.0,,2026,2025-26
366.0,Carter Bryant,20.0,SAS,PF,8.0,0.0,54.0,6.0,21.0,0.286,2.0,11.0,0.182,4.0,10.0,0.4,0.333,3.0,3.0,1.0,0.0,8.0,8.0,0.0,2.0,1.0,4.0,5.0,17.0,0.0,,2026,2025-26
367.0,Devin Carter,23.0,SAC,PG,8.0,0.0,65.0,5.0,21.0,0.238,2.0,11.0,0.182,3.0,10.0,0.3,0.286,5.0,5.0,1.0,3.0,9.0,12.0,9.0,6.0,1.0,6.0,8.0,17.0,0.0,,2026,2025-26
368.0,Jevon Carter,30.0,CHI,PG,3.0,0.0,38.0,5.0,8.0,0.625,5.0,7.0,0.714,0.0,1.0,0.0,0.938,2.0,2.0,1.0,1.0,2.0,3.0,6.0,2.0,0.0,1.0,1.0,17.0,0.0,,2026,2025-26
369.0,Bobi Klintman,22.0,DET,SF,6.0,0.0,53.0,7.0,21.0,0.333,3.0,11.0,0.273,4.0,10.0,0.4,0.405,0.0,3.0,0.0,5.0,11.0,16.0,4.0,2.0,0.0,5.0,9.0,17.0,0.0,,2026,2025-26
370.0,Caleb Love,24.0,POR,SG,5.0,0.0,45.0,7.0,25.0,0.28,3.0,15.0,0.2,4.0,10.0,0.4,0.34,0.0,0.0,,1.0,9.0,10.0,8.0,1.0,0.0,1.0,2.0,17.0,0.0,,2026,2025-26
371.0,Noah Penda,21.0,ORL,SF,7.0,0.0,47.0,6.0,11.0,0.545,2.0,2.0,1.0,4.0,9.0,0.444,0.636,3.0,4.0,0.75,6.0,7.0,13.0,6.0,1.0,2.0,3.0,6.0,17.0,0.0,,2026,2025-26
372.0,Tolu Smith,25.0,DET,PF,2.0,0.0,22.0,6.0,8.0,0.75,0.0,0.0,,6.0,8.0,0.75,0.75,5.0,7.0,0.714,4.0,7.0,11.0,2.0,1.0,1.0,1.0,2.0,17.0,0.0,,2026,2025-26
373.0,Caleb Martin,30.0,DAL,SF,12.0,0.0,112.0,5.0,18.0,0.278,1.0,6.0,0.167,4.0,12.0,0.333,0.306,5.0,6.0,0.833,9.0,10.0,19.0,13.0,4.0,1.0,5.0,23.0,16.0,0.0,,2026,2025-26
374.0,Monte Morris,30.0,IND,PG,5.0,0.0,62.0,6.0,19.0,0.316,2.0,8.0,0.25,4.0,11.0,0.364,0.368,2.0,4.0,0.5,1.0,6.0,7.0,9.0,1.0,1.0,1.0,3.0,16.0,0.0,,2026,2025-26
375.0,Ryan Nembhard,22.0,DAL,PG,5.0,0.0,45.0,7.0,15.0,0.467,0.0,4.0,0.0,7.0,11.0,0.636,0.467,2.0,3.0,0.667,1.0,0.0,1.0,9.0,0.0,0.0,6.0,3.0,16.0,0.0,,2026,2025-26
376.0,Kobe Brown,26.0,LAC,PF,7.0,0.0,60.0,5.0,11.0,0.455,1.0,6.0,0.167,4.0,5.0,0.8,0.5,4.0,4.0,1.0,4.0,11.0,15.0,7.0,0.0,0.0,3.0,2.0,15.0,0.0,,2026,2025-26
377.0,Spencer Jones,24.0,DEN,SF,8.0,0.0,72.0,5.0,9.0,0.556,2.0,5.0,0.4,3.0,4.0,0.75,0.667,3.0,4.0,0.75,2.0,0.0,2.0,4.0,6.0,1.0,5.0,12.0,15.0,0.0,,2026,2025-26
378.0,Leonard Miller,22.0,MIN,SF,7.0,0.0,27.0,6.0,10.0,0.6,0.0,3.0,0.0,6.0,7.0,0.857,0.6,3.0,5.0,0.6,1.0,7.0,8.0,1.0,1.0,0.0,3.0,3.0,15.0,0.0,,2026,2025-26
379.0,Jalen Pickett,26.0,DEN,SG,6.0,1.0,42.0,6.0,12.0,0.5,2.0,6.0,0.333,4.0,6.0,0.667,0.583,1.0,1.0,1.0,1.0,5.0,6.0,7.0,0.0,0.0,4.0,4.0,15.0,0.0,,2026,2025-26
380.0,Lindy Waters III,28.0,SAS,SG,5.0,0.0,41.0,5.0,10.0,0.5,5.0,10.0,0.5,0.0,0.0,,0.75,0.0,0.0,,0.0,4.0,4.0,3.0,0.0,0.0,0.0,4.0,15.0,0.0,,2026,2025-26
381.0,Chris Youngblood,23.0,OKC,SG,12.0,0.0,63.0,3.0,14.0,0.214,3.0,13.0,0.231,0.0,1.0,0.0,0.321,6.0,6.0,1.0,2.0,4.0,6.0,2.0,1.0,0.0,0.0,10.0,15.0,0.0,,2026,2025-26
382.0,Brooks Barnhizer,23.0,OKC,SG,12.0,0.0,96.0,6.0,13.0,0.462,0.0,1.0,0.0,6.0,12.0,0.5,0.462,2.0,4.0,0.5,5.0,20.0,25.0,3.0,2.0,2.0,1.0,9.0,14.0,0.0,,2026,2025-26
383.0,Caleb Houstan,23.0,ATL,SF,5.0,0.0,32.0,4.0,8.0,0.5,3.0,6.0,0.5,1.0,2.0,0.5,0.688,3.0,3.0,1.0,3.0,0.0,3.0,2.0,1.0,1.0,3.0,4.0,14.0,0.0,,2026,2025-26
384.0,Bryce McGowens,23.0,NOP,SG,5.0,0.0,30.0,4.0,10.0,0.4,0.0,2.0,0.0,4.0,8.0,0.5,0.4,6.0,8.0,0.75,0.0,1.0,1.0,3.0,2.0,0.0,1.0,1.0,14.0,0.0,,2026,2025-26
385.0,Micah Peavy,24.0,NOP,SG,9.0,0.0,94.0,6.0,23.0,0.261,1.0,9.0,0.111,5.0,14.0,0.357,0.283,1.0,2.0,0.5,9.0,10.0,19.0,6.0,1.0,1.0,2.0,13.0,14.0,0.0,,2026,2025-26
386.0,Zach Edey,23.0,MEM,C,1.0,1.0,25.0,3.0,7.0,0.429,0.0,1.0,0.0,3.0,6.0,0.5,0.429,7.0,9.0,0.778,2.0,5.0,7.0,0.0,2.0,2.0,1.0,4.0,13.0,0.0,,2026,2025-26
387.0,PJ Hall,23.0,MEM,C,7.0,0.0,27.0,5.0,9.0,0.556,1.0,3.0,0.333,4.0,6.0,0.667,0.611,2.0,3.0,0.667,3.0,6.0,9.0,2.0,0.0,2.0,1.0,3.0,13.0,0.0,,2026,2025-26
388.0,Elijah Harkless,25.0,UTA,SG,6.0,0.0,63.0,4.0,11.0,0.364,2.0,7.0,0.286,2.0,4.0,0.5,0.455,3.0,5.0,0.6,2.0,4.0,6.0,4.0,3.0,0.0,3.0,10.0,13.0,0.0,,2026,2025-26
389.0,Khaman Maluach,19.0,PHO,C,7.0,0.0,35.0,3.0,7.0,0.429,0.0,3.0,0.0,3.0,4.0,0.75,0.429,7.0,8.0,0.875,1.0,5.0,6.0,1.0,0.0,4.0,5.0,8.0,13.0,0.0,,2026,2025-26
390.0,Joan Beringer,19.0,MIN,PF,8.0,0.0,30.0,6.0,7.0,0.857,0.0,0.0,,6.0,7.0,0.857,0.857,0.0,1.0,0.0,1.0,7.0,8.0,0.0,1.0,1.0,2.0,7.0,12.0,0.0,,2026,2025-26
391.0,Rasheer Fleming,21.0,PHO,PF,7.0,0.0,36.0,5.0,15.0,0.333,2.0,9.0,0.222,3.0,6.0,0.5,0.4,0.0,0.0,,4.0,2.0,6.0,2.0,1.0,1.0,1.0,5.0,12.0,0.0,,2026,2025-26
392.0,Jeff Green,39.0,HOU,PF,5.0,0.0,21.0,4.0,6.0,0.667,4.0,6.0,0.667,0.0,0.0,,1.0,0.0,0.0,,1.0,1.0,2.0,0.0,0.0,1.0,0.0,2.0,12.0,0.0,,2026,2025-26
393.0,GG Jackson II,21.0,MEM,PF,6.0,0.0,28.0,4.0,14.0,0.286,0.0,6.0,0.0,4.0,8.0,0.5,0.286,4.0,7.0,0.571,1.0,2.0,3.0,1.0,3.0,0.0,0.0,3.0,12.0,0.0,,2026,2025-26
394.0,E.J. Liddell,25.0,BRK,PF,5.0,0.0,25.0,4.0,11.0,0.364,2.0,8.0,0.25,2.0,3.0,0.667,0.455,2.0,3.0,0.667,1.0,6.0,7.0,0.0,0.0,0.0,0.0,4.0,12.0,0.0,,2026,2025-26
395.0,Dalen Terry,23.0,CHI,SG,7.0,0.0,41.0,4.0,9.0,0.444,1.0,2.0,0.5,3.0,7.0,0.429,0.5,3.0,6.0,0.5,0.0,3.0,3.0,4.0,1.0,2.0,1.0,4.0,12.0,0.0,,2026,2025-26
396.0,JD Davison,23.0,HOU,PG,5.0,0.0,24.0,4.0,8.0,0.5,3.0,6.0,0.5,1.0,2.0,0.5,0.688,0.0,2.0,0.0,0.0,0.0,0.0,2.0,1.0,1.0,0.0,2.0,11.0,0.0,,2026,2025-26
397.0,Zeke Nnaji,25.0,DEN,PF,6.0,0.0,21.0,4.0,7.0,0.571,1.0,4.0,0.25,3.0,3.0,1.0,0.643,2.0,3.0,0.667,1.0,1.0,2.0,2.0,0.0,0.0,2.0,7.0,11.0,0.0,,2026,2025-26
398.0,Kelly Olynyk,34.0,SAS,C,4.0,0.0,37.0,5.0,8.0,0.625,1.0,1.0,1.0,4.0,7.0,0.571,0.688,0.0,0.0,,5.0,6.0,11.0,13.0,0.0,0.0,3.0,5.0,11.0,0.0,,2026,2025-26
399.0,Gabe Vincent,29.0,LAL,PG,3.0,3.0,72.0,3.0,13.0,0.231,2.0,10.0,0.2,1.0,3.0,0.333,0.308,3.0,3.0,1.0,1.0,2.0,3.0,7.0,3.0,0.0,2.0,7.0,11.0,0.0,,2026,2025-26
400.0,Pete Nance,25.0,MIL,PF,1.0,0.0,4.0,4.0,5.0,0.8,2.0,3.0,0.667,2.0,2.0,1.0,1.0,0.0,0.0,,0.0,1.0,1.0,0.0,0.0,0.0,0.0,0.0,10.0,0.0,,2026,2025-26
401.0,Kevin Porter Jr.,25.0,MIL,PG,1.0,1.0,9.0,3.0,5.0,0.6,2.0,3.0,0.667,1.0,2.0,0.5,0.8,2.0,2.0,1.0,0.0,0.0,0.0,2.0,1.0,0.0,0.0,0.0,10.0,0.0,,2026,2025-26
402.0,Luke Travers,24.0,CLE,SG,6.0,0.0,47.0,2.0,16.0,0.125,0.0,6.0,0.0,2.0,10.0,0.2,0.125,6.0,6.0,1.0,4.0,7.0,11.0,4.0,3.0,4.0,1.0,2.0,10.0,0.0,,2026,2025-26
403.0,Anthony Gill,33.0,WAS,PF,5.0,0.0,13.0,3.0,4.0,0.75,1.0,1.0,1.0,2.0,3.0,0.667,0.875,2.0,2.0,1.0,1.0,3.0,4.0,0.0,0.0,0.0,2.0,1.0,9.0,0.0,,2026,2025-26
404.0,Yang Hansen,20.0,POR,C,5.0,0.0,29.0,2.0,9.0,0.222,0.0,3.0,0.0,2.0,6.0,0.333,0.222,5.0,6.0,0.833,3.0,1.0,4.0,0.0,0.0,2.0,3.0,4.0,9.0,0.0,,2026,2025-26
405.0,David Jones García,24.0,SAS,SF,3.0,0.0,11.0,4.0,7.0,0.571,0.0,0.0,,4.0,7.0,0.571,0.571,1.0,3.0,0.333,2.0,1.0,3.0,4.0,0.0,0.0,0.0,2.0,9.0,0.0,,2026,2025-26
406.0,DeAndre Jordan,37.0,NOP,C,2.0,1.0,23.0,4.0,5.0,0.8,0.0,0.0,,4.0,5.0,0.8,0.8,1.0,2.0,0.5,4.0,6.0,10.0,0.0,0.0,0.0,1.0,1.0,9.0,0.0,,2026,2025-26
407.0,Riley Minix,25.0,SAS,SF,3.0,0.0,8.0,4.0,6.0,0.667,1.0,3.0,0.333,3.0,3.0,1.0,0.75,0.0,0.0,,1.0,1.0,2.0,1.0,1.0,0.0,0.0,1.0,9.0,0.0,,2026,2025-26
408.0,Antonio Reeves,25.0,CHO,SG,2.0,0.0,21.0,3.0,6.0,0.5,3.0,5.0,0.6,0.0,1.0,0.0,0.75,0.0,0.0,,1.0,1.0,2.0,0.0,0.0,0.0,0.0,1.0,9.0,0.0,,2026,2025-26
409.0,Jericho Sims,27.0,MIL,C,9.0,0.0,61.0,3.0,4.0,0.75,0.0,0.0,,3.0,4.0,0.75,0.75,3.0,4.0,0.75,7.0,9.0,16.0,3.0,1.0,2.0,4.0,6.0,9.0,0.0,,2026,2025-26
410.0,Johnny Furphy,21.0,IND,SG,3.0,0.0,37.0,3.0,6.0,0.5,2.0,3.0,0.667,1.0,3.0,0.333,0.667,0.0,0.0,,1.0,5.0,6.0,0.0,2.0,0.0,3.0,4.0,8.0,0.0,,2026,2025-26
411.0,Eric Gordon,37.0,PHI,SG,3.0,0.0,21.0,3.0,5.0,0.6,2.0,4.0,0.5,1.0,1.0,1.0,0.8,0.0,0.0,,0.0,0.0,0.0,1.0,1.0,0.0,2.0,2.0,8.0,0.0,,2026,2025-26
412.0,Ron Harper Jr.,25.0,BOS,SF,3.0,0.0,15.0,3.0,7.0,0.429,2.0,6.0,0.333,1.0,1.0,1.0,0.571,0.0,0.0,,1.0,2.0,3.0,3.0,0.0,1.0,0.0,2.0,8.0,0.0,,2026,2025-26
413.0,Ariel Hukporti,23.0,NYK,C,8.0,2.0,56.0,4.0,8.0,0.5,0.0,0.0,,4.0,8.0,0.5,0.5,0.0,0.0,,7.0,10.0,17.0,5.0,1.0,2.0,5.0,9.0,8.0,0.0,,2026,2025-26
414.0,Jae'Sean Tate,30.0,HOU,SF,7.0,0.0,39.0,4.0,11.0,0.364,0.0,3.0,0.0,4.0,8.0,0.5,0.364,0.0,0.0,,1.0,5.0,6.0,1.0,1.0,0.0,1.0,6.0,8.0,0.0,,2026,2025-26
415.0,Charles Bassey,25.0,MEM,C,2.0,0.0,31.0,3.0,8.0,0.375,0.0,0.0,,3.0,8.0,0.375,0.375,1.0,3.0,0.333,7.0,8.0,15.0,2.0,1.0,1.0,1.0,5.0,7.0,0.0,,2026,2025-26
416.0,Mohamed Diawara,20.0,NYK,SF,6.0,0.0,15.0,3.0,4.0,0.75,1.0,1.0,1.0,2.0,3.0,0.667,0.875,0.0,2.0,0.0,0.0,1.0,1.0,1.0,0.0,0.0,1.0,2.0,7.0,0.0,,2026,2025-26
417.0,AJ Johnson,21.0,WAS,SG,8.0,0.0,38.0,2.0,11.0,0.182,0.0,2.0,0.0,2.0,9.0,0.222,0.182,3.0,4.0,0.75,2.0,3.0,5.0,4.0,0.0,0.0,1.0,3.0,7.0,0.0,,2026,2025-26
418.0,Keshad Johnson,24.0,MIA,SF,4.0,0.0,22.0,3.0,12.0,0.25,1.0,6.0,0.167,2.0,6.0,0.333,0.292,0.0,0.0,,1.0,5.0,6.0,0.0,2.0,0.0,1.0,2.0,7.0,0.0,,2026,2025-26
419.0,Maxi Kleber,34.0,LAL,PF,3.0,0.0,48.0,2.0,4.0,0.5,2.0,3.0,0.667,0.0,1.0,0.0,0.75,1.0,2.0,0.5,2.0,5.0,7.0,4.0,1.0,2.0,0.0,6.0,7.0,0.0,,2026,2025-26
420.0,Cody Martin,30.0,IND,SF,4.0,0.0,55.0,2.0,10.0,0.2,0.0,5.0,0.0,2.0,5.0,0.4,0.2,3.0,6.0,0.5,1.0,13.0,14.0,2.0,4.0,2.0,4.0,5.0,7.0,0.0,,2026,2025-26
421.0,Nolan Traoré,19.0,BRK,PG,3.0,0.0,33.0,2.0,9.0,0.222,2.0,6.0,0.333,0.0,3.0,0.0,0.333,1.0,2.0,0.5,0.0,1.0,1.0,4.0,2.0,0.0,2.0,5.0,7.0,0.0,,2026,2025-26
422.0,Tyson Etienne,26.0,BRK,PG,5.0,0.0,25.0,2.0,11.0,0.182,2.0,10.0,0.2,0.0,1.0,0.0,0.273,0.0,0.0,,0.0,0.0,0.0,0.0,0.0,0.0,0.0,3.0,6.0,0.0,,2026,2025-26
423.0,Johnny Juzang,24.0,MIN,SG,6.0,0.0,18.0,2.0,7.0,0.286,1.0,5.0,0.2,1.0,2.0,0.5,0.357,1.0,2.0,0.5,1.0,2.0,3.0,1.0,0.0,0.0,1.0,2.0,6.0,0.0,,2026,2025-26
424.0,Doug McDermott,34.0,SAC,SF,1.0,0.0,8.0,2.0,3.0,0.667,2.0,3.0,0.667,0.0,0.0,,1.0,0.0,0.0,,0.0,0.0,0.0,0.0,0.0,0.0,1.0,1.0,6.0,0.0,,2026,2025-26
425.0,Jonathan Mogbo,24.0,TOR,PF,7.0,0.0,35.0,3.0,6.0,0.5,0.0,0.0,,3.0,6.0,0.5,0.5,0.0,0.0,,3.0,6.0,9.0,4.0,1.0,2.0,1.0,4.0,6.0,0.0,,2026,2025-26
426.0,Wendell Moore Jr.,24.0,DET,SG,2.0,0.0,28.0,3.0,4.0,0.75,0.0,1.0,0.0,3.0,3.0,1.0,0.75,0.0,0.0,,1.0,1.0,2.0,3.0,1.0,1.0,0.0,1.0,6.0,0.0,,2026,2025-26
427.0,Mason Plumlee,35.0,CHO,C,6.0,0.0,30.0,2.0,2.0,1.0,0.0,0.0,,2.0,2.0,1.0,1.0,2.0,4.0,0.5,1.0,4.0,5.0,2.0,0.0,0.0,2.0,1.0,6.0,0.0,,2026,2025-26
428.0,Rayan Rupert,21.0,POR,SG,7.0,0.0,40.0,2.0,9.0,0.222,1.0,6.0,0.167,1.0,3.0,0.333,0.278,1.0,2.0,0.5,1.0,7.0,8.0,2.0,2.0,0.0,1.0,7.0,6.0,0.0,,2026,2025-26
429.0,Jacob Toppin,25.0,ATL,SF,3.0,0.0,9.0,3.0,4.0,0.75,0.0,0.0,,3.0,4.0,0.75,0.75,0.0,0.0,,0.0,1.0,1.0,0.0,0.0,0.0,0.0,1.0,6.0,0.0,,2026,2025-26
430.0,Jamir Watkins,24.0,WAS,SG,3.0,0.0,21.0,3.0,4.0,0.75,0.0,1.0,0.0,3.0,3.0,1.0,0.75,0.0,0.0,,1.0,5.0,6.0,0.0,0.0,1.0,1.0,4.0,6.0,0.0,,2026,2025-26
431.0,Dylan Cardwell,24.0,SAC,C,3.0,1.0,33.0,2.0,6.0,0.333,0.0,1.0,0.0,2.0,5.0,0.4,0.333,1.0,2.0,0.5,2.0,3.0,5.0,0.0,2.0,3.0,2.0,10.0,5.0,0.0,,2026,2025-26
432.0,Harrison Ingram,23.0,SAS,SF,3.0,0.0,11.0,2.0,3.0,0.667,1.0,1.0,1.0,1.0,2.0,0.5,0.833,0.0,0.0,,3.0,0.0,3.0,0.0,0.0,0.0,0.0,2.0,5.0,0.0,,2026,2025-26
433.0,Dario Šarić,31.0,SAC,C,3.0,0.0,28.0,1.0,5.0,0.2,1.0,2.0,0.5,0.0,3.0,0.0,0.3,2.0,2.0,1.0,1.0,4.0,5.0,2.0,0.0,0.0,1.0,0.0,5.0,0.0,,2026,2025-26
434.0,Koby Brea,23.0,PHO,SG,1.0,0.0,4.0,1.0,2.0,0.5,0.0,1.0,0.0,1.0,1.0,1.0,0.5,2.0,2.0,1.0,0.0,0.0,0.0,1.0,0.0,0.0,0.0,0.0,4.0,0.0,,2026,2025-26
435.0,Johni Broome,23.0,PHI,PF,2.0,0.0,6.0,2.0,5.0,0.4,0.0,1.0,0.0,2.0,4.0,0.5,0.4,0.0,0.0,,2.0,0.0,2.0,1.0,0.0,0.0,0.0,0.0,4.0,0.0,,2026,2025-26
436.0,Pacome Dadiet,20.0,NYK,SG,5.0,0.0,14.0,1.0,4.0,0.25,0.0,1.0,0.0,1.0,3.0,0.333,0.25,2.0,2.0,1.0,0.0,3.0,3.0,2.0,0.0,0.0,0.0,1.0,4.0,0.0,,2026,2025-26
437.0,Adou Thiero,21.0,LAL,SF,1.0,0.0,5.0,1.0,1.0,1.0,0.0,0.0,,1.0,1.0,1.0,1.0,2.0,2.0,1.0,1.0,0.0,1.0,0.0,0.0,0.0,0.0,0.0,4.0,0.0,,2026,2025-26
438.0,James Wiseman,24.0,IND,C,1.0,1.0,20.0,2.0,3.0,0.667,0.0,0.0,,2.0,3.0,0.667,0.667,0.0,0.0,,4.0,0.0,4.0,0.0,0.0,1.0,3.0,2.0,4.0,0.0,,2026,2025-26
439.0,N'Faly Dante,24.0,ATL,C,4.0,0.0,15.0,1.0,4.0,0.25,0.0,0.0,,1.0,4.0,0.25,0.25,1.0,1.0,1.0,3.0,4.0,7.0,0.0,2.0,0.0,1.0,1.0,3.0,0.0,,2026,2025-26
440.0,Myron Gardner,24.0,MIA,SF,1.0,0.0,3.0,1.0,1.0,1.0,1.0,1.0,1.0,0.0,0.0,,1.5,0.0,0.0,,0.0,1.0,1.0,1.0,0.0,0.0,0.0,2.0,3.0,0.0,,2026,2025-26
441.0,DaRon Holmes,23.0,DEN,PF,2.0,0.0,4.0,1.0,1.0,1.0,1.0,1.0,1.0,0.0,0.0,,1.5,0.0,0.0,,0.0,0.0,0.0,0.0,0.0,0.0,0.0,1.0,3.0,0.0,,2026,2025-26
442.0,Isaac Jones,25.0,SAC,PF,3.0,1.0,17.0,1.0,2.0,0.5,0.0,1.0,0.0,1.0,1.0,1.0,0.5,1.0,2.0,0.5,2.0,0.0,2.0,1.0,0.0,0.0,0.0,4.0,3.0,0.0,,2026,2025-26
443.0,Kyle Lowry,39.0,PHI,PG,1.0,0.0,3.0,1.0,1.0,1.0,1.0,1.0,1.0,0.0,0.0,,1.5,0.0,0.0,,0.0,0.0,0.0,1.0,1.0,0.0,0.0,0.0,3.0,0.0,,2026,2025-26
444.0,Jase Richardson,20.0,ORL,SG,7.0,0.0,30.0,1.0,5.0,0.2,0.0,3.0,0.0,1.0,2.0,0.5,0.2,1.0,2.0,0.5,0.0,1.0,1.0,6.0,0.0,0.0,3.0,1.0,3.0,0.0,,2026,2025-26
445.0,Thanasis Antetokounmpo,33.0,MIL,SF,4.0,0.0,9.0,1.0,2.0,0.5,0.0,0.0,,1.0,2.0,0.5,0.5,0.0,0.0,,0.0,1.0,1.0,0.0,1.0,2.0,0.0,1.0,2.0,0.0,,2026,2025-26
446.0,Bismack Biyombo,33.0,SAS,C,6.0,0.0,46.0,1.0,2.0,0.5,0.0,0.0,,1.0,2.0,0.5,0.5,0.0,0.0,,2.0,4.0,6.0,2.0,3.0,1.0,2.0,9.0,2.0,0.0,,2026,2025-26
447.0,Hunter Dickinson,25.0,NOP,C,1.0,0.0,5.0,1.0,2.0,0.5,0.0,0.0,,1.0,2.0,0.5,0.5,0.0,0.0,,0.0,0.0,0.0,0.0,0.0,1.0,2.0,2.0,2.0,0.0,,2026,2025-26
448.0,Colby Jones,23.0,DET,SG,1.0,0.0,7.0,1.0,3.0,0.333,0.0,2.0,0.0,1.0,1.0,1.0,0.333,0.0,0.0,,0.0,4.0,4.0,2.0,0.0,0.0,0.0,1.0,2.0,0.0,,2026,2025-26
449.0,Daeqwon Plowden,27.0,SAC,SG,1.0,0.0,14.0,1.0,5.0,0.2,0.0,3.0,0.0,1.0,2.0,0.5,0.2,0.0,0.0,,2.0,0.0,2.0,0.0,0.0,0.0,0.0,0.0,2.0,0.0,,2026,2025-26
450.0,Hunter Sallis,22.0,PHI,SG,3.0,0.0,7.0,1.0,1.0,1.0,0.0,0.0,,1.0,1.0,1.0,1.0,0.0,0.0,,0.0,1.0,1.0,1.0,0.0,0.0,2.0,1.0,2.0,0.0,,2026,2025-26
451.0,Amari Williams,24.0,BOS,PF,2.0,0.0,7.0,1.0,2.0,0.5,0.0,0.0,,1.0,2.0,0.5,0.5,0.0,0.0,,1.0,1.0,2.0,1.0,1.0,0.0,0.0,1.0,2.0,0.0,,2026,2025-26
452.0,Danny Wolf,21.0,BRK,PF,2.0,0.0,6.0,0.0,1.0,0.0,0.0,0.0,,0.0,1.0,0.0,0.0,2.0,2.0,1.0,0.0,2.0,2.0,2.0,0.0,0.0,0.0,0.0,2.0,0.0,,2026,2025-26
453.0,Jahmir Young,25.0,MIA,PG,2.0,0.0,10.0,1.0,3.0,0.333,0.0,1.0,0.0,1.0,2.0,0.5,0.333,0.0,0.0,,0.0,1.0,1.0,2.0,0.0,0.0,1.0,2.0,2.0,0.0,,2026,2025-26
454.0,Jahmyl Telfort,24.0,LAC,PF,3.0,0.0,16.0,0.0,2.0,0.0,0.0,2.0,0.0,0.0,0.0,,0.0,1.0,4.0,0.25,0.0,2.0,2.0,1.0,0.0,0.0,1.0,2.0,1.0,0.0,,2026,2025-26
455.0,Jamal Cain,26.0,ORL,SF,1.0,0.0,0.0,0.0,0.0,,0.0,0.0,,0.0,0.0,,,0.0,0.0,,0.0,0.0,0.0,0.0,0.0,0.0,0.0,0.0,0.0,0.0,,2026,2025-26
456.0,Sharife Cooper,24.0,WAS,PG,2.0,0.0,4.0,0.0,0.0,,0.0,0.0,,0.0,0.0,,,0.0,0.0,,0.0,0.0,0.0,0.0,0.0,0.0,1.0,0.0,0.0,0.0,,2026,2025-26
457.0,Joe Ingles,38.0,MIN,SF,4.0,0.0,16.0,0.0,2.0,0.0,0.0,2.0,0.0,0.0,0.0,,0.0,0.0,0.0,,0.0,0.0,0.0,5.0,0.0,0.0,0.0,2.0,0.0,0.0,,2026,2025-26
458.0,Andre Jackson Jr.,24.0,MIL,SG,6.0,0.0,22.0,0.0,2.0,0.0,0.0,1.0,0.0,0.0,1.0,0.0,0.0,0.0,0.0,,1.0,1.0,2.0,6.0,2.0,1.0,2.0,3.0,0.0,0.0,,2026,2025-26
459.0,Trey Jemison,26.0,NYK,C,1.0,0.0,8.0,0.0,0.0,,0.0,0.0,,0.0,0.0,,,0.0,0.0,,1.0,1.0,2.0,0.0,0.0,0.0,0.0,0.0,0.0,0.0,,2026,2025-26
460.0,Miles Kelly,23.0,DAL,PG,1.0,0.0,2.0,0.0,0.0,,0.0,0.0,,0.0,0.0,,,0.0,0.0,,0.0,0.0,0.0,0.0,0.0,0.0,1.0,1.0,0.0,0.0,,2026,2025-26
461.0,Christian Koloko,25.0,LAL,C,2.0,0.0,6.0,0.0,0.0,,0.0,0.0,,0.0,0.0,,,0.0,0.0,,0.0,1.0,1.0,0.0,0.0,0.0,0.0,1.0,0.0,0.0,,2026,2025-26
462.0,Chris Mañon,24.0,LAL,SG,2.0,0.0,7.0,0.0,1.0,0.0,0.0,1.0,0.0,0.0,0.0,,0.0,0.0,0.0,,0.0,2.0,2.0,0.0,0.0,1.0,0.0,2.0,0.0,0.0,,2026,2025-26
463.0,Jared McCain,21.0,PHI,SG,3.0,0.0,31.0,0.0,9.0,0.0,0.0,2.0,0.0,0.0,7.0,0.0,0.0,0.0,0.0,,0.0,2.0,2.0,4.0,1.0,0.0,1.0,4.0,0.0,0.0,,2026,2025-26
464.0,Orlando Robinson,25.0,ORL,C,1.0,0.0,2.0,0.0,0.0,,0.0,0.0,,0.0,0.0,,,0.0,0.0,,0.0,0.0,0.0,0.0,0.0,0.0,0.0,1.0,0.0,0.0,,2026,2025-26
465.0,Garrett Temple,39.0,TOR,SG,2.0,0.0,6.0,0.0,1.0,0.0,0.0,1.0,0.0,0.0,0.0,,0.0,0.0,0.0,,0.0,0.0,0.0,0.0,0.0,1.0,0.0,0.0,0.0,0.0,,2026,2025-26
466.0,Hunter Tyson,25.0,DEN,PF,5.0,0.0,17.0,0.0,7.0,0.0,0.0,4.0,0.0,0.0,3.0,0.0,0.0,0.0,0.0,,1.0,9.0,10.0,0.0,1.0,0.0,0.0,2.0,0.0,0.0,,2026,2025-26
,League Average,,,,,,,,,0.468,,,0.359,,,0.546,0.543,,,0.792,,,,,,,,,,,,2026,2025-26
