Rk,Player,Age,Team,Pos,G,GS,MP,FG,FGA,FG%,3P,3PA,3P%,2P,2PA,2P%,eFG%,FT,FTA,FT%,ORB,DRB,TRB,AST,STL,BLK,TOV,PF,PTS,Awards,season_end_year,season
1.0,Luka Dončić,26.0,LAL,PG,10.0,10.0,37.1,10.6,22.6,0.469,3.6,11.0,0.327,7.0,11.6,0.603,0.549,9.6,12.2,0.787,0.9,8.0,8.9,8.9,1.7,0.6,3.7,2.5,34.4,,2026,2025-26
2.0,Giannis Antetokounmpo,31.0,MIL,PF,12.0,12.0,33.4,12.5,19.8,0.63,0.8,1.5,0.5,11.8,18.3,0.641,0.649,6.8,10.8,0.636,3.8,7.5,11.3,7.1,0.9,1.3,3.5,2.7,32.6,,2026,2025-26
3.0,Shai Gilgeous-Alexander,27.0,OKC,PG,14.0,14.0,33.6,11.1,21.0,0.531,2.2,5.9,0.373,8.9,15.1,0.592,0.583,8.1,9.0,0.897,0.4,4.7,5.1,6.6,1.4,0.9,1.6,1.8,32.6,,2026,2025-26
4.0,Tyrese Maxey,25.0,PHI,PG,12.0,12.0,40.3,10.6,23.3,0.454,3.8,9.2,0.418,6.8,14.2,0.476,0.536,7.0,7.9,0.884,0.3,4.8,5.1,7.8,1.4,0.8,2.5,2.7,32.0,,2026,2025-26
5.0,Bennedict Mathurin,23.0,IND,SF,2.0,2.0,36.5,8.5,15.5,0.548,2.5,5.0,0.5,6.0,10.5,0.571,0.629,11.5,13.0,0.885,1.5,5.5,7.0,2.5,0.0,0.0,2.5,3.0,31.0,,2026,2025-26
6.0,Lauri Markkanen,28.0,UTA,PF,13.0,13.0,36.2,10.3,21.5,0.479,3.8,9.7,0.389,6.5,11.8,0.552,0.566,6.2,7.1,0.88,2.3,3.8,6.2,2.1,0.9,0.5,1.4,1.9,30.6,,2026,2025-26
7.0,Donovan Mitchell,29.0,CLE,SG,12.0,12.0,33.9,10.1,20.3,0.498,4.0,10.5,0.381,6.1,9.8,0.624,0.597,6.3,7.5,0.833,0.8,3.8,4.6,5.4,1.5,0.5,3.3,2.2,30.4,,2026,2025-26
8.0,Nikola Jokić,30.0,DEN,C,12.0,12.0,34.2,10.8,16.0,0.672,1.9,4.5,0.426,8.8,11.5,0.768,0.732,5.3,6.0,0.875,3.0,10.0,13.0,10.9,1.8,0.8,3.3,2.8,28.7,,2026,2025-26
9.0,Devin Booker,29.0,PHO,SG,14.0,14.0,35.8,9.8,19.8,0.495,2.0,5.9,0.341,7.8,13.9,0.559,0.545,6.9,7.6,0.897,1.1,3.0,4.1,7.0,0.8,0.3,4.0,2.9,28.4,,2026,2025-26
10.0,Austin Reaves,27.0,LAL,SG,11.0,11.0,36.3,8.6,17.9,0.482,2.7,8.3,0.33,5.9,9.6,0.613,0.558,8.3,9.5,0.867,0.6,4.5,5.1,8.2,1.4,0.1,3.4,2.5,28.3,,2026,2025-26
11.0,Jalen Brunson,29.0,NYK,PG,11.0,11.0,33.9,9.7,20.8,0.467,2.8,7.6,0.369,6.9,13.2,0.524,0.535,5.7,6.6,0.863,0.5,3.1,3.5,6.5,0.8,0.0,2.7,2.6,28.0,,2026,2025-26
12.0,Cade Cunningham,24.0,DET,PG,11.0,11.0,37.0,9.6,22.1,0.436,1.9,6.6,0.288,7.7,15.5,0.5,0.479,6.3,7.8,0.802,1.1,4.3,5.4,9.9,1.4,0.8,3.6,3.7,27.5,,2026,2025-26
13.0,Jaylen Brown,29.0,BOS,SF,14.0,14.0,32.1,10.5,20.8,0.505,1.9,5.6,0.342,8.6,15.1,0.566,0.552,4.5,5.9,0.768,0.9,4.7,5.6,4.1,0.8,0.4,3.2,3.2,27.4,,2026,2025-26
14.0,Stephen Curry,37.0,GSW,PG,12.0,12.0,30.6,8.7,18.9,0.458,4.3,11.2,0.381,4.4,7.8,0.57,0.57,5.8,6.3,0.933,0.3,3.4,3.7,3.7,1.4,0.4,2.7,2.3,27.4,,2026,2025-26
15.0,Anthony Edwards,24.0,MIN,SG,9.0,9.0,30.3,9.0,18.9,0.476,3.3,8.1,0.411,5.7,10.8,0.526,0.565,6.0,7.0,0.857,0.9,3.7,4.6,3.7,1.1,0.7,2.4,1.7,27.3,,2026,2025-26
16.0,Coby White,25.0,CHI,SG,1.0,0.0,30.0,5.0,14.0,0.357,3.0,8.0,0.375,2.0,6.0,0.333,0.464,14.0,14.0,1.0,0.0,4.0,4.0,8.0,1.0,0.0,3.0,3.0,27.0,,2026,2025-26
17.0,Victor Wembanyama,22.0,SAS,C,12.0,12.0,34.7,9.3,18.4,0.502,1.7,4.8,0.345,7.6,13.6,0.558,0.548,6.0,7.0,0.857,2.0,10.9,12.9,4.0,1.1,3.6,3.6,3.7,26.2,,2026,2025-26
18.0,Norman Powell,32.0,MIA,SG,10.0,10.0,31.3,7.9,16.4,0.482,3.5,7.3,0.479,4.4,9.1,0.484,0.588,6.8,7.3,0.932,0.3,3.8,4.1,2.4,1.2,0.2,2.2,2.4,26.1,,2026,2025-26
19.0,Deni Avdija,25.0,POR,SF,13.0,13.0,34.1,8.3,17.0,0.489,2.5,6.8,0.375,5.8,10.2,0.564,0.563,6.8,7.9,0.864,1.3,5.2,6.5,4.8,0.5,0.8,3.6,3.7,26.0,,2026,2025-26
20.0,James Harden,36.0,LAC,PG,12.0,12.0,36.1,7.7,16.8,0.455,3.8,9.4,0.398,3.9,7.4,0.528,0.567,6.9,7.6,0.912,0.6,5.8,6.3,9.0,0.9,0.4,3.8,1.9,26.0,,2026,2025-26
21.0,Kevin Durant,37.0,HOU,SF,12.0,12.0,36.1,8.8,17.2,0.51,1.8,4.6,0.4,6.9,12.6,0.55,0.563,6.6,7.4,0.888,0.3,4.3,4.7,3.4,1.0,0.7,3.0,2.8,25.9,,2026,2025-26
22.0,Julius Randle,31.0,MIN,PF,13.0,13.0,33.6,8.8,16.2,0.54,1.9,4.9,0.391,6.8,11.3,0.605,0.6,6.0,6.9,0.867,1.5,5.9,7.4,6.2,1.3,0.2,2.6,2.5,25.5,,2026,2025-26
23.0,Pascal Siakam,31.0,IND,PF,12.0,12.0,35.0,8.8,19.3,0.453,1.8,5.1,0.361,6.9,14.3,0.485,0.5,5.3,8.0,0.656,1.8,5.3,7.1,5.1,1.2,0.3,2.4,3.3,24.6,,2026,2025-26
24.0,Kawhi Leonard,34.0,LAC,SF,6.0,6.0,33.5,8.8,17.5,0.505,2.3,5.8,0.4,6.5,11.7,0.557,0.571,4.3,4.5,0.963,0.8,4.8,5.7,3.5,2.5,0.7,1.8,1.2,24.3,,2026,2025-26
25.0,Michael Porter Jr.,27.0,BRK,SF,12.0,12.0,32.5,8.6,18.2,0.472,3.1,8.8,0.349,5.5,9.3,0.589,0.557,3.8,4.5,0.852,1.1,6.8,7.8,3.3,0.7,0.2,2.3,2.3,24.1,,2026,2025-26
26.0,Franz Wagner,24.0,ORL,SF,14.0,14.0,35.8,7.6,16.4,0.461,1.8,5.0,0.357,5.8,11.4,0.506,0.515,6.2,7.5,0.829,1.9,4.4,6.3,3.9,1.1,0.4,2.1,2.5,23.1,,2026,2025-26
27.0,Alperen Şengün,23.0,HOU,C,12.0,12.0,36.8,8.1,16.8,0.48,1.4,3.2,0.447,6.7,13.7,0.488,0.522,5.4,7.3,0.739,3.2,7.2,10.3,7.4,1.3,1.0,3.3,3.3,23.0,,2026,2025-26
28.0,Zion Williamson,25.0,NOP,PF,5.0,5.0,31.4,7.6,15.6,0.487,0.0,0.0,,7.6,15.6,0.487,0.487,7.6,11.4,0.667,3.2,3.6,6.8,4.6,2.0,0.2,3.4,2.4,22.8,,2026,2025-26
29.0,Zach LaVine,30.0,SAC,SG,12.0,12.0,34.3,7.8,15.3,0.511,3.2,7.5,0.422,4.7,7.8,0.596,0.614,3.8,4.3,0.885,0.2,3.3,3.5,2.3,0.6,0.2,2.0,2.5,22.7,,2026,2025-26
30.0,LaMelo Ball,24.0,CHO,PG,7.0,7.0,32.4,7.7,18.4,0.419,3.1,9.4,0.333,4.6,9.0,0.508,0.504,3.7,4.6,0.813,1.3,5.9,7.1,9.9,1.4,0.1,3.4,3.4,22.3,,2026,2025-26
31.0,Keyonte George,22.0,UTA,PG,13.0,13.0,34.4,6.7,16.2,0.412,1.8,6.4,0.277,4.9,9.8,0.5,0.467,7.0,7.5,0.929,0.7,3.2,3.9,7.0,1.0,0.3,3.3,2.2,22.2,,2026,2025-26
32.0,Miles Bridges,27.0,CHO,PF,13.0,13.0,35.0,7.2,17.2,0.422,3.3,9.1,0.364,3.9,8.1,0.486,0.518,4.3,4.8,0.903,0.9,6.0,6.9,4.0,0.5,0.4,1.5,1.9,22.1,,2026,2025-26
33.0,Jamal Murray,28.0,DEN,PG,11.0,11.0,34.0,8.0,17.5,0.458,2.3,6.6,0.342,5.7,10.8,0.529,0.523,3.8,4.1,0.933,0.6,4.5,5.1,6.3,1.4,0.3,2.4,1.3,22.1,,2026,2025-26
34.0,Shaedon Sharpe,22.0,POR,SG,13.0,13.0,28.5,7.9,18.3,0.433,1.9,7.0,0.275,6.0,11.3,0.531,0.485,4.3,5.3,0.812,1.5,3.8,5.2,2.0,1.5,0.2,2.8,2.3,22.1,,2026,2025-26
35.0,Dillon Brooks,30.0,PHO,SF,8.0,8.0,29.9,7.8,16.9,0.459,2.6,7.8,0.339,5.1,9.1,0.562,0.537,3.9,4.1,0.939,0.8,2.5,3.3,1.9,2.0,0.3,2.0,3.5,22.0,,2026,2025-26
36.0,De'Aaron Fox,28.0,SAS,PG,5.0,5.0,34.2,8.6,16.8,0.512,2.4,6.4,0.375,6.2,10.4,0.596,0.583,2.4,2.6,0.923,1.4,2.2,3.6,6.8,1.0,0.2,4.0,2.6,22.0,,2026,2025-26
37.0,Josh Giddey,23.0,CHI,PG,10.0,10.0,34.9,7.8,17.0,0.459,1.7,4.6,0.37,6.1,12.4,0.492,0.509,4.6,6.0,0.767,1.4,8.5,9.9,9.7,1.1,0.5,3.7,1.9,21.9,,2026,2025-26
38.0,Jalen Johnson,24.0,ATL,SF,12.0,12.0,32.9,8.4,14.3,0.587,1.1,2.8,0.382,7.3,11.5,0.638,0.625,3.8,4.8,0.807,1.3,8.3,9.6,6.3,1.8,0.3,3.0,2.2,21.8,,2026,2025-26
39.0,Karl-Anthony Towns,30.0,NYK,C,12.0,12.0,33.1,6.9,15.8,0.439,2.0,5.8,0.348,4.9,10.0,0.492,0.503,5.9,6.6,0.899,3.1,9.4,12.5,3.3,1.0,0.9,2.5,3.8,21.8,,2026,2025-26
40.0,Paolo Banchero,23.0,ORL,PF,12.0,12.0,32.8,6.8,14.8,0.461,0.9,3.7,0.25,5.9,11.2,0.53,0.492,7.1,9.3,0.766,0.9,7.8,8.7,4.1,0.8,0.9,2.7,2.4,21.7,,2026,2025-26
41.0,Cam Thomas,24.0,BRK,SG,8.0,8.0,28.3,6.6,16.5,0.402,2.0,5.6,0.356,4.6,10.9,0.425,0.462,6.1,7.0,0.875,0.4,1.0,1.4,2.6,0.5,0.1,2.0,1.9,21.4,,2026,2025-26
42.0,Anthony Davis,32.0,DAL,PF,5.0,5.0,29.8,7.8,15.0,0.52,0.6,2.2,0.273,7.2,12.8,0.563,0.54,4.6,6.2,0.742,3.4,6.8,10.2,2.2,1.6,1.2,2.2,2.6,20.8,,2026,2025-26
43.0,Brandon Ingram,28.0,TOR,SF,13.0,13.0,33.2,7.6,15.5,0.493,1.1,4.2,0.255,6.5,11.2,0.582,0.527,4.1,4.6,0.883,0.6,5.4,6.0,3.8,0.9,0.6,2.5,2.5,20.4,,2026,2025-26
44.0,Bam Adebayo,28.0,MIA,C,8.0,8.0,30.4,7.0,15.5,0.452,2.0,5.9,0.34,5.0,9.6,0.519,0.516,3.9,4.5,0.861,1.0,7.1,8.1,2.9,1.0,0.3,2.0,1.6,19.9,,2026,2025-26
45.0,Aaron Gordon,30.0,DEN,PF,11.0,11.0,30.3,6.5,12.3,0.533,2.5,5.2,0.474,4.1,7.1,0.577,0.633,4.4,4.9,0.889,1.3,4.6,5.9,1.5,0.9,0.3,1.5,1.7,19.9,,2026,2025-26
46.0,Trey Murphy III,25.0,NOP,SF,13.0,13.0,35.8,6.8,15.0,0.456,2.8,7.8,0.356,4.1,7.2,0.564,0.549,3.4,3.6,0.936,1.7,5.2,6.9,3.3,1.4,0.2,2.1,2.2,19.8,,2026,2025-26
47.0,Scottie Barnes,24.0,TOR,PF,13.0,13.0,32.5,7.5,15.0,0.503,1.6,3.9,0.412,5.9,11.1,0.535,0.556,3.0,3.7,0.813,1.8,6.0,7.8,5.2,1.5,1.8,1.9,3.5,19.7,,2026,2025-26
48.0,Joel Embiid,31.0,PHI,C,6.0,6.0,23.3,6.7,14.5,0.46,1.5,4.7,0.321,5.2,9.8,0.525,0.511,4.8,5.8,0.829,1.5,4.0,5.5,3.3,0.8,1.5,2.7,2.2,19.7,,2026,2025-26
49.0,Jalen Duren,22.0,DET,C,11.0,11.0,29.0,7.0,10.8,0.647,0.0,0.0,,7.0,10.8,0.647,0.647,5.4,6.6,0.808,4.5,7.5,12.0,1.6,1.1,1.2,2.5,3.4,19.4,,2026,2025-26
50.0,RJ Barrett,25.0,TOR,SF,13.0,13.0,31.5,7.2,14.3,0.505,1.8,5.4,0.343,5.4,8.9,0.603,0.57,3.0,4.2,0.722,0.8,4.2,5.1,4.0,0.8,0.3,1.6,2.8,19.3,,2026,2025-26
51.0,Chet Holmgren,23.0,OKC,PF,10.0,10.0,29.6,6.8,11.8,0.576,1.6,4.1,0.39,5.2,7.7,0.675,0.644,4.1,4.7,0.872,1.5,6.7,8.2,1.8,0.7,1.3,2.1,3.8,19.3,,2026,2025-26
52.0,Evan Mobley,24.0,CLE,PF,13.0,13.0,34.1,6.8,14.6,0.468,1.8,4.9,0.359,5.1,9.7,0.524,0.529,3.8,6.0,0.628,2.8,6.2,9.0,4.2,1.3,1.6,2.5,2.3,19.2,,2026,2025-26
53.0,Jimmy Butler,36.0,GSW,SF,14.0,14.0,30.8,5.9,11.1,0.526,1.1,2.3,0.469,4.8,8.9,0.54,0.574,6.4,7.4,0.864,2.2,3.1,5.4,4.8,1.6,0.3,1.6,1.3,19.1,,2026,2025-26
54.0,DeMar DeRozan,36.0,SAC,PF,14.0,14.0,34.0,7.1,14.1,0.5,0.9,2.4,0.394,6.1,11.8,0.521,0.533,3.7,4.4,0.852,0.5,2.8,3.3,3.5,1.1,0.1,1.0,2.0,18.8,,2026,2025-26
55.0,Grayson Allen,30.0,PHO,SG,13.0,13.0,32.1,6.2,13.3,0.468,3.9,8.8,0.447,2.3,4.5,0.508,0.616,2.1,2.6,0.794,0.5,2.6,3.1,4.3,1.6,0.3,1.8,2.3,18.5,,2026,2025-26
56.0,Jerami Grant,31.0,POR,PF,13.0,1.0,27.8,5.4,11.6,0.464,2.1,5.2,0.403,3.3,6.5,0.512,0.553,5.5,6.5,0.845,0.8,2.2,3.0,2.3,0.9,0.4,1.6,3.4,18.3,,2026,2025-26
57.0,Alex Sarr,20.0,WAS,C,13.0,13.0,29.0,7.5,14.5,0.519,1.1,3.1,0.35,6.5,11.5,0.564,0.556,2.2,2.9,0.737,2.4,5.8,8.2,3.6,0.7,2.2,2.4,2.2,18.3,,2026,2025-26
58.0,De'Andre Hunter,28.0,CLE,SF,11.0,11.0,29.1,6.2,14.0,0.442,1.9,6.8,0.28,4.3,7.2,0.595,0.51,3.7,4.5,0.837,0.6,4.1,4.7,3.1,0.7,0.3,1.6,2.5,18.0,,2026,2025-26
59.0,Andrew Nembhard,26.0,IND,PG,6.0,6.0,28.0,5.5,13.8,0.398,2.0,6.2,0.324,3.5,7.7,0.457,0.47,5.0,5.2,0.968,0.2,1.7,1.8,6.5,0.3,0.2,2.0,2.5,18.0,,2026,2025-26
60.0,Jaren Jackson Jr.,26.0,MEM,C,14.0,14.0,28.7,6.2,13.0,0.478,1.6,4.4,0.377,4.6,8.6,0.529,0.541,3.8,4.7,0.803,0.9,4.3,5.2,1.4,0.5,1.4,2.1,4.3,17.9,,2026,2025-26
61.0,Ja Morant,26.0,MEM,PG,12.0,12.0,28.8,5.8,16.3,0.359,0.8,5.0,0.167,5.0,11.3,0.444,0.385,5.4,5.8,0.942,0.5,3.0,3.5,7.6,1.0,0.1,3.8,2.3,17.9,,2026,2025-26
62.0,Nickeil Alexander-Walker,27.0,ATL,SG,12.0,9.0,30.4,5.9,13.4,0.441,1.9,5.9,0.324,4.0,7.5,0.533,0.512,4.1,4.8,0.845,0.7,2.2,2.8,3.5,1.1,0.9,2.6,1.7,17.8,,2026,2025-26
63.0,Trae Young,27.0,ATL,PG,5.0,5.0,27.8,5.2,14.0,0.371,1.0,5.2,0.192,4.2,8.8,0.477,0.407,6.4,7.8,0.821,0.0,2.0,2.0,7.8,0.8,0.2,2.0,1.8,17.8,,2026,2025-26
64.0,Jaden McDaniels,25.0,MIN,PF,13.0,13.0,31.7,6.9,12.6,0.549,1.7,3.4,0.5,5.2,9.2,0.567,0.616,2.2,2.5,0.848,1.1,3.5,4.5,2.3,0.9,1.3,1.8,3.7,17.7,,2026,2025-26
65.0,Jaime Jaquez Jr.,24.0,MIA,SF,13.0,0.0,30.2,6.9,13.0,0.533,0.4,1.9,0.2,6.5,11.1,0.59,0.547,3.2,4.2,0.778,1.3,6.0,7.3,5.2,0.7,0.3,1.7,2.2,17.5,,2026,2025-26
66.0,Andrew Wiggins,30.0,MIA,SF,13.0,13.0,32.9,6.9,13.6,0.508,1.9,5.1,0.379,5.0,8.5,0.586,0.579,1.8,2.7,0.657,1.6,3.3,4.9,2.8,1.2,0.9,2.2,2.6,17.5,,2026,2025-26
67.0,Stephon Castle,21.0,SAS,PG,13.0,13.0,32.0,5.9,11.9,0.497,0.9,3.8,0.24,5.0,8.1,0.619,0.535,4.5,6.5,0.694,1.5,4.3,5.8,7.5,1.7,0.4,4.0,3.6,17.3,,2026,2025-26
68.0,Jordan Poole,26.0,NOP,PG,7.0,4.0,30.3,5.0,14.1,0.354,2.9,8.4,0.339,2.1,5.7,0.375,0.455,4.4,4.6,0.969,0.4,1.3,1.7,3.4,0.3,0.3,2.1,2.6,17.3,,2026,2025-26
69.0,Kristaps Porziņģis,30.0,ATL,C,9.0,9.0,25.8,5.4,12.7,0.43,1.6,5.0,0.311,3.9,7.7,0.507,0.491,4.9,5.7,0.863,1.9,3.8,5.7,3.7,0.6,1.6,1.1,3.0,17.3,,2026,2025-26
70.0,Amen Thompson,23.0,HOU,SF,12.0,12.0,35.5,6.7,14.2,0.471,0.5,2.4,0.207,6.2,11.8,0.525,0.488,3.4,4.5,0.759,2.3,3.8,6.1,5.2,1.3,0.5,2.3,2.3,17.3,,2026,2025-26
71.0,Kon Knueppel,20.0,CHO,SF,13.0,12.0,32.6,5.9,13.0,0.456,3.2,7.8,0.402,2.8,5.2,0.537,0.577,2.2,2.5,0.875,0.6,5.3,5.9,2.8,0.7,0.2,2.5,2.3,17.2,,2026,2025-26
72.0,Domantas Sabonis,29.0,SAC,C,11.0,11.0,33.2,6.7,13.2,0.51,0.4,1.8,0.2,6.4,11.4,0.56,0.524,3.4,4.6,0.725,3.4,8.9,12.3,3.7,1.2,0.2,2.5,4.0,17.2,,2026,2025-26
73.0,Kyshawn George,22.0,WAS,SF,12.0,12.0,31.0,6.2,12.2,0.507,2.6,5.8,0.449,3.6,6.4,0.558,0.613,2.0,2.8,0.706,0.6,5.5,6.1,4.6,0.9,0.9,3.3,4.8,16.9,,2026,2025-26
74.0,Ryan Rollins,23.0,MIL,PG,14.0,13.0,31.1,6.5,12.4,0.526,2.3,5.0,0.457,4.2,7.4,0.573,0.618,1.6,2.1,0.767,0.8,3.0,3.8,5.4,1.7,0.2,2.4,3.0,16.9,,2026,2025-26
75.0,Kelly Oubre Jr.,30.0,PHI,SF,12.0,12.0,34.8,6.2,12.4,0.497,1.9,5.6,0.343,4.3,6.8,0.622,0.574,2.5,3.2,0.789,1.2,3.9,5.1,1.3,1.1,0.8,1.5,2.7,16.8,,2026,2025-26
76.0,Jrue Holiday,35.0,POR,PG,12.0,12.0,33.4,6.2,13.8,0.446,2.6,7.1,0.365,3.6,6.8,0.531,0.539,1.8,2.1,0.84,1.3,3.9,5.3,8.3,1.6,0.3,2.9,2.0,16.7,,2026,2025-26
77.0,Ajay Mitchell,23.0,OKC,SG,14.0,5.0,28.3,6.1,13.3,0.457,1.3,3.8,0.34,4.8,9.5,0.504,0.505,3.3,3.6,0.92,0.8,3.2,4.0,3.9,1.8,0.3,1.8,2.4,16.7,,2026,2025-26
78.0,Quentin Grimes,25.0,PHI,SG,12.0,0.0,30.9,5.3,11.3,0.467,2.4,6.2,0.392,2.8,5.1,0.557,0.574,3.7,4.4,0.83,0.4,3.6,4.0,4.4,0.9,0.5,3.2,2.5,16.6,,2026,2025-26
79.0,Desmond Bane,27.0,ORL,SG,14.0,14.0,32.5,6.1,13.9,0.436,1.5,4.8,0.313,4.6,9.1,0.5,0.49,2.9,3.1,0.909,1.1,3.2,4.3,4.4,0.4,0.4,2.4,3.4,16.5,,2026,2025-26
80.0,Nikola Vučević,35.0,CHI,C,12.0,12.0,31.7,6.5,12.8,0.506,1.9,4.4,0.434,4.6,8.4,0.545,0.581,1.6,2.1,0.76,2.1,8.0,10.1,3.5,0.7,0.5,1.8,2.4,16.5,,2026,2025-26
81.0,Payton Pritchard,28.0,BOS,PG,14.0,14.0,31.9,5.9,13.3,0.446,2.5,7.8,0.321,3.4,5.5,0.623,0.54,2.0,2.5,0.8,0.9,3.0,3.9,5.0,0.8,0.0,1.3,2.0,16.4,,2026,2025-26
82.0,CJ McCollum,34.0,WAS,SG,13.0,13.0,29.5,5.5,13.8,0.394,2.6,6.9,0.378,2.8,6.9,0.411,0.489,2.8,3.4,0.818,0.7,2.5,3.2,3.3,0.8,0.2,1.5,2.3,16.3,,2026,2025-26
83.0,Deandre Ayton,27.0,LAL,C,13.0,13.0,30.4,7.6,11.0,0.692,0.0,0.0,,7.6,11.0,0.692,0.692,1.0,1.6,0.619,2.8,5.5,8.4,0.9,0.7,0.9,2.7,3.2,16.2,,2026,2025-26
84.0,Ivica Zubac,28.0,LAC,C,13.0,13.0,31.3,6.9,11.0,0.629,0.0,0.0,,6.9,11.0,0.629,0.629,2.3,3.1,0.75,3.2,7.4,10.6,2.2,0.5,1.1,2.2,2.7,16.2,,2026,2025-26
85.0,Derrick White,31.0,BOS,SG,14.0,14.0,32.9,5.5,15.4,0.356,2.6,8.6,0.306,2.9,6.8,0.421,0.442,2.4,2.9,0.825,0.9,3.0,3.9,5.4,1.7,1.2,1.2,1.7,16.0,,2026,2025-26
86.0,OG Anunoby,28.0,NYK,PF,12.0,12.0,31.1,5.8,12.3,0.476,2.6,6.6,0.392,3.3,5.7,0.574,0.582,1.6,2.1,0.76,1.6,4.0,5.6,2.2,1.9,0.7,1.8,2.3,15.8,,2026,2025-26
87.0,Rui Hachimura,27.0,LAL,PF,13.0,13.0,34.6,6.1,10.5,0.577,2.0,4.0,0.5,4.1,6.5,0.624,0.672,1.7,2.3,0.733,0.7,3.1,3.8,1.2,0.7,0.2,1.2,1.9,15.8,,2026,2025-26
88.0,Immanuel Quickley,26.0,TOR,PG,13.0,13.0,31.4,5.5,12.0,0.462,2.3,6.2,0.375,3.2,5.8,0.553,0.558,2.4,3.2,0.756,0.6,3.7,4.3,6.2,1.2,0.0,1.7,2.2,15.8,,2026,2025-26
89.0,Onyeka Okongwu,25.0,ATL,C,14.0,5.0,29.4,5.6,10.8,0.517,1.7,4.4,0.387,3.9,6.4,0.607,0.596,2.9,3.7,0.769,1.8,6.1,7.9,2.5,0.9,1.1,1.6,3.5,15.7,,2026,2025-26
90.0,Jarrett Allen,27.0,CLE,C,12.0,12.0,25.9,5.9,10.1,0.587,0.0,0.3,0.0,5.9,9.8,0.607,0.587,3.8,5.0,0.75,2.4,5.3,7.8,1.8,1.2,0.9,1.6,1.5,15.6,,2026,2025-26
91.0,Mikal Bridges,29.0,NYK,SF,12.0,12.0,34.8,5.8,12.0,0.486,2.5,6.0,0.417,3.3,6.0,0.556,0.59,1.4,1.7,0.85,1.3,3.3,4.5,4.9,2.0,0.9,0.9,2.2,15.6,,2026,2025-26
92.0,VJ Edgecombe,20.0,PHI,SG,12.0,12.0,37.3,5.8,14.1,0.408,2.1,5.5,0.379,3.7,8.6,0.427,0.482,2.0,2.6,0.774,1.9,3.8,5.7,4.2,1.3,0.4,2.0,3.1,15.6,,2026,2025-26
93.0,Cooper Flagg,19.0,DAL,PG,14.0,14.0,34.1,6.0,13.4,0.447,1.1,3.9,0.273,4.9,9.5,0.519,0.487,2.5,3.1,0.795,1.1,5.6,6.7,3.2,1.4,0.8,2.3,2.4,15.6,,2026,2025-26
94.0,Jalen Green,23.0,PHO,SG,2.0,2.0,15.0,5.5,11.5,0.478,3.0,7.0,0.429,2.5,4.5,0.556,0.609,1.5,2.5,0.6,1.0,1.0,2.0,2.0,1.0,0.0,1.0,1.0,15.5,,2026,2025-26
95.0,Aaron Nesmith,26.0,IND,SF,11.0,11.0,30.5,4.9,13.4,0.367,2.8,7.5,0.373,2.1,5.8,0.359,0.473,2.8,3.5,0.795,1.5,2.9,4.5,1.5,0.8,0.3,0.7,2.5,15.5,,2026,2025-26
96.0,Collin Sexton,27.0,CHO,SG,12.0,9.0,26.2,5.0,10.4,0.48,1.6,3.7,0.432,3.4,6.8,0.506,0.556,3.8,4.5,0.852,0.3,2.1,2.3,5.0,0.8,0.0,3.0,2.4,15.4,,2026,2025-26
97.0,Matas Buzelis,21.0,CHI,PF,12.0,12.0,29.1,5.5,11.3,0.485,1.8,4.6,0.4,3.7,6.8,0.543,0.566,2.3,2.8,0.848,1.2,4.6,5.8,1.2,0.8,1.1,2.0,3.4,15.2,,2026,2025-26
98.0,Nic Claxton,26.0,BRK,C,13.0,13.0,29.4,5.8,9.5,0.61,0.0,0.5,0.0,5.8,9.0,0.641,0.61,3.6,5.1,0.712,2.8,4.2,7.0,3.9,0.8,1.4,1.3,2.7,15.2,,2026,2025-26
99.0,Ayo Dosunmu,26.0,CHI,SG,10.0,0.0,25.4,5.4,10.3,0.524,1.9,4.1,0.463,3.5,6.2,0.565,0.617,2.5,2.7,0.926,0.3,2.1,2.4,3.2,0.7,0.1,1.3,1.8,15.2,,2026,2025-26
100.0,P.J. Washington,27.0,DAL,PF,13.0,13.0,31.2,5.5,12.2,0.449,1.3,4.3,0.304,4.2,7.8,0.529,0.503,2.9,4.5,0.644,1.2,6.4,7.5,2.3,0.9,1.2,2.8,2.2,15.2,,2026,2025-26
101.0,Isaiah Joe,26.0,OKC,SG,9.0,0.0,25.8,4.4,10.3,0.43,3.3,8.2,0.405,1.1,2.1,0.526,0.591,2.6,2.9,0.885,0.7,2.7,3.3,1.3,0.8,0.1,1.1,2.0,14.8,,2026,2025-26
102.0,Aaron Wiggins,27.0,OKC,SG,9.0,5.0,27.6,5.7,12.3,0.459,2.8,6.7,0.417,2.9,5.7,0.51,0.572,0.7,1.0,0.667,1.0,2.7,3.7,2.2,0.4,0.8,1.0,2.2,14.8,,2026,2025-26
103.0,Jeremiah Fears,19.0,NOP,PG,13.0,11.0,26.5,5.6,12.8,0.437,1.2,3.3,0.349,4.5,9.5,0.468,0.482,2.2,2.7,0.829,0.8,2.2,3.1,2.9,1.8,0.1,2.5,2.2,14.6,,2026,2025-26
104.0,Brandon Miller,23.0,CHO,SF,2.0,2.0,20.0,5.0,12.5,0.4,1.0,5.5,0.182,4.0,7.0,0.571,0.44,3.5,5.0,0.7,0.0,0.0,0.0,4.0,0.5,0.5,1.5,2.5,14.5,,2026,2025-26
105.0,Jabari Smith Jr.,22.0,HOU,PF,11.0,11.0,33.0,5.4,11.7,0.457,2.0,5.4,0.373,3.4,6.4,0.529,0.543,1.7,2.1,0.826,1.2,5.2,6.4,1.6,0.8,0.8,1.0,2.7,14.5,,2026,2025-26
106.0,Walker Kessler,24.0,UTA,C,5.0,5.0,30.8,5.2,7.4,0.703,1.2,1.6,0.75,4.0,5.8,0.69,0.784,2.8,4.0,0.7,4.6,6.2,10.8,3.0,1.4,1.8,3.2,4.4,14.4,,2026,2025-26
107.0,Russell Westbrook,37.0,SAC,SF,14.0,8.0,28.5,5.1,11.6,0.436,2.1,5.3,0.405,2.9,6.4,0.461,0.528,2.1,3.1,0.674,1.7,4.9,6.6,6.4,1.0,0.1,3.2,2.1,14.4,,2026,2025-26
108.0,Donte DiVincenzo,29.0,MIN,SG,13.0,13.0,30.7,4.4,10.3,0.425,2.9,7.8,0.376,1.5,2.5,0.576,0.567,2.4,2.8,0.861,0.9,2.9,3.8,3.5,1.1,0.5,1.5,2.4,14.1,,2026,2025-26
109.0,Cedric Coward,22.0,MEM,SG,14.0,1.0,26.7,4.6,9.6,0.478,1.6,4.4,0.371,2.9,5.1,0.569,0.563,3.2,3.6,0.9,1.6,4.4,6.1,3.0,0.9,0.4,1.2,2.0,14.0,,2026,2025-26
110.0,Dylan Harper,19.0,SAS,SG,6.0,0.0,23.3,5.3,10.7,0.5,0.8,2.3,0.357,4.5,8.3,0.54,0.539,2.5,3.0,0.833,0.8,3.2,4.0,3.8,0.7,0.0,1.8,3.0,14.0,,2026,2025-26
111.0,Obi Toppin,27.0,IND,PF,3.0,0.0,27.3,5.0,12.0,0.417,1.0,5.7,0.176,4.0,6.3,0.632,0.458,3.0,3.0,1.0,1.0,5.7,6.7,1.7,1.0,0.0,2.0,2.3,14.0,,2026,2025-26
112.0,Kevin Huerter,27.0,CHI,SF,12.0,3.0,26.6,5.3,10.6,0.496,1.4,4.7,0.304,3.8,5.9,0.648,0.563,2.0,2.4,0.828,0.8,3.5,4.3,2.9,1.0,1.0,1.7,2.7,13.9,,2026,2025-26
113.0,Ausar Thompson,23.0,DET,SF,10.0,10.0,29.1,5.8,11.5,0.504,0.4,1.3,0.308,5.4,10.2,0.529,0.522,1.9,3.9,0.487,2.0,4.6,6.6,3.4,1.8,0.7,1.4,2.9,13.9,,2026,2025-26
114.0,Jonathan Kuminga,23.0,GSW,PF,13.0,12.0,27.7,5.0,10.5,0.478,0.9,2.8,0.324,4.1,7.6,0.535,0.522,2.8,3.7,0.771,1.6,5.0,6.6,2.8,0.4,0.3,2.7,1.9,13.8,,2026,2025-26
115.0,Devin Vassell,25.0,SAS,SG,13.0,13.0,33.1,5.0,12.3,0.406,2.5,7.2,0.34,2.5,5.1,0.5,0.506,1.4,1.8,0.783,0.4,3.2,3.5,2.4,1.1,0.2,1.2,2.1,13.8,,2026,2025-26
116.0,Tobias Harris,33.0,DET,PF,6.0,6.0,32.2,4.7,11.8,0.394,1.3,4.7,0.286,3.3,7.2,0.465,0.451,2.8,3.0,0.944,0.8,5.2,6.0,2.8,0.8,0.2,1.3,3.0,13.5,,2026,2025-26
117.0,Kyle Kuzma,30.0,MIL,PF,13.0,4.0,26.0,5.1,9.9,0.512,0.9,3.3,0.279,4.2,6.6,0.628,0.558,2.5,3.2,0.78,0.6,3.8,4.4,1.7,0.8,0.6,1.3,2.5,13.5,,2026,2025-26
118.0,Sam Merrill,29.0,CLE,SG,11.0,7.0,25.7,4.3,9.6,0.443,3.5,8.2,0.422,0.8,1.5,0.563,0.623,1.4,1.5,0.938,0.7,1.1,1.8,2.5,0.5,0.2,0.8,3.1,13.4,,2026,2025-26
119.0,Anfernee Simons,26.0,BOS,SG,14.0,0.0,24.4,4.7,11.6,0.405,2.7,6.9,0.396,2.0,4.8,0.418,0.521,1.3,1.4,0.9,0.4,1.7,2.1,2.4,0.4,0.2,1.2,2.1,13.4,,2026,2025-26
120.0,Tre Jones,26.0,CHI,PG,11.0,11.0,29.9,4.4,8.8,0.495,0.5,1.5,0.353,3.8,7.3,0.525,0.526,4.0,4.7,0.846,0.8,3.2,4.0,5.5,2.1,0.2,1.6,2.0,13.3,,2026,2025-26
121.0,Moses Moody,23.0,GSW,SG,13.0,5.0,24.2,4.1,9.2,0.442,3.0,6.6,0.453,1.1,2.6,0.412,0.604,2.0,2.4,0.839,0.5,2.3,2.8,1.5,0.9,0.8,1.2,1.8,13.2,,2026,2025-26
122.0,Malik Monk,27.0,SAC,SG,11.0,0.0,24.3,4.7,10.4,0.456,2.0,4.5,0.44,2.7,5.8,0.469,0.553,1.6,1.8,0.9,0.3,1.3,1.5,2.1,0.9,0.5,1.0,1.7,13.1,,2026,2025-26
123.0,Zach Edey,23.0,MEM,C,1.0,1.0,25.0,3.0,7.0,0.429,0.0,1.0,0.0,3.0,6.0,0.5,0.429,7.0,9.0,0.778,2.0,5.0,7.0,0.0,2.0,2.0,1.0,4.0,13.0,,2026,2025-26
124.0,Darius Garland,26.0,CLE,PG,3.0,3.0,24.3,4.0,12.0,0.333,2.3,6.3,0.368,1.7,5.7,0.294,0.431,2.7,2.7,1.0,1.0,2.0,3.0,5.0,1.0,0.0,1.7,2.0,13.0,,2026,2025-26
125.0,Max Christie,22.0,DAL,SG,14.0,11.0,30.6,4.4,9.3,0.477,2.7,5.9,0.458,1.7,3.4,0.511,0.623,1.3,1.7,0.75,0.1,3.5,3.6,2.7,0.6,0.6,1.1,1.9,12.9,,2026,2025-26
126.0,Zaccharie Risacher,20.0,ATL,SF,12.0,12.0,24.8,5.1,10.7,0.477,1.7,4.8,0.345,3.4,5.8,0.586,0.555,1.1,1.6,0.684,0.6,2.1,2.7,1.5,1.2,0.6,0.8,1.8,12.9,,2026,2025-26
127.0,Isaiah Hartenstein,27.0,OKC,C,14.0,14.0,28.6,5.6,8.1,0.69,0.0,0.2,0.0,5.6,7.9,0.709,0.69,1.6,2.4,0.667,3.4,7.8,11.2,3.1,1.3,0.6,2.1,3.0,12.7,,2026,2025-26
128.0,Santi Aldama,25.0,MEM,PF,14.0,0.0,25.6,4.9,10.6,0.463,1.4,4.6,0.313,3.5,6.1,0.576,0.53,1.4,2.4,0.576,1.6,5.3,6.9,2.5,1.1,0.6,1.3,1.6,12.6,,2026,2025-26
129.0,Reed Sheppard,21.0,HOU,PG,12.0,0.0,22.9,4.7,9.5,0.491,2.8,5.8,0.478,1.9,3.8,0.511,0.636,0.5,0.8,0.667,0.3,2.4,2.7,3.1,1.6,0.3,1.3,2.0,12.6,,2026,2025-26
130.0,Duncan Robinson,31.0,DET,SF,13.0,13.0,32.2,4.2,9.2,0.454,3.0,6.9,0.433,1.2,2.2,0.517,0.618,1.2,1.6,0.762,0.4,2.5,2.8,1.8,0.8,0.4,0.6,2.8,12.5,,2026,2025-26
131.0,Jalen Suggs,24.0,ORL,PG,10.0,10.0,22.1,4.2,7.8,0.538,1.8,4.5,0.4,2.4,3.3,0.727,0.654,2.3,2.6,0.885,0.7,3.2,3.9,4.4,1.6,0.3,3.0,3.5,12.5,,2026,2025-26
132.0,Saddiq Bey,26.0,NOP,SF,13.0,7.0,27.5,4.4,10.2,0.429,2.2,5.4,0.4,2.2,4.8,0.46,0.534,1.5,2.1,0.704,1.8,3.0,4.8,2.0,0.8,0.0,0.7,1.0,12.4,,2026,2025-26
133.0,Wendell Carter Jr.,26.0,ORL,C,14.0,14.0,29.9,4.1,7.9,0.527,1.3,2.9,0.45,2.9,5.0,0.571,0.609,2.9,3.6,0.784,3.0,4.4,7.4,1.8,0.6,0.9,2.1,4.1,12.4,,2026,2025-26
134.0,Toumani Camara,25.0,POR,PF,13.0,13.0,34.6,4.5,11.1,0.41,2.1,6.6,0.314,2.5,4.5,0.552,0.503,1.2,1.6,0.714,1.9,3.3,5.2,2.9,1.1,0.5,2.0,3.2,12.3,,2026,2025-26
135.0,Dennis Schröder,32.0,SAC,PG,14.0,12.0,30.4,4.6,11.6,0.401,1.6,4.6,0.344,3.1,7.0,0.439,0.469,1.4,1.9,0.769,0.3,3.4,3.6,5.9,1.1,0.2,1.9,1.9,12.3,,2026,2025-26
136.0,D'Angelo Russell,29.0,DAL,PG,14.0,3.0,22.0,4.1,10.9,0.382,1.2,5.0,0.243,2.9,5.9,0.5,0.438,2.7,3.9,0.704,0.4,2.4,2.9,4.9,0.6,0.1,2.2,1.3,12.2,,2026,2025-26
137.0,Harrison Barnes,33.0,SAS,PF,13.0,13.0,29.7,4.0,7.4,0.542,2.5,5.1,0.485,1.5,2.3,0.667,0.708,1.6,1.8,0.913,0.6,2.2,2.8,2.1,1.1,0.3,1.5,1.8,12.1,,2026,2025-26
138.0,Myles Turner,29.0,MIL,C,14.0,14.0,29.4,4.2,9.6,0.44,2.3,5.6,0.41,1.9,4.0,0.482,0.56,1.4,2.1,0.69,1.2,5.0,6.2,1.9,1.1,1.8,1.4,2.8,12.1,,2026,2025-26
139.0,John Collins,28.0,LAC,PF,13.0,4.0,25.2,4.8,9.3,0.512,0.9,2.8,0.333,3.8,6.5,0.588,0.562,1.5,2.0,0.769,1.4,3.2,4.6,0.7,0.9,0.5,2.0,2.2,12.0,,2026,2025-26
140.0,Tim Hardaway Jr.,33.0,DEN,SG,12.0,1.0,23.3,3.9,8.2,0.48,2.8,5.6,0.493,1.2,2.6,0.452,0.648,1.4,1.5,0.944,0.3,1.7,1.9,1.6,0.4,0.1,0.3,1.3,12.0,,2026,2025-26
141.0,Brandin Podziemski,22.0,GSW,SG,15.0,7.0,28.4,4.3,9.5,0.455,1.9,4.9,0.384,2.5,4.7,0.529,0.552,1.4,1.9,0.75,0.4,4.1,4.5,3.1,1.3,0.3,1.3,2.3,11.9,,2026,2025-26
142.0,Quenton Jackson,27.0,IND,PG,5.0,3.0,20.2,4.0,7.4,0.541,1.2,2.4,0.5,2.8,5.0,0.56,0.622,2.6,3.6,0.722,1.0,2.4,3.4,3.6,1.0,0.2,1.2,2.0,11.8,,2026,2025-26
143.0,Tristan Da Silva,24.0,ORL,SF,14.0,2.0,23.1,4.1,8.5,0.487,2.0,4.9,0.406,2.1,3.6,0.6,0.605,1.4,1.7,0.792,0.9,2.9,3.9,1.0,0.9,0.2,0.9,0.9,11.6,,2026,2025-26
144.0,Tari Eason,24.0,HOU,PF,11.0,1.0,23.2,4.3,8.6,0.495,2.5,4.8,0.509,1.8,3.8,0.476,0.637,0.5,0.6,0.714,1.5,3.7,5.2,1.6,0.8,0.5,1.7,1.6,11.5,,2026,2025-26
145.0,Tre Johnson,19.0,WAS,SG,13.0,4.0,25.2,4.3,10.2,0.424,1.9,5.2,0.373,2.4,5.0,0.477,0.519,0.9,1.1,0.857,0.5,2.7,3.2,1.4,0.3,0.5,1.5,1.9,11.5,,2026,2025-26
146.0,Naji Marshall,28.0,DAL,SF,14.0,1.0,26.5,3.6,7.7,0.472,0.8,2.7,0.289,2.9,5.0,0.571,0.523,3.4,4.2,0.814,0.9,4.1,4.9,2.4,1.3,0.0,0.9,2.2,11.5,,2026,2025-26
147.0,Royce O'Neale,32.0,PHO,SF,14.0,10.0,29.5,4.0,9.0,0.444,3.2,7.4,0.437,0.8,1.6,0.478,0.623,0.3,0.4,0.667,1.1,4.4,5.5,3.1,1.2,0.1,1.5,2.6,11.5,,2026,2025-26
148.0,Naz Reid,26.0,MIN,C,13.0,0.0,24.3,4.4,10.0,0.438,1.8,5.3,0.348,2.5,4.7,0.541,0.531,0.9,1.5,0.632,1.2,4.4,5.6,2.1,1.0,0.9,1.4,2.8,11.5,,2026,2025-26
149.0,Christian Braun,24.0,DEN,SG,11.0,11.0,29.5,4.4,8.8,0.495,0.5,2.5,0.214,3.8,6.3,0.609,0.526,2.1,2.6,0.793,1.6,2.7,4.4,3.0,0.8,0.3,1.3,2.2,11.4,,2026,2025-26
150.0,Mark Williams,24.0,PHO,C,12.0,9.0,25.4,4.5,7.3,0.614,0.0,0.0,,4.5,7.3,0.614,0.614,2.4,3.1,0.784,2.8,5.6,8.4,0.9,1.3,0.9,0.8,2.8,11.4,,2026,2025-26
151.0,Simone Fontecchio,30.0,MIA,SF,13.0,0.0,18.9,3.7,7.4,0.5,2.5,5.2,0.493,1.2,2.2,0.517,0.672,1.4,1.6,0.857,0.5,2.0,2.5,1.0,0.5,0.2,0.9,2.2,11.3,,2026,2025-26
152.0,Anthony Black,22.0,ORL,PG,14.0,3.0,26.4,4.1,8.8,0.463,1.1,3.5,0.306,3.0,5.3,0.568,0.524,1.9,2.7,0.684,0.5,2.5,3.0,2.4,1.1,0.7,2.1,2.5,11.1,,2026,2025-26
153.0,Keldon Johnson,26.0,SAS,SF,13.0,0.0,23.2,4.5,8.0,0.558,0.5,2.2,0.25,3.9,5.8,0.671,0.591,1.6,2.0,0.808,2.4,3.8,6.2,1.7,0.8,0.1,0.7,1.9,11.1,,2026,2025-26
154.0,Vit Krejci,25.0,ATL,PG,10.0,0.0,21.1,3.9,7.2,0.542,2.6,5.4,0.481,1.3,1.8,0.722,0.722,0.7,1.0,0.7,0.3,2.1,2.4,1.8,0.5,0.3,0.6,2.5,11.1,,2026,2025-26
155.0,Jakob Poeltl,30.0,TOR,C,9.0,9.0,24.7,4.6,6.4,0.707,0.0,0.0,,4.6,6.4,0.707,0.707,2.0,3.7,0.545,3.0,4.3,7.3,1.8,0.7,0.7,1.2,3.7,11.1,,2026,2025-26
156.0,Jaylon Tyson,23.0,CLE,SG,11.0,7.0,25.8,4.0,8.2,0.489,2.2,4.7,0.462,1.8,3.5,0.526,0.622,0.9,1.2,0.769,1.4,2.6,4.0,1.8,1.3,0.8,1.0,3.8,11.1,,2026,2025-26
157.0,Isaiah Collier,21.0,UTA,PG,5.0,1.0,26.2,3.6,6.0,0.6,0.4,1.0,0.4,3.2,5.0,0.64,0.633,3.4,4.8,0.708,0.0,3.6,3.6,7.4,0.4,0.4,2.4,3.2,11.0,,2026,2025-26
158.0,Isaiah Stewart,24.0,DET,C,10.0,3.0,23.0,4.2,8.5,0.494,1.2,3.1,0.387,3.0,5.4,0.556,0.565,1.4,2.1,0.667,2.3,4.4,6.7,1.5,0.2,1.9,1.0,2.9,11.0,,2026,2025-26
159.0,A.J. Green,26.0,MIL,SG,14.0,14.0,27.3,3.4,6.9,0.49,3.0,6.4,0.472,0.4,0.5,0.714,0.708,1.1,1.4,0.789,0.1,2.4,2.4,1.7,0.4,0.1,0.8,3.2,10.8,,2026,2025-26
160.0,Kel'el Ware,21.0,MIA,C,13.0,10.0,24.0,4.2,8.1,0.524,1.0,2.7,0.371,3.2,5.4,0.6,0.586,1.4,1.8,0.75,2.6,6.6,9.2,0.7,1.0,1.4,1.0,1.9,10.8,,2026,2025-26
161.0,Daniel Gafford,27.0,DAL,C,9.0,9.0,23.0,4.1,6.2,0.661,0.0,0.0,,4.1,6.2,0.661,0.661,2.4,3.0,0.815,2.2,3.7,5.9,1.1,0.9,1.7,1.1,2.8,10.7,,2026,2025-26
162.0,Tre Mann,24.0,CHO,PG,13.0,1.0,22.7,4.0,11.2,0.359,1.7,5.5,0.31,2.3,5.7,0.405,0.434,0.9,1.0,0.923,0.8,2.5,3.3,3.3,0.6,0.2,2.1,2.3,10.6,,2026,2025-26
163.0,Brandon Williams,26.0,DAL,PG,12.0,4.0,20.6,3.8,8.6,0.447,0.3,2.3,0.143,3.5,6.3,0.56,0.466,2.6,3.4,0.756,0.5,1.9,2.4,3.3,1.8,0.1,1.8,1.6,10.6,,2026,2025-26
164.0,Moussa Diabaté,24.0,CHO,C,13.0,1.0,23.1,3.8,5.8,0.667,0.0,0.0,,3.8,5.8,0.667,0.667,2.8,3.9,0.706,4.1,3.9,8.0,1.0,0.7,1.3,0.8,2.5,10.5,,2026,2025-26
165.0,Derrick Jones Jr.,28.0,LAC,SF,13.0,13.0,24.9,3.8,7.1,0.533,1.2,3.5,0.348,2.5,3.5,0.717,0.62,1.7,2.2,0.786,0.8,1.5,2.4,1.1,0.8,1.2,0.8,2.0,10.5,,2026,2025-26
166.0,Derik Queen,21.0,NOP,C,13.0,1.0,22.3,3.9,8.1,0.486,0.1,0.8,0.1,3.8,7.3,0.526,0.49,2.5,3.3,0.767,1.6,4.5,6.1,2.6,0.9,0.7,2.0,3.0,10.5,,2026,2025-26
167.0,Rudy Gobert,33.0,MIN,C,13.0,13.0,31.5,4.5,5.8,0.763,0.0,0.0,,4.5,5.8,0.763,0.763,1.5,3.0,0.487,2.8,6.8,9.6,1.3,0.5,1.8,1.7,3.1,10.4,,2026,2025-26
168.0,Jordan Clarkson,33.0,NYK,SG,12.0,0.0,17.3,3.6,7.7,0.467,1.6,4.1,0.388,2.0,3.6,0.558,0.571,1.6,1.8,0.864,0.9,0.8,1.8,1.6,0.3,0.2,0.9,1.9,10.3,,2026,2025-26
169.0,Jock Landale,30.0,MEM,C,14.0,13.0,24.4,4.0,7.4,0.544,1.1,2.5,0.457,2.9,4.9,0.588,0.621,1.1,1.6,0.696,2.2,3.2,5.4,1.7,0.6,0.4,1.1,3.0,10.3,,2026,2025-26
170.0,Ryan Kalkbrenner,24.0,CHO,C,12.0,12.0,26.5,4.5,5.5,0.818,0.0,0.1,0.0,4.5,5.4,0.831,0.818,1.2,1.4,0.824,3.4,3.4,6.8,0.4,1.0,2.3,1.7,2.3,10.2,,2026,2025-26
171.0,Luke Kornet,30.0,SAS,C,6.0,1.0,23.0,4.2,5.2,0.806,0.0,0.0,,4.2,5.2,0.806,0.806,1.8,2.7,0.688,3.2,3.3,6.5,1.8,0.0,1.2,0.7,2.0,10.2,,2026,2025-26
172.0,Jake LaRavia,24.0,LAL,PF,14.0,6.0,28.8,3.7,7.8,0.477,1.1,3.2,0.333,2.6,4.6,0.578,0.546,1.7,2.6,0.667,1.4,3.1,4.5,2.4,1.5,0.3,1.3,2.6,10.2,,2026,2025-26
173.0,Marcus Smart,31.0,LAL,SG,11.0,9.0,29.2,3.2,7.9,0.402,1.1,4.7,0.231,2.1,3.2,0.657,0.471,2.7,2.9,0.938,0.5,1.8,2.4,3.4,2.2,0.2,2.4,3.0,10.2,,2026,2025-26
174.0,Jarace Walker,22.0,IND,PF,13.0,8.0,29.2,3.3,11.3,0.293,1.4,5.4,0.257,1.9,5.9,0.325,0.354,2.2,2.6,0.824,0.7,4.7,5.4,3.2,0.5,0.5,2.2,2.1,10.2,,2026,2025-26
175.0,Herbert Jones,27.0,NOP,SF,13.0,13.0,30.5,3.7,8.8,0.417,1.7,4.5,0.373,2.0,4.3,0.464,0.513,1.0,1.5,0.684,0.9,2.7,3.6,2.4,1.4,0.2,1.6,3.5,10.1,,2026,2025-26
176.0,Gary Trent Jr.,27.0,MIL,SG,14.0,12.0,27.4,3.4,8.8,0.39,2.3,6.1,0.372,1.1,2.6,0.432,0.52,0.9,1.3,0.722,0.1,1.5,1.6,2.1,1.1,0.1,0.6,2.1,10.1,,2026,2025-26
177.0,Davion Mitchell,27.0,MIA,PG,13.0,13.0,30.6,4.0,8.1,0.495,1.2,3.0,0.385,2.8,5.1,0.561,0.567,0.8,1.5,0.579,0.5,2.4,2.8,7.6,1.5,0.1,1.7,3.2,10.0,,2026,2025-26
178.0,Pete Nance,25.0,MIL,PF,1.0,0.0,4.0,4.0,5.0,0.8,2.0,3.0,0.667,2.0,2.0,1.0,1.0,0.0,0.0,,0.0,1.0,1.0,0.0,0.0,0.0,0.0,0.0,10.0,,2026,2025-26
179.0,Kevin Porter Jr.,25.0,MIL,PG,1.0,1.0,9.0,3.0,5.0,0.6,2.0,3.0,0.667,1.0,2.0,0.5,0.8,2.0,2.0,1.0,0.0,0.0,0.0,2.0,1.0,0.0,0.0,0.0,10.0,,2026,2025-26
180.0,Landry Shamet,28.0,NYK,SG,12.0,3.0,20.8,3.1,6.3,0.487,2.1,4.7,0.446,1.0,1.7,0.6,0.651,1.8,2.1,0.84,0.5,1.5,2.0,0.9,0.4,0.1,0.5,1.3,10.0,,2026,2025-26
181.0,Ziaire Williams,24.0,BRK,SF,11.0,0.0,22.8,3.1,7.8,0.395,1.8,5.8,0.313,1.3,2.0,0.636,0.512,2.0,2.4,0.846,0.7,1.8,2.5,0.5,0.9,0.5,0.8,2.5,10.0,,2026,2025-26
182.0,Collin Gillespie,26.0,PHO,PG,14.0,0.0,24.1,3.4,8.7,0.385,2.3,5.9,0.386,1.1,2.8,0.385,0.516,0.9,1.2,0.765,1.1,3.1,4.1,5.1,1.0,0.4,1.4,1.3,9.9,,2026,2025-26
183.0,Pelle Larsson,24.0,MIA,SG,13.0,10.0,21.5,3.5,6.5,0.548,1.2,3.1,0.375,2.4,3.4,0.705,0.637,1.7,2.1,0.815,0.4,2.0,2.4,2.7,0.5,0.2,1.2,1.9,9.9,,2026,2025-26
184.0,Terance Mann,29.0,BRK,SG,13.0,13.0,27.1,3.7,7.8,0.475,1.2,3.1,0.375,2.5,4.7,0.541,0.55,1.4,1.6,0.857,1.5,1.5,3.1,3.2,0.8,0.2,0.8,3.2,9.9,,2026,2025-26
185.0,Khris Middleton,34.0,WAS,SF,10.0,10.0,24.8,3.8,8.0,0.475,0.9,2.8,0.321,2.9,5.2,0.558,0.531,1.4,1.9,0.737,1.3,2.6,3.9,2.4,0.9,0.2,1.6,3.3,9.9,,2026,2025-26
186.0,Julian Champagnie,24.0,SAS,SF,13.0,8.0,27.5,3.0,7.2,0.415,2.1,5.5,0.375,0.9,1.7,0.545,0.559,1.7,2.2,0.759,0.8,3.8,4.6,1.2,1.2,0.3,1.3,1.2,9.8,,2026,2025-26
187.0,Daniss Jenkins,24.0,DET,PG,8.0,2.0,19.5,3.8,8.0,0.469,1.4,2.5,0.55,2.4,5.5,0.432,0.555,0.9,1.3,0.7,0.8,1.3,2.0,3.6,1.5,0.0,1.4,1.4,9.8,,2026,2025-26
188.0,Jalen Smith,25.0,CHI,C,12.0,0.0,15.8,3.6,7.4,0.483,1.6,4.1,0.388,2.0,3.3,0.6,0.59,1.0,1.5,0.667,2.1,4.1,6.2,1.3,0.2,0.3,1.0,2.1,9.8,,2026,2025-26
189.0,Bogdan Bogdanović,33.0,LAC,SG,7.0,2.0,26.1,3.3,8.1,0.404,1.9,5.0,0.371,1.4,3.1,0.455,0.518,1.3,1.4,0.9,0.3,3.0,3.3,3.1,0.9,0.1,1.7,2.6,9.7,,2026,2025-26
190.0,Bilal Coulibaly,21.0,WAS,SG,5.0,5.0,24.6,3.2,8.8,0.364,1.0,3.4,0.294,2.2,5.4,0.407,0.42,2.2,3.0,0.733,0.8,3.6,4.4,3.4,1.2,1.2,2.0,2.2,9.6,,2026,2025-26
191.0,Caris LeVert,31.0,DET,SG,9.0,0.0,20.1,3.4,6.8,0.508,1.3,3.0,0.444,2.1,3.8,0.559,0.607,1.3,2.1,0.632,0.1,1.2,1.3,3.0,0.7,0.4,1.6,1.3,9.6,,2026,2025-26
192.0,Sandro Mamukelashvili,26.0,TOR,C,12.0,0.0,18.1,3.4,5.8,0.594,1.1,2.4,0.448,2.3,3.3,0.7,0.688,1.7,2.1,0.8,1.0,2.6,3.6,1.9,0.5,0.4,0.9,1.7,9.6,,2026,2025-26
193.0,Bobby Portis,30.0,MIL,PF,14.0,0.0,20.4,3.9,8.4,0.47,1.4,3.1,0.432,2.6,5.2,0.493,0.551,0.4,0.6,0.75,1.2,4.3,5.5,1.2,0.3,0.1,1.3,1.8,9.6,,2026,2025-26
194.0,Klay Thompson,35.0,DAL,SF,13.0,7.0,21.6,3.4,10.0,0.338,2.4,7.5,0.32,1.0,2.5,0.394,0.458,0.5,0.5,1.0,0.2,2.5,2.8,1.9,0.2,0.4,1.2,0.8,9.6,,2026,2025-26
195.0,Noah Clowney,21.0,BRK,PF,13.0,7.0,25.1,2.6,7.5,0.347,1.7,5.7,0.297,0.9,1.8,0.5,0.459,2.5,3.4,0.75,0.8,3.2,3.9,1.8,0.6,0.4,1.6,2.0,9.5,,2026,2025-26
196.0,Svi Mykhailiuk,28.0,UTA,SF,13.0,13.0,27.2,3.5,7.5,0.469,2.0,5.4,0.371,1.5,2.2,0.714,0.602,0.4,0.5,0.833,0.8,1.8,2.5,2.1,0.5,0.2,0.7,1.4,9.5,,2026,2025-26
197.0,Jaylen Wells,22.0,MEM,SG,14.0,14.0,25.3,3.5,9.6,0.366,1.5,5.3,0.284,2.0,4.3,0.467,0.444,1.0,1.5,0.667,1.2,2.4,3.6,1.5,0.6,0.0,0.9,2.1,9.5,,2026,2025-26
198.0,Will Richard,23.0,GSW,SG,13.0,4.0,18.2,3.3,5.8,0.566,1.4,3.4,0.409,1.9,2.5,0.781,0.684,1.4,1.8,0.783,1.2,1.2,2.5,1.3,1.1,0.1,0.8,2.2,9.4,,2026,2025-26
199.0,Jordan Miller,26.0,LAC,SF,3.0,0.0,16.3,2.7,5.3,0.5,1.7,3.0,0.556,1.0,2.3,0.429,0.656,2.3,2.7,0.875,1.0,1.7,2.7,1.0,0.3,0.0,1.0,0.7,9.3,,2026,2025-26
200.0,Neemias Queta,26.0,BOS,C,14.0,14.0,24.6,4.1,6.6,0.613,0.0,0.2,0.0,4.1,6.4,0.633,0.613,1.1,1.9,0.593,3.1,5.0,8.1,1.7,0.8,1.4,0.9,3.1,9.3,,2026,2025-26
201.0,Cole Anthony,25.0,MIL,PG,13.0,0.0,19.5,3.8,8.9,0.431,0.8,2.8,0.297,3.0,6.1,0.494,0.478,0.6,1.2,0.533,0.6,2.8,3.5,5.0,0.8,0.4,2.1,2.8,9.2,,2026,2025-26
202.0,Ron Holland,20.0,DET,SF,13.0,4.0,23.8,3.4,8.8,0.386,1.0,3.5,0.289,2.4,5.3,0.449,0.443,1.5,1.7,0.864,0.9,2.9,3.8,1.8,1.8,0.2,1.8,3.0,9.2,,2026,2025-26
203.0,Nikola Jović,22.0,MIA,PF,13.0,1.0,21.8,3.0,7.3,0.411,1.1,3.6,0.298,1.9,3.7,0.521,0.484,2.0,2.7,0.743,0.8,3.8,4.6,3.2,0.7,0.5,1.9,2.6,9.1,,2026,2025-26
204.0,Brice Sensabaugh,22.0,UTA,SF,12.0,0.0,14.5,3.1,6.8,0.457,1.8,4.8,0.362,1.3,1.9,0.696,0.586,1.2,1.3,0.933,0.5,2.3,2.8,1.1,0.5,0.1,0.8,1.5,9.1,,2026,2025-26
205.0,Trendon Watford,25.0,PHI,PF,9.0,4.0,21.6,3.4,6.6,0.525,0.6,1.3,0.417,2.9,5.2,0.553,0.568,1.6,2.1,0.737,1.3,3.4,4.8,3.7,0.3,0.2,1.4,2.6,9.0,,2026,2025-26
206.0,Collin Murray-Boyles,20.0,TOR,PF,10.0,3.0,20.4,3.3,6.5,0.508,0.9,1.8,0.5,2.4,4.7,0.511,0.577,1.4,1.9,0.737,1.9,1.8,3.7,1.2,0.8,0.5,1.1,2.5,8.9,,2026,2025-26
207.0,Cam Whitmore,21.0,WAS,SF,13.0,0.0,17.0,3.5,7.6,0.455,0.8,2.6,0.324,2.6,5.0,0.523,0.51,1.2,1.5,0.75,0.6,1.7,2.3,0.6,0.8,0.2,1.0,1.3,8.9,,2026,2025-26
208.0,Donovan Clingan,21.0,POR,C,13.0,13.0,25.1,3.5,7.4,0.479,0.6,3.1,0.2,2.9,4.3,0.679,0.521,1.2,1.2,0.938,4.5,4.5,9.0,1.2,0.7,1.4,0.7,2.8,8.8,,2026,2025-26
209.0,Dyson Daniels,22.0,ATL,SG,14.0,14.0,32.8,3.8,8.1,0.469,0.2,0.9,0.231,3.6,7.1,0.5,0.482,0.9,1.5,0.619,1.6,4.1,5.7,5.9,2.3,0.4,2.1,2.6,8.7,,2026,2025-26
210.0,Josh Hart,30.0,NYK,SF,11.0,0.0,24.7,3.4,7.3,0.463,1.1,3.1,0.353,2.3,4.2,0.543,0.538,0.9,1.2,0.769,1.6,5.1,6.7,4.3,0.8,0.1,1.7,1.9,8.7,,2026,2025-26
211.0,T.J. McConnell,33.0,IND,PG,3.0,0.0,14.3,4.0,10.3,0.387,0.3,2.0,0.167,3.7,8.3,0.44,0.403,0.3,0.3,1.0,0.3,0.7,1.0,2.3,0.7,0.0,0.0,1.0,8.7,,2026,2025-26
212.0,Cam Spencer,25.0,MEM,SG,14.0,1.0,18.7,2.6,6.1,0.419,1.9,4.3,0.45,0.6,1.9,0.346,0.576,1.6,1.9,0.885,0.1,1.9,2.0,3.0,0.7,0.1,0.9,1.4,8.7,,2026,2025-26
213.0,Jonas Valančiūnas,33.0,DEN,C,12.0,0.0,12.6,3.3,6.0,0.556,0.2,0.5,0.333,3.2,5.5,0.576,0.569,1.8,2.6,0.71,1.7,3.3,4.9,1.3,0.1,0.8,1.0,2.0,8.7,,2026,2025-26
214.0,Ryan Dunn,23.0,PHO,SF,14.0,9.0,23.9,3.5,7.3,0.48,1.0,3.1,0.318,2.5,4.1,0.603,0.549,0.6,0.9,0.692,2.1,3.0,5.1,1.8,1.1,0.7,1.0,2.4,8.6,,2026,2025-26
215.0,Miles McBride,25.0,NYK,SG,10.0,2.0,22.8,3.0,7.6,0.395,1.9,5.0,0.38,1.1,2.6,0.423,0.52,0.6,0.9,0.667,0.9,1.6,2.5,2.7,0.9,0.1,0.8,1.5,8.5,,2026,2025-26
216.0,Tolu Smith,25.0,DET,PF,2.0,0.0,11.0,3.0,4.0,0.75,0.0,0.0,,3.0,4.0,0.75,0.75,2.5,3.5,0.714,2.0,3.5,5.5,1.0,0.5,0.5,0.5,1.0,8.5,,2026,2025-26
217.0,Cason Wallace,22.0,OKC,SG,13.0,13.0,29.1,3.1,7.4,0.417,1.6,4.2,0.382,1.5,3.2,0.463,0.526,0.8,0.8,0.909,0.8,2.3,3.2,2.8,2.3,0.3,1.1,2.4,8.5,,2026,2025-26
218.0,Ace Bailey,19.0,UTA,SF,13.0,4.0,20.1,3.2,7.6,0.414,1.0,3.1,0.325,2.2,4.5,0.475,0.48,1.1,1.3,0.824,2.0,1.6,3.6,1.5,0.6,0.2,1.4,2.5,8.4,,2026,2025-26
219.0,Dominick Barlow,22.0,PHI,PF,3.0,2.0,26.3,3.0,6.0,0.5,0.7,2.3,0.286,2.3,3.7,0.636,0.556,1.7,2.0,0.833,3.7,3.0,6.7,2.7,0.0,1.0,1.7,2.0,8.3,,2026,2025-26
220.0,Luke Kennard,29.0,ATL,SG,12.0,0.0,22.8,2.9,6.0,0.486,1.5,3.5,0.429,1.4,2.5,0.567,0.611,1.0,1.1,0.923,0.7,1.6,2.3,1.8,1.0,0.1,1.3,1.3,8.3,,2026,2025-26
221.0,Isaac Okoro,25.0,CHI,SG,12.0,12.0,25.8,2.9,6.6,0.443,1.2,3.1,0.378,1.8,3.5,0.5,0.532,1.3,1.4,0.882,1.3,1.8,3.0,1.9,0.5,0.8,1.3,3.3,8.3,,2026,2025-26
222.0,Bradley Beal,32.0,LAC,SG,6.0,6.0,20.2,3.0,8.0,0.375,1.2,3.2,0.368,1.8,4.8,0.379,0.448,1.0,1.3,0.75,0.3,0.5,0.8,1.7,0.5,0.0,1.5,2.3,8.2,,2026,2025-26
223.0,Sion James,23.0,CHO,SG,13.0,8.0,26.8,2.7,5.5,0.486,1.5,3.2,0.488,1.2,2.4,0.484,0.625,1.2,1.5,0.842,0.4,2.6,3.0,1.5,0.8,0.3,0.9,1.6,8.2,,2026,2025-26
224.0,Isaiah Jackson,24.0,IND,C,13.0,9.0,18.6,3.2,5.7,0.554,0.0,0.0,,3.2,5.7,0.554,0.554,1.8,2.2,0.821,2.4,3.7,6.1,0.9,0.6,0.3,1.2,3.2,8.1,,2026,2025-26
225.0,Patrick Williams,24.0,CHI,PF,12.0,0.0,22.3,2.8,6.2,0.446,1.6,3.8,0.422,1.2,2.4,0.483,0.574,1.0,1.5,0.667,0.7,2.3,2.9,1.5,1.2,0.4,1.2,1.7,8.1,,2026,2025-26
226.0,Andre Drummond,32.0,PHI,C,11.0,3.0,21.5,3.2,5.4,0.593,0.5,1.3,0.429,2.6,4.1,0.644,0.644,1.1,1.8,0.6,3.0,5.8,8.8,0.8,0.7,0.9,0.5,2.1,8.0,,2026,2025-26
227.0,Corey Kispert,26.0,WAS,SF,13.0,0.0,19.0,2.8,5.5,0.5,1.4,3.6,0.383,1.4,1.9,0.72,0.625,1.1,1.5,0.737,0.3,2.0,2.3,1.6,0.2,0.2,0.7,1.3,8.0,,2026,2025-26
228.0,Josh Okogie,27.0,HOU,SG,12.0,10.0,22.6,2.6,5.3,0.492,1.3,2.9,0.457,1.3,2.3,0.536,0.619,1.5,1.8,0.818,0.9,1.3,2.3,1.3,1.6,0.2,0.6,2.1,8.0,,2026,2025-26
229.0,Vince Williams Jr.,25.0,MEM,SG,9.0,1.0,19.3,2.6,6.4,0.397,1.6,4.3,0.359,1.0,2.1,0.474,0.517,1.3,1.6,0.857,0.7,3.6,4.2,2.7,0.8,0.2,2.0,2.0,8.0,,2026,2025-26
230.0,Kentavious Caldwell-Pope,32.0,MEM,SG,14.0,13.0,23.4,2.6,7.2,0.356,1.0,3.4,0.298,1.6,3.9,0.407,0.426,1.8,2.0,0.893,0.4,2.2,2.6,3.1,0.8,0.3,1.1,1.3,7.9,,2026,2025-26
231.0,Jose Alvarado,27.0,NOP,PG,12.0,0.0,19.6,2.6,6.0,0.431,1.7,3.9,0.426,0.9,2.1,0.44,0.569,0.9,1.1,0.846,0.4,2.0,2.4,2.6,0.9,0.0,1.1,1.4,7.8,,2026,2025-26
232.0,Kyle Filipowski,22.0,UTA,C,13.0,5.0,19.8,2.7,6.5,0.412,0.8,2.7,0.314,1.8,3.8,0.48,0.476,1.5,2.2,0.69,1.5,4.1,5.6,2.3,0.4,0.5,1.2,2.8,7.8,,2026,2025-26
233.0,Draymond Green,35.0,GSW,PF,14.0,14.0,28.1,2.7,7.3,0.373,1.5,4.2,0.356,1.2,3.1,0.395,0.475,0.7,1.2,0.588,0.9,4.9,5.8,5.7,0.8,0.7,3.2,3.7,7.6,,2026,2025-26
234.0,Dalton Knecht,24.0,LAL,SF,13.0,1.0,18.9,3.0,6.5,0.464,1.2,3.5,0.326,1.8,2.9,0.632,0.554,0.5,0.7,0.667,0.6,1.8,2.4,0.6,0.5,0.5,0.6,1.5,7.6,,2026,2025-26
235.0,Gradey Dick,22.0,TOR,SG,13.0,0.0,16.5,2.4,5.7,0.419,1.2,3.4,0.341,1.2,2.3,0.533,0.52,1.6,2.0,0.808,0.4,1.9,2.3,0.5,0.5,0.0,0.4,0.8,7.5,,2026,2025-26
236.0,Josh Minott,23.0,BOS,PF,13.0,9.0,20.2,2.7,5.8,0.461,1.0,3.0,0.333,1.7,2.8,0.595,0.546,1.1,1.3,0.824,1.9,3.4,5.3,1.5,1.1,0.4,0.7,2.2,7.5,,2026,2025-26
237.0,Luka Garza,27.0,BOS,C,13.0,0.0,14.2,2.7,4.7,0.574,0.6,1.6,0.381,2.1,3.1,0.675,0.639,1.3,1.7,0.773,2.5,1.7,4.2,0.8,0.3,0.5,0.4,3.1,7.3,,2026,2025-26
238.0,Tyrese Martin,26.0,BRK,SG,13.0,2.0,21.2,2.8,7.5,0.371,1.3,4.4,0.298,1.5,3.1,0.475,0.459,0.5,0.7,0.667,1.1,2.1,3.2,2.5,0.5,0.2,1.1,1.0,7.3,,2026,2025-26
239.0,Marvin Bagley III,26.0,WAS,PF,13.0,0.0,14.6,2.9,4.5,0.655,0.2,0.5,0.5,2.7,4.0,0.673,0.681,1.2,1.6,0.714,1.8,2.4,4.2,1.2,0.5,0.5,0.9,2.1,7.2,,2026,2025-26
240.0,Kris Dunn,31.0,LAC,PG,13.0,7.0,25.6,2.7,5.8,0.467,0.8,2.4,0.355,1.8,3.4,0.545,0.54,1.0,1.4,0.722,0.8,1.7,2.5,2.2,1.5,0.3,1.5,2.5,7.2,,2026,2025-26
241.0,Javonte Green,32.0,DET,SG,13.0,3.0,22.6,2.2,6.2,0.363,1.0,3.2,0.31,1.2,2.9,0.421,0.444,1.7,2.4,0.71,1.0,2.8,3.8,1.3,1.0,0.5,0.8,1.5,7.2,,2026,2025-26
242.0,Cameron Johnson,29.0,DEN,SF,11.0,11.0,24.5,2.6,7.1,0.372,0.7,3.5,0.211,1.9,3.6,0.525,0.423,1.2,1.5,0.813,0.6,2.0,2.6,1.8,0.5,0.1,0.5,2.3,7.2,,2026,2025-26
243.0,Jusuf Nurkić,31.0,UTA,C,13.0,8.0,24.2,2.7,7.2,0.372,0.3,1.8,0.167,2.4,5.4,0.443,0.394,1.5,2.5,0.606,2.2,7.3,9.5,3.6,1.8,0.5,2.7,2.8,7.2,,2026,2025-26
244.0,Keon Ellis,26.0,SAC,SG,14.0,2.0,18.8,2.4,5.4,0.453,1.7,3.9,0.444,0.7,1.5,0.476,0.613,0.5,0.7,0.7,0.3,1.2,1.5,0.6,1.4,0.3,0.4,2.4,7.1,,2026,2025-26
245.0,Paul Reed,26.0,DET,C,11.0,2.0,12.8,3.2,4.6,0.686,0.4,0.6,0.571,2.8,4.0,0.705,0.725,0.4,0.7,0.5,2.2,2.6,4.8,1.2,1.1,0.9,1.2,1.8,7.1,,2026,2025-26
246.0,Kyle Anderson,32.0,UTA,SF,3.0,0.0,16.3,2.7,5.7,0.471,0.0,0.0,,2.7,5.7,0.471,0.471,1.7,2.3,0.714,1.0,1.3,2.3,3.0,0.3,0.0,1.0,2.0,7.0,,2026,2025-26
247.0,Egor Demin,19.0,BRK,PG,12.0,5.0,20.5,2.3,6.3,0.373,1.7,4.7,0.357,0.7,1.6,0.421,0.507,0.7,0.8,0.889,0.5,2.5,3.0,3.3,0.8,0.2,1.5,1.8,7.0,,2026,2025-26
248.0,Nick Smith Jr.,21.0,LAL,SG,6.0,0.0,15.0,2.7,6.2,0.432,1.3,3.0,0.444,1.3,3.2,0.421,0.541,0.3,0.5,0.667,0.0,1.0,1.0,2.2,0.5,0.2,1.7,0.7,7.0,,2026,2025-26
249.0,Nae'Qwan Tomlin,25.0,CLE,PF,5.0,0.0,12.8,2.6,5.0,0.52,0.0,1.4,0.0,2.6,3.6,0.722,0.52,1.8,2.0,0.9,2.2,1.4,3.6,0.6,1.2,0.8,0.2,2.8,7.0,,2026,2025-26
250.0,Buddy Hield,33.0,GSW,SG,15.0,0.0,16.8,2.5,5.8,0.425,1.2,3.7,0.321,1.3,2.1,0.613,0.529,0.8,0.9,0.923,0.3,1.3,1.6,1.6,0.9,0.0,1.0,1.3,6.9,,2026,2025-26
251.0,Bruce Brown,29.0,DEN,SG,12.0,0.0,22.5,2.4,5.7,0.426,0.8,1.8,0.429,1.7,3.9,0.426,0.493,1.1,1.3,0.867,1.2,3.3,4.5,1.3,0.8,0.2,0.8,2.4,6.7,,2026,2025-26
252.0,Justin Edwards,22.0,PHI,SF,10.0,1.0,13.6,2.4,4.7,0.511,1.6,3.4,0.471,0.8,1.3,0.615,0.681,0.3,0.3,1.0,0.5,1.0,1.5,0.9,0.2,0.2,0.5,2.1,6.7,,2026,2025-26
253.0,Brook Lopez,37.0,LAC,C,13.0,0.0,15.3,2.4,5.6,0.425,1.4,3.9,0.353,1.0,1.7,0.591,0.548,0.5,0.8,0.7,0.3,2.0,2.3,0.6,0.4,0.8,0.9,1.7,6.7,,2026,2025-26
254.0,Luguentz Dort,26.0,OKC,SF,8.0,8.0,30.6,2.3,7.3,0.31,1.0,4.8,0.211,1.3,2.5,0.5,0.379,1.1,1.3,0.9,1.8,3.1,4.9,1.5,0.9,0.1,0.8,2.6,6.6,,2026,2025-26
255.0,Jordan Goodwin,27.0,PHO,PG,11.0,0.0,16.7,2.5,5.7,0.429,1.2,3.0,0.394,1.3,2.7,0.467,0.532,0.5,0.7,0.75,1.5,2.2,3.7,2.0,1.2,0.1,1.1,1.6,6.6,,2026,2025-26
256.0,Jeremy Sochan,22.0,SAS,PF,7.0,0.0,15.6,2.4,3.9,0.63,0.7,1.4,0.5,1.7,2.4,0.706,0.722,1.0,1.3,0.778,0.6,2.1,2.7,1.6,0.4,0.3,1.1,2.9,6.6,,2026,2025-26
257.0,Sam Hauser,28.0,BOS,PF,14.0,2.0,21.5,2.1,6.9,0.313,2.0,6.1,0.329,0.1,0.8,0.182,0.458,0.2,0.3,0.75,0.7,2.5,3.2,1.3,0.5,0.3,0.7,1.0,6.5,,2026,2025-26
258.0,Jamal Shead,23.0,TOR,PG,13.0,0.0,17.9,2.2,5.0,0.431,1.2,2.8,0.432,0.9,2.2,0.429,0.554,1.0,1.2,0.813,0.4,1.3,1.7,5.1,0.7,0.0,1.2,2.2,6.5,,2026,2025-26
259.0,Ben Sheppard,24.0,IND,SG,13.0,5.0,25.1,2.4,7.5,0.316,1.0,4.2,0.241,1.4,3.4,0.409,0.383,0.8,1.0,0.769,0.8,3.7,4.5,1.6,0.5,0.2,0.7,2.6,6.5,,2026,2025-26
260.0,Peyton Watson,23.0,DEN,SF,12.0,2.0,22.2,2.3,5.3,0.438,0.3,1.5,0.222,2.0,3.8,0.522,0.469,1.5,2.1,0.72,1.2,2.5,3.7,1.3,1.2,1.1,1.0,1.9,6.5,,2026,2025-26
261.0,Lonzo Ball,28.0,CLE,PG,11.0,2.0,23.0,2.1,5.9,0.354,1.6,4.8,0.34,0.5,1.1,0.417,0.492,0.5,0.7,0.75,1.3,2.7,4.0,5.4,1.0,0.2,2.4,1.8,6.4,,2026,2025-26
262.0,Bub Carrington,20.0,WAS,PG,13.0,5.0,26.8,2.2,6.5,0.329,1.3,3.0,0.436,0.8,3.5,0.239,0.429,0.8,1.1,0.714,0.2,3.8,4.0,4.4,0.7,0.2,2.5,2.5,6.4,,2026,2025-26
263.0,Drew Eubanks,28.0,SAC,C,14.0,3.0,14.6,2.6,4.0,0.661,0.0,0.1,0.0,2.6,3.9,0.673,0.661,1.1,2.2,0.484,0.6,2.1,2.8,0.3,0.5,1.0,0.9,1.3,6.4,,2026,2025-26
264.0,Day'Ron Sharpe,24.0,BRK,C,12.0,0.0,15.8,2.3,3.8,0.622,0.3,0.8,0.3,2.1,2.9,0.714,0.656,1.5,2.3,0.667,2.3,2.9,5.3,1.9,0.8,0.5,2.0,2.4,6.4,,2026,2025-26
265.0,Mac McClung,27.0,IND,SG,3.0,0.0,11.3,2.3,6.0,0.389,0.7,3.3,0.2,1.7,2.7,0.625,0.444,1.0,1.3,0.75,0.0,1.3,1.3,0.3,1.7,0.3,0.7,2.0,6.3,,2026,2025-26
266.0,Walter Clayton,22.0,UTA,PG,11.0,0.0,16.2,2.0,4.9,0.407,0.9,2.6,0.345,1.1,2.3,0.48,0.5,1.3,1.3,1.0,0.5,1.8,2.4,3.2,0.5,0.3,1.4,1.8,6.2,,2026,2025-26
267.0,Mike Conley,38.0,MIN,PG,13.0,4.0,20.5,1.8,4.4,0.421,1.4,2.9,0.474,0.5,1.5,0.316,0.579,1.2,1.2,1.0,0.4,1.6,2.0,3.5,0.6,0.2,1.0,1.7,6.2,,2026,2025-26
268.0,Mouhamed Gueye,23.0,ATL,PF,14.0,2.0,16.5,2.6,5.1,0.5,0.7,2.4,0.294,1.9,2.7,0.684,0.569,0.4,0.7,0.5,1.1,2.7,3.8,1.4,0.4,0.6,0.9,1.9,6.2,,2026,2025-26
269.0,Jalen Wilson,25.0,BRK,PF,11.0,0.0,15.7,1.9,4.8,0.396,1.5,3.3,0.444,0.5,1.5,0.294,0.547,0.9,1.2,0.769,0.2,0.8,1.0,0.6,0.2,0.0,0.7,1.4,6.2,,2026,2025-26
270.0,Steven Adams,32.0,HOU,C,11.0,2.0,21.7,2.3,4.5,0.51,0.0,0.0,,2.3,4.5,0.51,0.51,1.5,2.1,0.739,5.1,4.3,9.4,1.5,0.7,0.7,1.1,2.2,6.1,,2026,2025-26
271.0,Drake Powell,20.0,BRK,SG,7.0,0.0,17.7,2.6,4.9,0.529,0.7,1.6,0.455,1.9,3.3,0.565,0.603,0.3,0.3,1.0,0.4,1.9,2.3,2.0,0.9,0.1,1.3,1.7,6.1,,2026,2025-26
272.0,Taurean Prince,31.0,MIL,SF,8.0,0.0,21.1,2.1,4.8,0.447,1.5,3.5,0.429,0.6,1.3,0.5,0.605,0.4,0.4,1.0,0.0,1.6,1.6,1.0,0.8,0.3,0.6,2.5,6.1,,2026,2025-26
273.0,Doug McDermott,34.0,SAC,SF,1.0,0.0,8.0,2.0,3.0,0.667,2.0,3.0,0.667,0.0,0.0,,1.0,0.0,0.0,,0.0,0.0,0.0,0.0,0.0,0.0,1.0,1.0,6.0,,2026,2025-26
274.0,Blake Wesley,22.0,POR,SG,6.0,0.0,16.3,2.3,5.7,0.412,0.3,1.7,0.2,2.0,4.0,0.5,0.441,1.0,1.7,0.6,0.3,2.0,2.3,3.2,1.7,0.2,1.2,2.3,6.0,,2026,2025-26
275.0,Precious Achiuwa,26.0,SAC,C,7.0,4.0,16.9,2.4,4.4,0.548,0.0,1.1,0.0,2.4,3.3,0.739,0.548,1.0,1.9,0.538,1.4,2.7,4.1,0.7,0.7,0.4,0.4,1.0,5.9,,2026,2025-26
276.0,Goga Bitadze,26.0,ORL,C,14.0,0.0,16.8,2.1,3.1,0.698,0.1,0.4,0.333,2.0,2.6,0.757,0.721,1.5,2.1,0.724,1.6,3.4,5.1,1.1,0.5,1.3,0.5,2.1,5.9,,2026,2025-26
277.0,Yves Missi,21.0,NOP,C,8.0,4.0,19.1,2.4,3.8,0.633,0.0,0.0,,2.4,3.8,0.633,0.633,1.1,2.3,0.5,3.0,2.1,5.1,1.3,0.3,1.0,1.1,1.6,5.9,,2026,2025-26
278.0,Asa Newell,20.0,ATL,PF,8.0,0.0,10.0,2.0,4.0,0.5,1.0,2.0,0.5,1.0,2.0,0.5,0.625,0.9,1.1,0.778,1.1,1.0,2.1,0.1,0.5,0.4,0.5,1.4,5.9,,2026,2025-26
279.0,Dru Smith,28.0,MIA,SG,13.0,0.0,16.7,2.2,4.8,0.468,0.7,2.1,0.333,1.5,2.7,0.571,0.54,0.8,0.9,0.833,0.8,1.1,1.9,3.3,1.5,0.2,0.9,1.8,5.9,,2026,2025-26
280.0,Tony Bradley,28.0,IND,C,13.0,3.0,14.3,2.5,3.8,0.64,0.0,0.1,0.0,2.5,3.8,0.653,0.64,0.8,1.3,0.647,2.0,1.3,3.3,0.8,0.2,0.2,0.3,2.3,5.8,,2026,2025-26
281.0,Alex Caruso,31.0,OKC,SG,10.0,0.0,18.3,2.0,5.2,0.385,1.3,3.5,0.371,0.7,1.7,0.412,0.51,0.5,0.6,0.833,0.2,1.9,2.1,2.4,1.9,0.3,0.9,0.7,5.8,,2026,2025-26
282.0,RayJ Dennis,24.0,IND,PG,11.0,0.0,14.6,2.0,6.4,0.314,1.1,3.4,0.324,0.9,3.0,0.303,0.4,0.7,0.8,0.889,0.7,1.0,1.7,2.3,0.3,0.4,1.3,1.5,5.8,,2026,2025-26
283.0,Jevon Carter,30.0,CHI,PG,3.0,0.0,12.7,1.7,2.7,0.625,1.7,2.3,0.714,0.0,0.3,0.0,0.938,0.7,0.7,1.0,0.3,0.7,1.0,2.0,0.7,0.0,0.3,0.3,5.7,,2026,2025-26
284.0,KJ Simpson,23.0,CHO,PG,6.0,0.0,15.0,2.2,6.2,0.351,0.8,2.3,0.357,1.3,3.8,0.348,0.419,0.5,0.7,0.75,0.5,1.8,2.3,3.0,0.7,0.0,1.7,1.3,5.7,,2026,2025-26
285.0,Jeremiah Robinson-Earl,25.0,IND,PF,8.0,3.0,20.9,2.1,5.6,0.378,0.4,1.9,0.2,1.8,3.8,0.467,0.411,1.0,1.1,0.889,2.8,3.6,6.4,0.9,0.6,0.0,0.8,1.1,5.6,,2026,2025-26
286.0,Cam Christie,20.0,LAC,SG,8.0,0.0,11.5,1.6,3.8,0.433,0.9,2.0,0.438,0.8,1.8,0.429,0.55,1.4,1.9,0.733,0.4,1.5,1.9,1.0,0.3,0.1,0.1,0.4,5.5,,2026,2025-26
287.0,Jay Huff,27.0,IND,C,13.0,2.0,14.9,1.9,5.2,0.368,0.9,3.5,0.261,1.0,1.7,0.591,0.456,0.7,1.0,0.692,1.1,2.0,3.1,0.8,0.1,1.8,0.6,2.1,5.5,,2026,2025-26
288.0,Craig Porter Jr.,25.0,CLE,PG,14.0,0.0,17.1,2.1,4.3,0.5,0.8,1.8,0.44,1.4,2.5,0.543,0.592,0.4,0.9,0.5,1.4,1.5,2.9,2.6,1.0,0.6,0.9,1.1,5.5,,2026,2025-26
289.0,Quinten Post,25.0,GSW,PF,15.0,7.0,14.3,2.0,4.5,0.441,1.2,3.3,0.367,0.8,1.3,0.632,0.574,0.3,0.5,0.714,0.9,3.0,3.9,0.9,0.4,0.6,0.6,1.1,5.5,,2026,2025-26
290.0,Dean Wade,29.0,CLE,PF,13.0,2.0,21.8,1.8,5.0,0.369,1.2,3.7,0.313,0.7,1.3,0.529,0.485,0.7,0.9,0.75,0.9,2.5,3.4,1.3,0.7,0.5,0.3,1.8,5.5,,2026,2025-26
291.0,Al Horford,39.0,GSW,C,10.0,0.0,21.6,2.0,5.9,0.339,1.4,4.3,0.326,0.6,1.6,0.375,0.458,0.0,0.0,,1.0,2.9,3.9,1.8,0.8,1.0,1.3,1.6,5.4,,2026,2025-26
292.0,Jaylin Williams,23.0,OKC,PF,13.0,1.0,19.0,1.8,5.5,0.338,1.3,4.8,0.27,0.5,0.6,0.875,0.458,0.4,0.5,0.714,0.6,4.2,4.8,2.4,0.6,0.6,0.8,1.6,5.4,,2026,2025-26
293.0,Kris Murray,25.0,POR,SF,12.0,0.0,22.8,2.3,4.7,0.482,0.5,1.6,0.316,1.8,3.1,0.568,0.536,0.3,0.5,0.667,1.3,1.9,3.2,1.1,1.1,0.2,0.6,1.8,5.3,,2026,2025-26
294.0,Jaxson Hayes,25.0,LAL,C,11.0,1.0,16.8,2.2,3.2,0.686,0.1,0.1,1.0,2.1,3.1,0.676,0.7,0.6,1.0,0.636,1.2,3.0,4.2,1.2,0.4,0.5,0.5,1.5,5.1,,2026,2025-26
295.0,Jaylen Clark,24.0,MIN,SG,11.0,0.0,16.2,1.7,3.7,0.463,0.6,1.6,0.389,1.1,2.1,0.522,0.549,0.9,1.5,0.625,1.0,1.1,2.1,0.8,0.8,0.1,0.5,2.3,5.0,,2026,2025-26
296.0,Tyrese Proctor,21.0,CLE,PG,12.0,0.0,11.8,1.8,5.2,0.339,1.0,3.4,0.293,0.8,1.8,0.429,0.435,0.5,0.6,0.857,0.2,0.8,1.0,1.2,0.3,0.0,0.5,1.7,5.0,,2026,2025-26
297.0,Kobe Sanders,23.0,LAC,SG,5.0,0.0,13.8,1.8,4.6,0.391,1.0,2.8,0.357,0.8,1.8,0.444,0.5,0.4,0.6,0.667,1.0,0.8,1.8,1.4,0.6,0.0,1.0,2.0,5.0,,2026,2025-26
298.0,Matisse Thybulle,28.0,POR,SG,4.0,0.0,12.3,1.5,2.5,0.6,1.0,1.5,0.667,0.5,1.0,0.5,0.8,1.0,1.0,1.0,0.0,1.0,1.0,0.8,2.5,0.0,0.3,1.8,5.0,,2026,2025-26
299.0,Jaden Hardy,23.0,DAL,SG,11.0,0.0,10.6,1.6,4.1,0.4,1.0,2.5,0.393,0.6,1.5,0.412,0.522,0.6,0.8,0.778,0.2,1.0,1.2,0.4,0.4,0.1,0.8,1.1,4.9,,2026,2025-26
300.0,Kevin Love,37.0,UTA,PF,7.0,0.0,14.1,1.3,3.6,0.36,0.9,3.0,0.286,0.4,0.6,0.75,0.48,1.4,1.7,0.833,0.7,3.6,4.3,2.6,0.0,0.3,1.0,1.1,4.9,,2026,2025-26
301.0,Pat Spencer,29.0,GSW,PG,9.0,0.0,11.0,1.6,4.4,0.35,0.6,1.4,0.385,1.0,3.0,0.333,0.413,1.2,1.3,0.917,0.4,1.0,1.4,1.8,0.7,0.1,0.6,0.9,4.9,,2026,2025-26
302.0,Nique Clifford,23.0,SAC,SG,10.0,2.0,19.2,1.7,5.1,0.333,0.6,2.3,0.261,1.1,2.8,0.393,0.392,0.7,1.0,0.7,0.7,2.3,3.0,2.2,0.4,0.4,0.7,2.3,4.7,,2026,2025-26
303.0,Aaron Holiday,29.0,HOU,PG,7.0,0.0,8.3,1.4,2.6,0.556,0.7,1.6,0.455,0.7,1.0,0.714,0.694,1.1,1.3,0.889,0.0,0.6,0.6,1.0,0.1,0.1,0.7,0.7,4.7,,2026,2025-26
304.0,Keaton Wallace,26.0,ATL,PG,13.0,2.0,16.1,1.8,4.2,0.426,1.0,2.4,0.419,0.8,1.8,0.435,0.546,0.2,0.3,0.5,0.1,1.8,1.9,3.0,0.8,0.2,0.8,1.5,4.7,,2026,2025-26
305.0,Rob Dillingham,21.0,MIN,PG,11.0,0.0,11.2,1.8,4.5,0.408,0.3,0.9,0.3,1.5,3.5,0.436,0.439,0.7,1.0,0.727,0.2,0.9,1.1,2.2,0.6,0.0,1.3,1.1,4.6,,2026,2025-26
306.0,Jarred Vanderbilt,26.0,LAL,PF,14.0,2.0,18.4,1.6,3.6,0.44,0.3,1.0,0.286,1.3,2.6,0.5,0.48,1.1,1.4,0.842,1.4,4.2,5.6,1.5,1.0,0.4,1.6,1.9,4.6,,2026,2025-26
307.0,Jordan Walsh,21.0,BOS,PF,10.0,2.0,17.3,1.8,3.9,0.462,0.7,1.7,0.412,1.1,2.2,0.5,0.551,0.3,0.4,0.75,1.3,3.1,4.4,1.0,1.0,0.6,0.2,2.2,4.6,,2026,2025-26
308.0,DeAndre Jordan,37.0,NOP,C,2.0,1.0,11.5,2.0,2.5,0.8,0.0,0.0,,2.0,2.5,0.8,0.8,0.5,1.0,0.5,2.0,3.0,5.0,0.0,0.0,0.0,0.5,0.5,4.5,,2026,2025-26
309.0,Karlo Matković,24.0,NOP,PF,11.0,0.0,10.5,2.0,2.9,0.688,0.2,0.5,0.333,1.8,2.4,0.769,0.719,0.3,0.7,0.375,0.6,1.8,2.5,0.7,0.2,0.5,0.4,1.0,4.5,,2026,2025-26
310.0,Antonio Reeves,25.0,CHO,SG,2.0,0.0,10.5,1.5,3.0,0.5,1.5,2.5,0.6,0.0,0.5,0.0,0.75,0.0,0.0,,0.5,0.5,1.0,0.0,0.0,0.0,0.0,0.5,4.5,,2026,2025-26
311.0,Moussa Cisse,23.0,DAL,C,10.0,0.0,10.8,1.8,2.4,0.75,0.0,0.0,,1.8,2.4,0.75,0.75,0.8,1.8,0.444,1.8,1.8,3.6,0.1,0.2,1.4,0.9,2.0,4.4,,2026,2025-26
312.0,Taylor Hendricks,22.0,UTA,PF,9.0,3.0,16.4,1.7,4.4,0.375,0.4,1.9,0.235,1.2,2.6,0.478,0.425,0.7,0.9,0.75,1.8,2.4,4.2,0.4,0.4,0.3,0.6,0.4,4.4,,2026,2025-26
313.0,Dereck Lively II,21.0,DAL,C,5.0,3.0,16.0,1.8,2.8,0.643,0.0,0.0,,1.8,2.8,0.643,0.643,0.8,1.2,0.667,1.2,3.4,4.6,2.0,0.6,1.4,1.6,3.0,4.4,,2026,2025-26
314.0,Bones Hyland,25.0,MIN,PG,11.0,0.0,9.2,1.6,3.2,0.514,0.7,2.0,0.364,0.9,1.2,0.769,0.629,0.3,0.4,0.75,0.1,0.8,0.9,1.4,0.5,0.0,0.7,1.2,4.3,,2026,2025-26
315.0,Maxime Raynaud,22.0,SAC,C,6.0,0.0,12.3,1.5,3.8,0.391,0.0,0.5,0.0,1.5,3.3,0.45,0.391,1.3,1.5,0.889,1.2,2.5,3.7,0.7,0.3,0.3,1.0,1.0,4.3,,2026,2025-26
316.0,Javon Small,23.0,MEM,PG,8.0,0.0,12.4,1.3,3.5,0.357,0.8,2.4,0.316,0.5,1.1,0.444,0.464,1.0,1.3,0.8,0.1,0.9,1.0,2.8,0.0,0.1,1.0,0.9,4.3,,2026,2025-26
317.0,Oso Ighodaro,23.0,PHO,PF,14.0,4.0,15.7,1.9,3.6,0.52,0.0,0.0,,1.9,3.6,0.52,0.52,0.5,1.0,0.5,0.4,2.8,3.2,1.2,0.4,0.7,1.3,2.5,4.2,,2026,2025-26
318.0,Trayce Jackson-Davis,25.0,GSW,C,9.0,0.0,11.1,1.7,3.1,0.536,0.0,0.0,,1.7,3.1,0.536,0.536,0.9,1.2,0.727,1.1,1.2,2.3,1.2,0.3,0.4,0.8,1.9,4.2,,2026,2025-26
319.0,Duop Reath,29.0,POR,C,9.0,0.0,7.9,1.4,2.4,0.591,1.3,2.2,0.6,0.1,0.2,0.5,0.864,0.0,0.0,,0.1,0.6,0.7,0.4,0.0,0.1,0.1,0.8,4.2,,2026,2025-26
320.0,Jamison Battle,24.0,TOR,SF,10.0,0.0,7.3,1.5,2.1,0.714,1.1,1.5,0.733,0.4,0.6,0.667,0.976,0.0,0.0,,0.1,1.0,1.1,0.2,0.2,0.1,0.4,0.5,4.1,,2026,2025-26
321.0,Liam McNeeley,20.0,CHO,SF,9.0,0.0,12.4,1.0,3.2,0.31,0.7,2.0,0.333,0.3,1.2,0.273,0.414,1.4,1.7,0.867,0.4,1.4,1.9,1.2,0.2,0.1,0.6,1.6,4.1,,2026,2025-26
322.0,Nick Richards,28.0,PHO,C,14.0,1.0,10.4,1.4,2.6,0.556,0.0,0.0,,1.4,2.6,0.556,0.556,1.3,1.8,0.72,1.3,2.2,3.5,0.4,0.1,0.5,0.9,1.5,4.1,,2026,2025-26
323.0,Robert Williams,28.0,POR,C,8.0,0.0,12.5,2.0,3.3,0.615,0.1,0.4,0.333,1.9,2.9,0.652,0.635,0.0,0.1,0.0,1.9,2.0,3.9,0.8,0.6,0.6,0.3,1.0,4.1,,2026,2025-26
324.0,Koby Brea,23.0,PHO,SG,1.0,0.0,4.0,1.0,2.0,0.5,0.0,1.0,0.0,1.0,1.0,1.0,0.5,2.0,2.0,1.0,0.0,0.0,0.0,1.0,0.0,0.0,0.0,0.0,4.0,,2026,2025-26
325.0,Jordan Hawkins,23.0,NOP,SG,12.0,0.0,14.0,1.4,4.9,0.288,0.8,2.9,0.257,0.7,2.0,0.333,0.364,0.4,0.6,0.714,0.5,1.4,1.9,0.7,0.2,0.0,0.3,0.6,4.0,,2026,2025-26
326.0,Olivier-Maxence Prosper,23.0,MEM,PF,9.0,0.0,8.4,1.1,2.2,0.5,0.0,0.6,0.0,1.1,1.7,0.667,0.5,1.8,1.8,1.0,0.7,1.3,2.0,0.6,0.1,0.1,0.4,0.4,4.0,,2026,2025-26
327.0,Adou Thiero,21.0,LAL,SF,1.0,0.0,5.0,1.0,1.0,1.0,0.0,0.0,,1.0,1.0,1.0,1.0,2.0,2.0,1.0,1.0,0.0,1.0,0.0,0.0,0.0,0.0,0.0,4.0,,2026,2025-26
328.0,James Wiseman,24.0,IND,C,1.0,1.0,20.0,2.0,3.0,0.667,0.0,0.0,,2.0,3.0,0.667,0.667,0.0,0.0,,4.0,0.0,4.0,0.0,0.0,1.0,3.0,2.0,4.0,,2026,2025-26
329.0,Terrence Shannon Jr.,25.0,MIN,SG,7.0,0.0,16.4,1.3,4.0,0.321,0.6,1.6,0.364,0.7,2.4,0.294,0.393,0.7,1.0,0.714,0.4,2.0,2.4,1.1,0.6,0.0,0.9,1.6,3.9,,2026,2025-26
330.0,Malaki Branham,22.0,WAS,SG,5.0,0.0,6.8,1.2,2.2,0.545,0.2,1.0,0.2,1.0,1.2,0.833,0.591,1.2,1.6,0.75,0.6,1.0,1.6,0.6,0.0,0.0,0.2,0.4,3.8,,2026,2025-26
331.0,Yanic Konan Niederhauser,22.0,LAC,C,5.0,0.0,4.4,1.4,1.6,0.875,0.0,0.0,,1.4,1.6,0.875,0.875,1.0,1.6,0.625,0.6,0.6,1.2,0.4,0.0,0.2,0.2,0.4,3.8,,2026,2025-26
332.0,Mark Sears,23.0,MIL,PG,5.0,0.0,4.2,1.0,1.8,0.556,0.6,1.0,0.6,0.4,0.8,0.5,0.722,1.2,1.6,0.75,0.2,0.0,0.2,0.2,0.0,0.0,0.8,0.6,3.8,,2026,2025-26
333.0,Nicolas Batum,37.0,LAC,PF,13.0,2.0,17.7,1.2,3.8,0.32,1.1,3.5,0.311,0.2,0.4,0.4,0.46,0.2,0.2,1.0,0.5,2.2,2.7,0.8,0.8,0.6,0.5,1.9,3.7,,2026,2025-26
334.0,Pat Connaughton,33.0,CHO,SG,9.0,0.0,9.4,1.3,2.9,0.462,0.7,1.8,0.375,0.7,1.1,0.6,0.577,0.3,0.6,0.6,0.3,1.7,2.0,0.7,0.4,0.1,0.3,0.4,3.7,,2026,2025-26
335.0,Larry Nance Jr.,33.0,CLE,PF,12.0,1.0,15.1,1.5,4.4,0.34,0.6,2.2,0.269,0.9,2.3,0.407,0.406,0.1,0.3,0.333,0.8,2.3,3.2,1.3,0.5,0.2,0.8,2.8,3.7,,2026,2025-26
336.0,Mitchell Robinson,27.0,NYK,C,6.0,6.0,16.2,1.8,3.2,0.579,0.0,0.0,,1.8,3.2,0.579,0.579,0.0,0.2,0.0,5.8,2.8,8.7,1.0,0.5,1.2,0.7,2.8,3.7,,2026,2025-26
337.0,Julian Strawther,23.0,DEN,SG,9.0,0.0,7.9,1.2,3.3,0.367,0.2,1.8,0.125,1.0,1.6,0.643,0.4,1.0,1.4,0.692,0.0,1.6,1.6,0.4,0.0,0.1,0.3,0.7,3.7,,2026,2025-26
338.0,Gabe Vincent,29.0,LAL,PG,3.0,3.0,24.0,1.0,4.3,0.231,0.7,3.3,0.2,0.3,1.0,0.333,0.308,1.0,1.0,1.0,0.3,0.7,1.0,2.3,1.0,0.0,0.7,2.3,3.7,,2026,2025-26
339.0,Clint Capela,31.0,HOU,C,11.0,0.0,9.8,1.5,2.3,0.64,0.0,0.0,,1.5,2.3,0.64,0.64,0.7,0.9,0.8,2.5,2.0,4.5,0.4,0.3,0.5,0.4,1.0,3.6,,2026,2025-26
340.0,Charles Bassey,25.0,MEM,C,2.0,0.0,15.5,1.5,4.0,0.375,0.0,0.0,,1.5,4.0,0.375,0.375,0.5,1.5,0.333,3.5,4.0,7.5,1.0,0.5,0.5,0.5,2.5,3.5,,2026,2025-26
341.0,Jordan McLaughlin,29.0,SAS,PG,8.0,0.0,9.3,1.3,3.0,0.417,0.6,1.9,0.333,0.6,1.1,0.556,0.521,0.4,0.4,1.0,0.4,0.4,0.8,1.3,0.9,0.0,0.3,0.9,3.5,,2026,2025-26
342.0,Chaz Lanier,24.0,DET,SG,9.0,0.0,10.9,1.1,3.3,0.333,0.9,2.9,0.308,0.2,0.4,0.5,0.467,0.3,0.3,1.0,0.6,0.6,1.1,1.0,0.2,0.0,0.1,0.3,3.4,,2026,2025-26
343.0,Caleb Love,24.0,POR,SG,5.0,0.0,9.0,1.4,5.0,0.28,0.6,3.0,0.2,0.8,2.0,0.4,0.34,0.0,0.0,,0.2,1.8,2.0,1.6,0.2,0.0,0.2,0.4,3.4,,2026,2025-26
344.0,Ben Saraf,19.0,BRK,SG,7.0,5.0,13.9,1.0,3.9,0.259,0.4,1.9,0.231,0.6,2.0,0.286,0.315,0.9,1.1,0.75,0.4,1.4,1.9,2.4,0.3,0.0,1.3,1.9,3.3,,2026,2025-26
345.0,Monte Morris,30.0,IND,PG,5.0,0.0,12.4,1.2,3.8,0.316,0.4,1.6,0.25,0.8,2.2,0.364,0.368,0.4,0.8,0.5,0.2,1.2,1.4,1.8,0.2,0.2,0.2,0.6,3.2,,2026,2025-26
346.0,Ryan Nembhard,22.0,DAL,PG,5.0,0.0,9.0,1.4,3.0,0.467,0.0,0.8,0.0,1.4,2.2,0.636,0.467,0.4,0.6,0.667,0.2,0.0,0.2,1.8,0.0,0.0,1.2,0.6,3.2,,2026,2025-26
347.0,Jabari Walker,23.0,PHI,PF,12.0,5.0,12.8,1.3,3.1,0.432,0.2,1.0,0.167,1.2,2.1,0.56,0.459,0.3,0.4,0.8,1.3,1.8,3.1,0.4,0.2,0.3,0.4,1.8,3.2,,2026,2025-26
348.0,Ja'Kobe Walter,21.0,TOR,SG,10.0,0.0,11.9,1.0,3.1,0.323,0.6,2.2,0.273,0.4,0.9,0.444,0.419,0.6,0.7,0.857,0.6,0.7,1.3,0.6,0.7,0.1,0.8,1.8,3.2,,2026,2025-26
349.0,Tidjane Salaün,20.0,CHO,PF,7.0,0.0,11.9,1.0,2.7,0.368,0.6,1.7,0.333,0.4,1.0,0.429,0.474,0.6,0.9,0.667,0.7,2.9,3.6,0.7,0.3,0.1,0.4,1.1,3.1,,2026,2025-26
350.0,Myron Gardner,24.0,MIA,SF,1.0,0.0,3.0,1.0,1.0,1.0,1.0,1.0,1.0,0.0,0.0,,1.5,0.0,0.0,,0.0,1.0,1.0,1.0,0.0,0.0,0.0,2.0,3.0,,2026,2025-26
351.0,Hugo González,19.0,BOS,SF,11.0,1.0,12.4,1.3,2.8,0.452,0.5,0.9,0.5,0.8,1.9,0.429,0.532,0.0,0.1,0.0,0.7,1.3,2.0,0.6,0.8,0.2,0.5,1.8,3.0,,2026,2025-26
352.0,David Jones García,24.0,SAS,SF,3.0,0.0,3.7,1.3,2.3,0.571,0.0,0.0,,1.3,2.3,0.571,0.571,0.3,1.0,0.333,0.7,0.3,1.0,1.3,0.0,0.0,0.0,0.7,3.0,,2026,2025-26
353.0,Kyle Lowry,39.0,PHI,PG,1.0,0.0,3.0,1.0,1.0,1.0,1.0,1.0,1.0,0.0,0.0,,1.5,0.0,0.0,,0.0,0.0,0.0,1.0,1.0,0.0,0.0,0.0,3.0,,2026,2025-26
354.0,Riley Minix,25.0,SAS,SF,3.0,0.0,2.7,1.3,2.0,0.667,0.3,1.0,0.333,1.0,1.0,1.0,0.75,0.0,0.0,,0.3,0.3,0.7,0.3,0.3,0.0,0.0,0.3,3.0,,2026,2025-26
355.0,Wendell Moore Jr.,24.0,DET,SG,2.0,0.0,14.0,1.5,2.0,0.75,0.0,0.5,0.0,1.5,1.5,1.0,0.75,0.0,0.0,,0.5,0.5,1.0,1.5,0.5,0.5,0.0,0.5,3.0,,2026,2025-26
356.0,Lindy Waters III,28.0,SAS,SG,5.0,0.0,8.2,1.0,2.0,0.5,1.0,2.0,0.5,0.0,0.0,,0.75,0.0,0.0,,0.0,0.8,0.8,0.6,0.0,0.0,0.0,0.8,3.0,,2026,2025-26
357.0,Kevon Looney,29.0,NOP,C,7.0,6.0,14.1,1.1,3.3,0.348,0.1,0.9,0.167,1.0,2.4,0.412,0.37,0.4,0.9,0.5,1.9,2.0,3.9,1.6,0.3,0.6,0.7,2.0,2.9,,2026,2025-26
358.0,Baylor Scheierman,25.0,BOS,SG,10.0,0.0,10.0,1.0,1.8,0.556,0.8,1.5,0.533,0.2,0.3,0.667,0.778,0.1,0.1,1.0,0.5,1.6,2.1,0.4,0.3,0.1,0.2,0.8,2.9,,2026,2025-26
359.0,Xavier Tillman Sr.,27.0,BOS,C,7.0,0.0,8.7,1.3,2.6,0.5,0.3,1.1,0.25,1.0,1.4,0.7,0.556,0.0,0.0,,1.0,1.4,2.4,0.6,0.4,0.1,0.1,1.0,2.9,,2026,2025-26
360.0,Tristan Vukcevic,22.0,WAS,C,10.0,0.0,5.9,1.0,2.2,0.455,0.3,1.0,0.3,0.7,1.2,0.583,0.523,0.6,1.0,0.6,0.1,0.8,0.9,0.4,0.1,0.4,0.5,0.6,2.9,,2026,2025-26
361.0,Branden Carlson,26.0,OKC,C,9.0,0.0,8.4,1.2,2.8,0.44,0.3,1.3,0.25,0.9,1.4,0.615,0.5,0.0,0.0,,0.3,1.6,1.9,0.3,0.2,0.4,0.3,1.1,2.8,,2026,2025-26
362.0,Caleb Houstan,23.0,ATL,SF,5.0,0.0,6.4,0.8,1.6,0.5,0.6,1.2,0.5,0.2,0.4,0.5,0.688,0.6,0.6,1.0,0.6,0.0,0.6,0.4,0.2,0.2,0.6,0.8,2.8,,2026,2025-26
363.0,Jett Howard,22.0,ORL,SF,10.0,0.0,8.4,1.0,2.9,0.345,0.8,2.2,0.364,0.2,0.7,0.286,0.483,0.0,0.0,,0.1,0.5,0.6,0.7,0.1,0.3,0.1,0.5,2.8,,2026,2025-26
364.0,Bobi Klintman,22.0,DET,SF,6.0,0.0,8.8,1.2,3.5,0.333,0.5,1.8,0.273,0.7,1.7,0.4,0.405,0.0,0.5,0.0,0.8,1.8,2.7,0.7,0.3,0.0,0.8,1.5,2.8,,2026,2025-26
365.0,Isaiah Livers,27.0,PHO,PF,8.0,0.0,11.5,0.9,2.0,0.438,0.6,1.8,0.357,0.3,0.3,1.0,0.594,0.4,0.4,1.0,0.5,1.3,1.8,0.5,0.3,0.4,0.1,0.8,2.8,,2026,2025-26
366.0,Bryce McGowens,23.0,NOP,SG,5.0,0.0,6.0,0.8,2.0,0.4,0.0,0.4,0.0,0.8,1.6,0.5,0.4,1.2,1.6,0.75,0.0,0.2,0.2,0.6,0.4,0.0,0.2,0.2,2.8,,2026,2025-26
367.0,Kelly Olynyk,34.0,SAS,C,4.0,0.0,9.3,1.3,2.0,0.625,0.3,0.3,1.0,1.0,1.8,0.571,0.688,0.0,0.0,,1.3,1.5,2.8,3.3,0.0,0.0,0.8,1.3,2.8,,2026,2025-26
368.0,Ochai Agbaji,25.0,TOR,SG,9.0,1.0,13.9,1.0,2.8,0.36,0.1,1.3,0.083,0.9,1.4,0.615,0.38,0.6,0.9,0.625,0.2,1.9,2.1,0.7,0.6,0.1,0.3,1.8,2.7,,2026,2025-26
369.0,Justin Champagnie,24.0,WAS,SF,12.0,3.0,8.4,0.7,2.1,0.32,0.2,0.8,0.2,0.5,1.3,0.4,0.36,1.2,1.4,0.824,1.4,1.4,2.8,0.3,0.3,0.0,0.2,1.0,2.7,,2026,2025-26
370.0,Johnny Furphy,21.0,IND,SG,3.0,0.0,12.3,1.0,2.0,0.5,0.7,1.0,0.667,0.3,1.0,0.333,0.667,0.0,0.0,,0.3,1.7,2.0,0.0,0.7,0.0,1.0,1.3,2.7,,2026,2025-26
371.0,Eric Gordon,37.0,PHI,SG,3.0,0.0,7.0,1.0,1.7,0.6,0.7,1.3,0.5,0.3,0.3,1.0,0.8,0.0,0.0,,0.0,0.0,0.0,0.3,0.3,0.0,0.7,0.7,2.7,,2026,2025-26
372.0,Ron Harper Jr.,25.0,BOS,SF,3.0,0.0,5.0,1.0,2.3,0.429,0.7,2.0,0.333,0.3,0.3,1.0,0.571,0.0,0.0,,0.3,0.7,1.0,1.0,0.0,0.3,0.0,0.7,2.7,,2026,2025-26
373.0,Guerschon Yabusele,30.0,NYK,C,11.0,0.0,9.6,0.9,2.8,0.323,0.6,2.0,0.318,0.3,0.8,0.333,0.435,0.3,0.5,0.5,1.1,1.4,2.5,0.4,0.2,0.1,0.2,1.2,2.7,,2026,2025-26
374.0,Ousmane Dieng,22.0,OKC,C,11.0,0.0,11.8,1.0,3.2,0.314,0.3,1.5,0.188,0.7,1.7,0.421,0.357,0.4,0.4,1.0,0.4,1.5,1.9,0.5,0.1,0.5,0.5,0.9,2.6,,2026,2025-26
375.0,Gary Harris,31.0,MIL,SG,7.0,0.0,10.0,1.0,2.0,0.5,0.6,1.1,0.5,0.4,0.9,0.5,0.643,0.0,0.0,,0.1,0.4,0.6,0.6,0.7,0.3,0.3,0.7,2.6,,2026,2025-26
376.0,Jonathan Isaac,28.0,ORL,PF,13.0,0.0,9.7,0.8,2.2,0.379,0.3,1.4,0.222,0.5,0.8,0.636,0.448,0.6,0.9,0.667,0.6,2.2,2.8,0.1,0.5,0.4,0.2,0.7,2.6,,2026,2025-26
377.0,John Konchar,29.0,MEM,SG,12.0,0.0,11.5,1.0,1.8,0.545,0.5,1.2,0.429,0.5,0.7,0.75,0.682,0.1,0.1,1.0,0.3,2.0,2.3,0.9,0.8,0.4,0.3,0.8,2.6,,2026,2025-26
378.0,Cody Williams,21.0,UTA,SG,8.0,0.0,12.1,1.1,3.1,0.36,0.3,1.4,0.182,0.9,1.8,0.5,0.4,0.1,0.4,0.333,0.3,0.8,1.0,0.5,0.3,0.1,0.4,1.6,2.6,,2026,2025-26
379.0,Thomas Bryant,28.0,CLE,C,8.0,0.0,6.8,1.3,2.8,0.455,0.0,1.3,0.0,1.3,1.5,0.833,0.455,0.0,0.4,0.0,0.6,1.3,1.9,0.1,0.4,0.4,0.1,0.8,2.5,,2026,2025-26
380.0,Jalen Pickett,26.0,DEN,SG,6.0,1.0,7.0,1.0,2.0,0.5,0.3,1.0,0.333,0.7,1.0,0.667,0.583,0.2,0.2,1.0,0.2,0.8,1.0,1.2,0.0,0.0,0.7,0.7,2.5,,2026,2025-26
381.0,Dwight Powell,34.0,DAL,C,11.0,0.0,8.9,0.5,1.1,0.5,0.0,0.0,,0.5,1.1,0.5,0.5,1.4,1.5,0.882,0.9,1.0,1.9,0.6,0.4,0.2,0.5,1.8,2.5,,2026,2025-26
382.0,Chris Boucher,33.0,BOS,PF,7.0,0.0,10.9,1.0,3.1,0.318,0.1,1.7,0.083,0.9,1.4,0.6,0.341,0.3,0.3,1.0,0.3,2.1,2.4,0.3,0.6,0.7,0.1,2.1,2.4,,2026,2025-26
383.0,Sidy Cissoko,21.0,POR,SF,8.0,0.0,11.1,0.9,1.9,0.467,0.1,0.6,0.2,0.8,1.3,0.6,0.5,0.5,0.9,0.571,0.8,0.9,1.6,0.8,0.3,0.0,0.3,2.0,2.4,,2026,2025-26
384.0,Jeff Green,39.0,HOU,PF,5.0,0.0,4.2,0.8,1.2,0.667,0.8,1.2,0.667,0.0,0.0,,1.0,0.0,0.0,,0.2,0.2,0.4,0.0,0.0,0.2,0.0,0.4,2.4,,2026,2025-26
385.0,E.J. Liddell,25.0,BRK,PF,5.0,0.0,5.0,0.8,2.2,0.364,0.4,1.6,0.25,0.4,0.6,0.667,0.455,0.4,0.6,0.667,0.2,1.2,1.4,0.0,0.0,0.0,0.0,0.8,2.4,,2026,2025-26
386.0,Gary Payton II,33.0,GSW,SG,14.0,0.0,9.9,1.1,2.6,0.417,0.2,1.1,0.188,0.9,1.4,0.6,0.458,0.0,0.0,,0.9,1.8,2.6,1.1,0.6,0.3,0.6,1.1,2.4,,2026,2025-26
387.0,Noah Penda,21.0,ORL,SF,7.0,0.0,6.7,0.9,1.6,0.545,0.3,0.3,1.0,0.6,1.3,0.444,0.636,0.4,0.6,0.75,0.9,1.0,1.9,0.9,0.1,0.3,0.4,0.9,2.4,,2026,2025-26
388.0,Maxi Kleber,34.0,LAL,PF,3.0,0.0,16.0,0.7,1.3,0.5,0.7,1.0,0.667,0.0,0.3,0.0,0.75,0.3,0.7,0.5,0.7,1.7,2.3,1.3,0.3,0.7,0.0,2.0,2.3,,2026,2025-26
389.0,Tyler Kolek,24.0,NYK,PG,10.0,0.0,6.7,1.0,2.4,0.417,0.3,1.3,0.231,0.7,1.1,0.636,0.479,0.0,0.0,,0.2,0.3,0.5,1.3,0.1,0.0,0.6,0.9,2.3,,2026,2025-26
390.0,Chris Paul,40.0,LAC,PG,8.0,0.0,12.9,0.8,3.1,0.24,0.6,2.4,0.263,0.1,0.8,0.167,0.34,0.1,0.1,1.0,0.6,1.1,1.8,3.6,1.1,0.0,0.9,1.6,2.3,,2026,2025-26
391.0,Nolan Traoré,19.0,BRK,PG,3.0,0.0,11.0,0.7,3.0,0.222,0.7,2.0,0.333,0.0,1.0,0.0,0.333,0.3,0.7,0.5,0.0,0.3,0.3,1.3,0.7,0.0,0.7,1.7,2.3,,2026,2025-26
392.0,Adem Bona,22.0,PHI,C,12.0,3.0,14.8,0.8,1.7,0.45,0.0,0.1,0.0,0.8,1.6,0.474,0.45,0.7,1.3,0.5,1.3,2.2,3.4,0.3,0.4,1.7,0.6,1.5,2.2,,2026,2025-26
393.0,JD Davison,23.0,HOU,PG,5.0,0.0,4.8,0.8,1.6,0.5,0.6,1.2,0.5,0.2,0.4,0.5,0.688,0.0,0.4,0.0,0.0,0.0,0.0,0.4,0.2,0.2,0.0,0.4,2.2,,2026,2025-26
394.0,Elijah Harkless,25.0,UTA,SG,6.0,0.0,10.5,0.7,1.8,0.364,0.3,1.2,0.286,0.3,0.7,0.5,0.455,0.5,0.8,0.6,0.3,0.7,1.0,0.7,0.5,0.0,0.5,1.7,2.2,,2026,2025-26
395.0,Taelon Peter,23.0,IND,SG,9.0,0.0,9.7,0.7,2.7,0.25,0.6,2.4,0.227,0.1,0.2,0.5,0.354,0.3,0.3,1.0,0.4,1.1,1.6,1.3,0.2,0.2,0.9,0.6,2.2,,2026,2025-26
396.0,Will Riley,19.0,WAS,SF,9.0,0.0,7.1,0.9,2.0,0.444,0.1,0.4,0.25,0.8,1.6,0.5,0.472,0.3,0.7,0.5,0.3,1.2,1.6,0.8,0.2,0.0,0.2,0.2,2.2,,2026,2025-26
397.0,Kobe Brown,26.0,LAC,PF,7.0,0.0,8.6,0.7,1.6,0.455,0.1,0.9,0.167,0.6,0.7,0.8,0.5,0.6,0.6,1.0,0.6,1.6,2.1,1.0,0.0,0.0,0.4,0.3,2.1,,2026,2025-26
398.0,Carter Bryant,20.0,SAS,PF,8.0,0.0,6.8,0.8,2.6,0.286,0.3,1.4,0.182,0.5,1.3,0.4,0.333,0.4,0.4,1.0,0.0,1.0,1.0,0.0,0.3,0.1,0.5,0.6,2.1,,2026,2025-26
399.0,Devin Carter,23.0,SAC,PG,8.0,0.0,8.1,0.6,2.6,0.238,0.3,1.4,0.182,0.4,1.3,0.3,0.286,0.6,0.6,1.0,0.4,1.1,1.5,1.1,0.8,0.1,0.8,1.0,2.1,,2026,2025-26
400.0,Leonard Miller,22.0,MIN,SF,7.0,0.0,3.9,0.9,1.4,0.6,0.0,0.4,0.0,0.9,1.0,0.857,0.6,0.4,0.7,0.6,0.1,1.0,1.1,0.1,0.1,0.0,0.4,0.4,2.1,,2026,2025-26
401.0,Johni Broome,23.0,PHI,PF,2.0,0.0,3.0,1.0,2.5,0.4,0.0,0.5,0.0,1.0,2.0,0.5,0.4,0.0,0.0,,1.0,0.0,1.0,0.5,0.0,0.0,0.0,0.0,2.0,,2026,2025-26
402.0,Hunter Dickinson,25.0,NOP,C,1.0,0.0,5.0,1.0,2.0,0.5,0.0,0.0,,1.0,2.0,0.5,0.5,0.0,0.0,,0.0,0.0,0.0,0.0,0.0,1.0,2.0,2.0,2.0,,2026,2025-26
403.0,GG Jackson II,21.0,MEM,PF,6.0,0.0,4.7,0.7,2.3,0.286,0.0,1.0,0.0,0.7,1.3,0.5,0.286,0.7,1.2,0.571,0.2,0.3,0.5,0.2,0.5,0.0,0.0,0.5,2.0,,2026,2025-26
404.0,Bronny James,21.0,LAL,SG,9.0,1.0,11.9,0.8,2.9,0.269,0.2,1.1,0.2,0.6,1.8,0.313,0.308,0.2,0.2,1.0,0.4,0.6,1.0,1.8,0.9,0.1,0.6,1.2,2.0,,2026,2025-26
405.0,Colby Jones,23.0,DET,SG,1.0,0.0,7.0,1.0,3.0,0.333,0.0,2.0,0.0,1.0,1.0,1.0,0.333,0.0,0.0,,0.0,4.0,4.0,2.0,0.0,0.0,0.0,1.0,2.0,,2026,2025-26
406.0,Daeqwon Plowden,27.0,SAC,SG,1.0,0.0,14.0,1.0,5.0,0.2,0.0,3.0,0.0,1.0,2.0,0.5,0.2,0.0,0.0,,2.0,0.0,2.0,0.0,0.0,0.0,0.0,0.0,2.0,,2026,2025-26
407.0,Gui Santos,23.0,GSW,PF,12.0,0.0,6.4,0.8,1.8,0.429,0.4,1.3,0.313,0.3,0.4,0.8,0.548,0.1,0.2,0.5,0.7,0.7,1.3,0.2,0.3,0.0,0.4,1.3,2.0,,2026,2025-26
408.0,Jacob Toppin,25.0,ATL,SF,3.0,0.0,3.0,1.0,1.3,0.75,0.0,0.0,,1.0,1.3,0.75,0.75,0.0,0.0,,0.0,0.3,0.3,0.0,0.0,0.0,0.0,0.3,2.0,,2026,2025-26
409.0,Jamir Watkins,24.0,WAS,SG,3.0,0.0,7.0,1.0,1.3,0.75,0.0,0.3,0.0,1.0,1.0,1.0,0.75,0.0,0.0,,0.3,1.7,2.0,0.0,0.0,0.3,0.3,1.3,2.0,,2026,2025-26
410.0,PJ Hall,23.0,MEM,C,7.0,0.0,3.9,0.7,1.3,0.556,0.1,0.4,0.333,0.6,0.9,0.667,0.611,0.3,0.4,0.667,0.4,0.9,1.3,0.3,0.0,0.3,0.1,0.4,1.9,,2026,2025-26
411.0,Spencer Jones,24.0,DEN,SF,8.0,0.0,9.0,0.6,1.1,0.556,0.3,0.6,0.4,0.4,0.5,0.75,0.667,0.4,0.5,0.75,0.3,0.0,0.3,0.5,0.8,0.1,0.6,1.5,1.9,,2026,2025-26
412.0,Khaman Maluach,19.0,PHO,C,7.0,0.0,5.0,0.4,1.0,0.429,0.0,0.4,0.0,0.4,0.6,0.75,0.429,1.0,1.1,0.875,0.1,0.7,0.9,0.1,0.0,0.6,0.7,1.1,1.9,,2026,2025-26
413.0,Anthony Gill,33.0,WAS,PF,5.0,0.0,2.6,0.6,0.8,0.75,0.2,0.2,1.0,0.4,0.6,0.667,0.875,0.4,0.4,1.0,0.2,0.6,0.8,0.0,0.0,0.0,0.4,0.2,1.8,,2026,2025-26
414.0,Yang Hansen,20.0,POR,C,5.0,0.0,5.8,0.4,1.8,0.222,0.0,0.6,0.0,0.4,1.2,0.333,0.222,1.0,1.2,0.833,0.6,0.2,0.8,0.0,0.0,0.4,0.6,0.8,1.8,,2026,2025-26
415.0,Keshad Johnson,24.0,MIA,SF,4.0,0.0,5.5,0.8,3.0,0.25,0.3,1.5,0.167,0.5,1.5,0.333,0.292,0.0,0.0,,0.3,1.3,1.5,0.0,0.5,0.0,0.3,0.5,1.8,,2026,2025-26
416.0,Cody Martin,30.0,IND,SF,4.0,0.0,13.8,0.5,2.5,0.2,0.0,1.3,0.0,0.5,1.3,0.4,0.2,0.8,1.5,0.5,0.3,3.3,3.5,0.5,1.0,0.5,1.0,1.3,1.8,,2026,2025-26
417.0,Zeke Nnaji,25.0,DEN,PF,6.0,0.0,3.5,0.7,1.2,0.571,0.2,0.7,0.25,0.5,0.5,1.0,0.643,0.3,0.5,0.667,0.2,0.2,0.3,0.3,0.0,0.0,0.3,1.2,1.8,,2026,2025-26
418.0,Dylan Cardwell,24.0,SAC,C,3.0,1.0,11.0,0.7,2.0,0.333,0.0,0.3,0.0,0.7,1.7,0.4,0.333,0.3,0.7,0.5,0.7,1.0,1.7,0.0,0.7,1.0,0.7,3.3,1.7,,2026,2025-26
419.0,Rasheer Fleming,21.0,PHO,PF,7.0,0.0,5.1,0.7,2.1,0.333,0.3,1.3,0.222,0.4,0.9,0.5,0.4,0.0,0.0,,0.6,0.3,0.9,0.3,0.1,0.1,0.1,0.7,1.7,,2026,2025-26
420.0,Nigel Hayes-Davis,31.0,PHO,SF,11.0,0.0,8.5,0.8,1.9,0.429,0.1,0.7,0.125,0.7,1.2,0.615,0.452,0.0,0.0,,0.5,0.7,1.2,0.5,0.5,0.0,0.5,0.8,1.7,,2026,2025-26
421.0,Harrison Ingram,23.0,SAS,SF,3.0,0.0,3.7,0.7,1.0,0.667,0.3,0.3,1.0,0.3,0.7,0.5,0.833,0.0,0.0,,1.0,0.0,1.0,0.0,0.0,0.0,0.0,0.7,1.7,,2026,2025-26
422.0,Julian Phillips,22.0,CHI,SF,11.0,0.0,6.6,0.7,1.8,0.4,0.3,0.9,0.3,0.5,0.9,0.5,0.475,0.0,0.0,,0.5,0.3,0.7,0.1,0.4,0.2,0.1,0.6,1.7,,2026,2025-26
423.0,Dario Šarić,31.0,SAC,C,3.0,0.0,9.3,0.3,1.7,0.2,0.3,0.7,0.5,0.0,1.0,0.0,0.3,0.7,0.7,1.0,0.3,1.3,1.7,0.7,0.0,0.0,0.3,0.0,1.7,,2026,2025-26
424.0,Dalen Terry,23.0,CHI,SG,7.0,0.0,5.9,0.6,1.3,0.444,0.1,0.3,0.5,0.4,1.0,0.429,0.5,0.4,0.9,0.5,0.0,0.4,0.4,0.6,0.1,0.3,0.1,0.6,1.7,,2026,2025-26
425.0,Luke Travers,24.0,CLE,SG,6.0,0.0,7.8,0.3,2.7,0.125,0.0,1.0,0.0,0.3,1.7,0.2,0.125,1.0,1.0,1.0,0.7,1.2,1.8,0.7,0.5,0.7,0.2,0.3,1.7,,2026,2025-26
426.0,Amir Coffey,28.0,MIL,SG,13.0,0.0,9.8,0.6,1.5,0.421,0.2,0.6,0.25,0.5,0.8,0.545,0.474,0.2,0.2,1.0,0.3,0.8,1.1,0.5,0.0,0.1,0.1,0.5,1.6,,2026,2025-26
427.0,Micah Peavy,24.0,NOP,SG,9.0,0.0,10.4,0.7,2.6,0.261,0.1,1.0,0.111,0.6,1.6,0.357,0.283,0.1,0.2,0.5,1.0,1.1,2.1,0.7,0.1,0.1,0.2,1.4,1.6,,2026,2025-26
428.0,Joan Beringer,19.0,MIN,PF,8.0,0.0,3.8,0.8,0.9,0.857,0.0,0.0,,0.8,0.9,0.857,0.857,0.0,0.1,0.0,0.1,0.9,1.0,0.0,0.1,0.1,0.3,0.9,1.5,,2026,2025-26
429.0,DaRon Holmes,23.0,DEN,PF,2.0,0.0,2.0,0.5,0.5,1.0,0.5,0.5,1.0,0.0,0.0,,1.5,0.0,0.0,,0.0,0.0,0.0,0.0,0.0,0.0,0.0,0.5,1.5,,2026,2025-26
430.0,Tyus Jones,29.0,ORL,PG,14.0,1.0,12.7,0.6,2.5,0.257,0.1,1.4,0.105,0.5,1.1,0.438,0.286,0.0,0.0,,0.2,0.7,0.9,1.4,0.7,0.1,0.4,0.6,1.4,,2026,2025-26
431.0,Caleb Martin,30.0,DAL,SF,12.0,0.0,9.3,0.4,1.5,0.278,0.1,0.5,0.167,0.3,1.0,0.333,0.306,0.4,0.5,0.833,0.8,0.8,1.6,1.1,0.3,0.1,0.4,1.9,1.3,,2026,2025-26
432.0,Chris Youngblood,23.0,OKC,SG,12.0,0.0,5.3,0.3,1.2,0.214,0.3,1.1,0.231,0.0,0.1,0.0,0.321,0.5,0.5,1.0,0.2,0.3,0.5,0.2,0.1,0.0,0.0,0.8,1.3,,2026,2025-26
433.0,Brooks Barnhizer,23.0,OKC,SG,12.0,0.0,8.0,0.5,1.1,0.462,0.0,0.1,0.0,0.5,1.0,0.5,0.462,0.2,0.3,0.5,0.4,1.7,2.1,0.3,0.2,0.2,0.1,0.8,1.2,,2026,2025-26
434.0,Mohamed Diawara,20.0,NYK,SF,6.0,0.0,2.5,0.5,0.7,0.75,0.2,0.2,1.0,0.3,0.5,0.667,0.875,0.0,0.3,0.0,0.0,0.2,0.2,0.2,0.0,0.0,0.2,0.3,1.2,,2026,2025-26
435.0,Tyson Etienne,26.0,BRK,PG,5.0,0.0,5.0,0.4,2.2,0.182,0.4,2.0,0.2,0.0,0.2,0.0,0.273,0.0,0.0,,0.0,0.0,0.0,0.0,0.0,0.0,0.0,0.6,1.2,,2026,2025-26
436.0,Jae'Sean Tate,30.0,HOU,SF,7.0,0.0,5.6,0.6,1.6,0.364,0.0,0.4,0.0,0.6,1.1,0.5,0.364,0.0,0.0,,0.1,0.7,0.9,0.1,0.1,0.0,0.1,0.9,1.1,,2026,2025-26
437.0,Ariel Hukporti,23.0,NYK,C,8.0,2.0,7.0,0.5,1.0,0.5,0.0,0.0,,0.5,1.0,0.5,0.5,0.0,0.0,,0.9,1.3,2.1,0.6,0.1,0.3,0.6,1.1,1.0,,2026,2025-26
438.0,Isaac Jones,25.0,SAC,PF,3.0,1.0,5.7,0.3,0.7,0.5,0.0,0.3,0.0,0.3,0.3,1.0,0.5,0.3,0.7,0.5,0.7,0.0,0.7,0.3,0.0,0.0,0.0,1.3,1.0,,2026,2025-26
439.0,Johnny Juzang,24.0,MIN,SG,6.0,0.0,3.0,0.3,1.2,0.286,0.2,0.8,0.2,0.2,0.3,0.5,0.357,0.2,0.3,0.5,0.2,0.3,0.5,0.2,0.0,0.0,0.2,0.3,1.0,,2026,2025-26
440.0,Mason Plumlee,35.0,CHO,C,6.0,0.0,5.0,0.3,0.3,1.0,0.0,0.0,,0.3,0.3,1.0,1.0,0.3,0.7,0.5,0.2,0.7,0.8,0.3,0.0,0.0,0.3,0.2,1.0,,2026,2025-26
441.0,Jericho Sims,27.0,MIL,C,9.0,0.0,6.8,0.3,0.4,0.75,0.0,0.0,,0.3,0.4,0.75,0.75,0.3,0.4,0.75,0.8,1.0,1.8,0.3,0.1,0.2,0.4,0.7,1.0,,2026,2025-26
442.0,Amari Williams,24.0,BOS,PF,2.0,0.0,3.5,0.5,1.0,0.5,0.0,0.0,,0.5,1.0,0.5,0.5,0.0,0.0,,0.5,0.5,1.0,0.5,0.5,0.0,0.0,0.5,1.0,,2026,2025-26
443.0,Danny Wolf,21.0,BRK,PF,2.0,0.0,3.0,0.0,0.5,0.0,0.0,0.0,,0.0,0.5,0.0,0.0,1.0,1.0,1.0,0.0,1.0,1.0,1.0,0.0,0.0,0.0,0.0,1.0,,2026,2025-26
444.0,Jahmir Young,25.0,MIA,PG,2.0,0.0,5.0,0.5,1.5,0.333,0.0,0.5,0.0,0.5,1.0,0.5,0.333,0.0,0.0,,0.0,0.5,0.5,1.0,0.0,0.0,0.5,1.0,1.0,,2026,2025-26
445.0,AJ Johnson,21.0,WAS,SG,8.0,0.0,4.8,0.3,1.4,0.182,0.0,0.3,0.0,0.3,1.1,0.222,0.182,0.4,0.5,0.75,0.3,0.4,0.6,0.5,0.0,0.0,0.1,0.4,0.9,,2026,2025-26
446.0,Jonathan Mogbo,24.0,TOR,PF,7.0,0.0,5.0,0.4,0.9,0.5,0.0,0.0,,0.4,0.9,0.5,0.5,0.0,0.0,,0.4,0.9,1.3,0.6,0.1,0.3,0.1,0.6,0.9,,2026,2025-26
447.0,Rayan Rupert,21.0,POR,SG,7.0,0.0,5.7,0.3,1.3,0.222,0.1,0.9,0.167,0.1,0.4,0.333,0.278,0.1,0.3,0.5,0.1,1.0,1.1,0.3,0.3,0.0,0.1,1.0,0.9,,2026,2025-26
448.0,Pacome Dadiet,20.0,NYK,SG,5.0,0.0,2.8,0.2,0.8,0.25,0.0,0.2,0.0,0.2,0.6,0.333,0.25,0.4,0.4,1.0,0.0,0.6,0.6,0.4,0.0,0.0,0.0,0.2,0.8,,2026,2025-26
449.0,N'Faly Dante,24.0,ATL,C,4.0,0.0,3.8,0.3,1.0,0.25,0.0,0.0,,0.3,1.0,0.25,0.25,0.3,0.3,1.0,0.8,1.0,1.8,0.0,0.5,0.0,0.3,0.3,0.8,,2026,2025-26
450.0,Hunter Sallis,22.0,PHI,SG,3.0,0.0,2.3,0.3,0.3,1.0,0.0,0.0,,0.3,0.3,1.0,1.0,0.0,0.0,,0.0,0.3,0.3,0.3,0.0,0.0,0.7,0.3,0.7,,2026,2025-26
451.0,Thanasis Antetokounmpo,33.0,MIL,SF,4.0,0.0,2.3,0.3,0.5,0.5,0.0,0.0,,0.3,0.5,0.5,0.5,0.0,0.0,,0.0,0.3,0.3,0.0,0.3,0.5,0.0,0.3,0.5,,2026,2025-26
452.0,Jase Richardson,20.0,ORL,SG,7.0,0.0,4.3,0.1,0.7,0.2,0.0,0.4,0.0,0.1,0.3,0.5,0.2,0.1,0.3,0.5,0.0,0.1,0.1,0.9,0.0,0.0,0.4,0.1,0.4,,2026,2025-26
453.0,Bismack Biyombo,33.0,SAS,C,6.0,0.0,7.7,0.2,0.3,0.5,0.0,0.0,,0.2,0.3,0.5,0.5,0.0,0.0,,0.3,0.7,1.0,0.3,0.5,0.2,0.3,1.5,0.3,,2026,2025-26
454.0,Jahmyl Telfort,24.0,LAC,PF,3.0,0.0,5.3,0.0,0.7,0.0,0.0,0.7,0.0,0.0,0.0,,0.0,0.3,1.3,0.25,0.0,0.7,0.7,0.3,0.0,0.0,0.3,0.7,0.3,,2026,2025-26
455.0,Jamal Cain,26.0,ORL,SF,1.0,0.0,0.0,0.0,0.0,,0.0,0.0,,0.0,0.0,,,0.0,0.0,,0.0,0.0,0.0,0.0,0.0,0.0,0.0,0.0,0.0,,2026,2025-26
456.0,Sharife Cooper,24.0,WAS,PG,2.0,0.0,2.0,0.0,0.0,,0.0,0.0,,0.0,0.0,,,0.0,0.0,,0.0,0.0,0.0,0.0,0.0,0.0,0.5,0.0,0.0,,2026,2025-26
457.0,Joe Ingles,38.0,MIN,SF,4.0,0.0,4.0,0.0,0.5,0.0,0.0,0.5,0.0,0.0,0.0,,0.0,0.0,0.0,,0.0,0.0,0.0,1.3,0.0,0.0,0.0,0.5,0.0,,2026,2025-26
458.0,Andre Jackson Jr.,24.0,MIL,SG,6.0,0.0,3.7,0.0,0.3,0.0,0.0,0.2,0.0,0.0,0.2,0.0,0.0,0.0,0.0,,0.2,0.2,0.3,1.0,0.3,0.2,0.3,0.5,0.0,,2026,2025-26
459.0,Trey Jemison,26.0,NYK,C,1.0,0.0,8.0,0.0,0.0,,0.0,0.0,,0.0,0.0,,,0.0,0.0,,1.0,1.0,2.0,0.0,0.0,0.0,0.0,0.0,0.0,,2026,2025-26
460.0,Miles Kelly,23.0,DAL,PG,1.0,0.0,2.0,0.0,0.0,,0.0,0.0,,0.0,0.0,,,0.0,0.0,,0.0,0.0,0.0,0.0,0.0,0.0,1.0,1.0,0.0,,2026,2025-26
461.0,Christian Koloko,25.0,LAL,C,2.0,0.0,3.0,0.0,0.0,,0.0,0.0,,0.0,0.0,,,0.0,0.0,,0.0,0.5,0.5,0.0,0.0,0.0,0.0,0.5,0.0,,2026,2025-26
462.0,Chris Mañon,24.0,LAL,SG,2.0,0.0,3.5,0.0,0.5,0.0,0.0,0.5,0.0,0.0,0.0,,0.0,0.0,0.0,,0.0,1.0,1.0,0.0,0.0,0.5,0.0,1.0,0.0,,2026,2025-26
463.0,Jared McCain,21.0,PHI,SG,3.0,0.0,10.3,0.0,3.0,0.0,0.0,0.7,0.0,0.0,2.3,0.0,0.0,0.0,0.0,,0.0,0.7,0.7,1.3,0.3,0.0,0.3,1.3,0.0,,2026,2025-26
464.0,Orlando Robinson,25.0,ORL,C,1.0,0.0,2.0,0.0,0.0,,0.0,0.0,,0.0,0.0,,,0.0,0.0,,0.0,0.0,0.0,0.0,0.0,0.0,0.0,1.0,0.0,,2026,2025-26
465.0,Garrett Temple,39.0,TOR,SG,2.0,0.0,3.0,0.0,0.5,0.0,0.0,0.5,0.0,0.0,0.0,,0.0,0.0,0.0,,0.0,0.0,0.0,0.0,0.0,0.5,0.0,0.0,0.0,,2026,2025-26
466.0,Hunter Tyson,25.0,DEN,PF,5.0,0.0,3.4,0.0,1.4,0.0,0.0,0.8,0.0,0.0,0.6,0.0,0.0,0.0,0.0,,0.2,1.8,2.0,0.0,0.2,0.0,0.0,0.4,0.0,,2026,2025-26
,League Average,,,,,,,,,0.468,,,0.359,,,0.546,0.543,,,0.792,,,,,,,,,,,2026,2025-26
