Rk,Player,Age,Team,Pos,G,GS,MP,FG,FGA,FG%,3P,3PA,3P%,2P,2PA,2P%,eFG%,FT,FTA,FT%,ORB,DRB,TRB,AST,STL,BLK,TOV,PF,PTS,ORtg,DRtg,Awards,season_end_year,season
1.0,Devin Booker,29.0,PHO,SG,14.0,14.0,501.0,13.3,26.8,0.495,2.7,7.9,0.341,10.5,18.9,0.559,0.545,9.3,10.4,0.897,1.5,4.1,5.5,9.5,1.1,0.4,5.4,3.9,38.5,121.0,119.0,,2026,2025-26
2.0,Franz Wagner,24.0,ORL,SF,14.0,14.0,501.0,10.1,22.0,0.461,2.4,6.7,0.357,7.8,15.3,0.506,0.515,8.3,10.1,0.829,2.5,5.9,8.4,5.2,1.5,0.6,2.8,3.4,31.0,121.0,114.0,,2026,2025-26
3.0,Tyrese Maxey,25.0,PHI,PG,12.0,12.0,484.0,12.6,27.8,0.454,4.6,10.9,0.418,8.0,16.9,0.476,0.536,8.3,9.4,0.884,0.4,5.7,6.1,9.3,1.7,1.0,3.0,3.2,38.1,126.0,116.0,,2026,2025-26
4.0,Cooper Flagg,19.0,DAL,PG,14.0,14.0,478.0,8.2,18.4,0.447,1.5,5.4,0.273,6.8,13.0,0.519,0.487,3.4,4.3,0.795,1.6,7.6,9.2,4.4,1.9,1.1,3.1,3.3,21.3,102.0,111.0,,2026,2025-26
5.0,DeMar DeRozan,36.0,SAC,PF,14.0,14.0,476.0,9.8,19.5,0.5,1.3,3.3,0.394,8.5,16.3,0.521,0.533,5.1,6.0,0.852,0.7,3.8,4.5,4.8,1.6,0.2,1.4,2.8,25.9,120.0,124.0,,2026,2025-26
6.0,Shai Gilgeous-Alexander,27.0,OKC,PG,14.0,14.0,470.0,16.1,30.3,0.531,3.2,8.6,0.373,12.9,21.8,0.592,0.583,11.7,13.0,0.897,0.5,6.8,7.3,9.6,2.0,1.3,2.4,2.6,47.0,135.0,105.0,,2026,2025-26
7.0,Lauri Markkanen,28.0,UTA,PF,13.0,13.0,470.0,13.5,28.3,0.479,5.0,12.7,0.389,8.6,15.6,0.552,0.566,8.2,9.3,0.88,3.0,5.1,8.1,2.7,1.2,0.7,1.8,2.5,40.2,128.0,121.0,,2026,2025-26
8.0,Trey Murphy III,25.0,NOP,SF,13.0,13.0,465.0,9.4,20.6,0.456,3.8,10.6,0.356,5.6,9.9,0.564,0.549,4.6,5.0,0.936,2.3,7.2,9.5,4.5,1.9,0.2,2.8,3.1,27.2,119.0,123.0,,2026,2025-26
9.0,Derrick White,31.0,BOS,SG,14.0,14.0,461.0,8.3,23.4,0.356,4.0,13.1,0.306,4.3,10.3,0.421,0.442,3.6,4.3,0.825,1.4,4.5,6.0,8.2,2.6,1.8,1.8,2.6,24.3,113.0,113.0,,2026,2025-26
10.0,Dyson Daniels,22.0,ATL,SG,14.0,14.0,459.0,5.4,11.6,0.469,0.3,1.3,0.231,5.1,10.3,0.5,0.482,1.3,2.2,0.619,2.4,5.9,8.2,8.4,3.3,0.6,3.0,3.7,12.5,108.0,110.0,,2026,2025-26
11.0,Desmond Bane,27.0,ORL,SG,14.0,14.0,455.0,9.0,20.6,0.436,2.2,7.1,0.313,6.7,13.5,0.5,0.49,4.2,4.6,0.909,1.6,4.7,6.3,6.5,0.6,0.5,3.5,5.0,24.4,110.0,117.0,,2026,2025-26
12.0,Miles Bridges,27.0,CHO,PF,13.0,13.0,455.0,10.0,23.6,0.422,4.6,12.5,0.364,5.4,11.1,0.486,0.518,5.9,6.6,0.903,1.3,8.3,9.5,5.5,0.7,0.5,2.0,2.7,30.4,123.0,121.0,,2026,2025-26
13.0,Toumani Camara,25.0,POR,PF,13.0,13.0,450.0,6.1,15.0,0.41,2.8,8.9,0.314,3.3,6.0,0.552,0.503,1.6,2.2,0.714,2.6,4.5,7.1,3.9,1.5,0.6,2.7,4.3,16.6,108.0,120.0,,2026,2025-26
14.0,Rui Hachimura,27.0,LAL,PF,13.0,13.0,450.0,8.5,14.7,0.577,2.8,5.6,0.5,5.7,9.1,0.624,0.672,2.4,3.2,0.733,1.0,4.3,5.3,1.7,1.0,0.3,1.7,2.7,22.1,126.0,119.0,,2026,2025-26
15.0,Jaylen Brown,29.0,BOS,SF,14.0,14.0,449.0,16.3,32.4,0.505,3.0,8.8,0.342,13.3,23.6,0.566,0.552,7.0,9.1,0.768,1.4,7.3,8.8,6.3,1.2,0.6,5.0,5.0,42.7,114.0,115.0,,2026,2025-26
16.0,VJ Edgecombe,20.0,PHI,SG,12.0,12.0,448.0,7.4,18.1,0.408,2.7,7.1,0.379,4.7,11.0,0.427,0.482,2.6,3.3,0.774,2.5,4.8,7.3,5.4,1.7,0.5,2.6,4.0,20.1,110.0,117.0,,2026,2025-26
17.0,Payton Pritchard,28.0,BOS,PG,14.0,14.0,447.0,9.3,20.8,0.446,3.9,12.2,0.321,5.4,8.6,0.623,0.54,3.1,3.9,0.8,1.5,4.7,6.1,7.8,1.2,0.0,2.0,3.1,25.6,125.0,118.0,,2026,2025-26
18.0,Keyonte George,22.0,UTA,PG,13.0,13.0,447.0,9.2,22.4,0.412,2.4,8.8,0.277,6.8,13.6,0.5,0.467,9.7,10.4,0.929,1.0,4.5,5.4,9.7,1.4,0.4,4.6,3.0,30.6,116.0,122.0,,2026,2025-26
19.0,Deni Avdija,25.0,POR,SF,13.0,13.0,443.0,11.4,23.3,0.489,3.5,9.3,0.375,7.9,14.0,0.564,0.563,9.4,10.9,0.864,1.8,7.2,9.0,6.5,0.7,1.2,5.0,5.1,35.7,122.0,119.0,,2026,2025-26
20.0,Evan Mobley,24.0,CLE,PF,13.0,13.0,443.0,9.4,20.1,0.468,2.4,6.8,0.359,7.0,13.3,0.524,0.529,5.2,8.3,0.628,3.8,8.6,12.4,5.7,1.8,2.2,3.4,3.2,26.5,114.0,111.0,,2026,2025-26
21.0,Alperen Şengün,23.0,HOU,C,12.0,12.0,442.0,10.9,22.6,0.48,1.9,4.3,0.447,9.0,18.4,0.488,0.522,7.3,9.8,0.739,4.3,9.6,13.9,10.0,1.7,1.3,4.5,4.4,30.9,125.0,112.0,,2026,2025-26
22.0,Julius Randle,31.0,MIN,PF,13.0,13.0,437.0,12.4,23.0,0.54,2.7,7.0,0.391,9.7,16.1,0.605,0.6,8.5,9.8,0.867,2.1,8.4,10.5,8.8,1.9,0.3,3.7,3.6,36.1,131.0,114.0,,2026,2025-26
23.0,Ryan Rollins,23.0,MIL,PG,14.0,13.0,436.0,10.0,19.0,0.526,3.5,7.7,0.457,6.5,11.3,0.573,0.618,2.5,3.3,0.767,1.2,4.6,5.8,8.2,2.6,0.3,3.6,4.6,26.0,121.0,117.0,,2026,2025-26
24.0,Kevin Durant,37.0,HOU,SF,12.0,12.0,433.0,12.0,23.5,0.51,2.5,6.3,0.4,9.5,17.2,0.55,0.563,9.0,10.2,0.888,0.5,5.9,6.4,4.7,1.4,0.9,4.1,3.8,35.5,126.0,116.0,,2026,2025-26
25.0,James Harden,36.0,LAC,PG,12.0,12.0,433.0,10.6,23.3,0.455,5.2,13.0,0.398,5.4,10.3,0.528,0.567,9.6,10.5,0.912,0.8,8.0,8.8,12.4,1.3,0.6,5.3,2.7,36.0,126.0,120.0,,2026,2025-26
26.0,Jimmy Butler,36.0,GSW,SF,14.0,14.0,431.0,9.1,17.3,0.526,1.7,3.5,0.469,7.4,13.8,0.54,0.574,9.9,11.4,0.864,3.4,4.9,8.3,7.4,2.6,0.4,2.4,2.0,29.7,139.0,113.0,,2026,2025-26
27.0,Brandon Ingram,28.0,TOR,SF,13.0,13.0,431.0,10.9,22.1,0.493,1.5,6.0,0.255,9.3,16.0,0.582,0.527,5.8,6.6,0.883,0.9,7.7,8.6,5.5,1.3,0.9,3.5,3.6,29.1,112.0,114.0,,2026,2025-26
28.0,Devin Vassell,25.0,SAS,SG,13.0,13.0,430.0,7.3,18.0,0.406,3.6,10.6,0.34,3.7,7.4,0.5,0.506,2.0,2.6,0.783,0.6,4.6,5.2,3.5,1.6,0.2,1.7,3.0,20.2,110.0,115.0,,2026,2025-26
29.0,Max Christie,22.0,DAL,SG,14.0,11.0,428.0,6.8,14.2,0.477,4.2,9.1,0.458,2.6,5.1,0.511,0.623,2.0,2.6,0.75,0.1,5.4,5.5,4.2,0.9,0.9,1.6,3.0,19.7,121.0,115.0,,2026,2025-26
30.0,Andrew Wiggins,30.0,MIA,SF,13.0,13.0,428.0,9.6,18.8,0.508,2.7,7.0,0.379,6.9,11.8,0.586,0.579,2.4,3.7,0.657,2.2,4.6,6.8,3.9,1.6,1.3,3.1,3.6,24.2,111.0,117.0,,2026,2025-26
31.0,Brandin Podziemski,22.0,GSW,SG,15.0,7.0,426.0,7.3,16.0,0.455,3.1,8.2,0.384,4.2,7.9,0.529,0.552,2.4,3.1,0.75,0.7,7.0,7.6,5.3,2.1,0.6,2.1,3.8,20.1,115.0,113.0,,2026,2025-26
32.0,Dennis Schröder,32.0,SAC,PG,14.0,12.0,426.0,7.2,17.8,0.401,2.4,7.0,0.344,4.7,10.8,0.439,0.469,2.2,2.9,0.769,0.4,5.2,5.6,9.1,1.7,0.3,3.0,2.9,18.9,103.0,123.0,,2026,2025-26
33.0,Amen Thompson,23.0,HOU,SF,12.0,12.0,426.0,9.3,19.7,0.471,0.7,3.4,0.207,8.6,16.4,0.525,0.488,4.8,6.3,0.759,3.1,5.3,8.5,7.2,1.7,0.7,3.1,3.1,24.0,120.0,116.0,,2026,2025-26
34.0,Kon Knueppel,20.0,CHO,SF,13.0,12.0,424.0,8.8,19.2,0.456,4.7,11.6,0.402,4.1,7.6,0.537,0.577,3.2,3.6,0.875,0.9,7.8,8.8,4.2,1.0,0.3,3.6,3.4,25.4,113.0,121.0,,2026,2025-26
35.0,Scottie Barnes,24.0,TOR,PF,13.0,13.0,422.0,11.0,21.9,0.503,2.4,5.7,0.412,8.6,16.1,0.535,0.556,4.4,5.4,0.813,2.7,8.7,11.4,7.6,2.1,2.6,2.8,5.0,28.7,121.0,110.0,,2026,2025-26
36.0,Pascal Siakam,31.0,IND,PF,12.0,12.0,420.0,11.8,26.0,0.453,2.5,6.8,0.361,9.3,19.2,0.485,0.5,7.1,10.8,0.656,2.4,7.2,9.5,6.8,1.6,0.4,3.3,4.5,33.1,111.0,118.0,,2026,2025-26
37.0,Wendell Carter Jr.,26.0,ORL,C,14.0,14.0,419.0,6.6,12.6,0.527,2.1,4.6,0.45,4.6,8.0,0.571,0.609,4.6,5.8,0.784,4.8,7.0,11.8,2.9,1.0,1.5,3.4,6.5,19.9,122.0,114.0,,2026,2025-26
38.0,Duncan Robinson,31.0,DET,SF,13.0,13.0,418.0,6.2,13.6,0.454,4.4,10.3,0.433,1.7,3.3,0.517,0.618,1.8,2.4,0.762,0.6,3.6,4.2,2.6,1.1,0.6,0.9,4.1,18.6,131.0,116.0,,2026,2025-26
39.0,Kelly Oubre Jr.,30.0,PHI,SF,12.0,12.0,418.0,8.5,17.1,0.497,2.6,7.7,0.343,5.9,9.4,0.622,0.574,3.4,4.4,0.789,1.6,5.4,7.0,1.8,1.5,1.1,2.1,3.7,23.1,118.0,117.0,,2026,2025-26
40.0,Grayson Allen,30.0,PHO,SG,13.0,13.0,417.0,9.4,20.1,0.468,5.9,13.3,0.447,3.5,6.9,0.508,0.616,3.1,4.0,0.794,0.7,4.0,4.7,6.5,2.4,0.5,2.7,3.5,27.9,127.0,116.0,,2026,2025-26
41.0,Mikal Bridges,29.0,NYK,SF,12.0,12.0,417.0,8.1,16.6,0.486,3.5,8.3,0.417,4.6,8.3,0.556,0.59,2.0,2.3,0.85,1.7,4.5,6.2,6.8,2.8,1.3,1.3,3.0,21.6,136.0,114.0,,2026,2025-26
42.0,Stephon Castle,21.0,SAS,PG,13.0,13.0,416.0,8.9,18.0,0.497,1.4,5.8,0.24,7.5,12.2,0.619,0.535,6.8,9.9,0.694,2.3,6.5,8.8,11.4,2.6,0.6,6.0,5.5,26.1,114.0,111.0,,2026,2025-26
43.0,Victor Wembanyama,22.0,SAS,C,12.0,12.0,416.0,12.9,25.6,0.502,2.3,6.7,0.345,10.6,18.9,0.558,0.548,8.4,9.7,0.857,2.8,15.2,18.0,5.6,1.5,5.0,5.0,5.1,36.4,117.0,102.0,,2026,2025-26
44.0,Royce O'Neale,32.0,PHO,SF,14.0,10.0,413.0,6.6,14.8,0.444,5.3,12.1,0.437,1.3,2.7,0.478,0.623,0.5,0.7,0.667,1.8,7.3,9.0,5.0,2.0,0.2,2.5,4.2,18.9,122.0,115.0,,2026,2025-26
45.0,Myles Turner,29.0,MIL,C,14.0,14.0,412.0,6.9,15.6,0.44,3.7,9.1,0.41,3.1,6.5,0.482,0.56,2.3,3.4,0.69,2.0,8.1,10.1,3.0,1.9,2.9,2.2,4.5,19.7,112.0,114.0,,2026,2025-26
46.0,Jaden McDaniels,25.0,MIN,PF,13.0,13.0,412.0,10.4,19.0,0.549,2.5,5.1,0.5,7.9,13.9,0.567,0.616,3.2,3.8,0.848,1.6,5.2,6.8,3.5,1.4,2.0,2.8,5.6,26.6,121.0,116.0,,2026,2025-26
47.0,Zach LaVine,30.0,SAC,SG,12.0,12.0,412.0,10.7,20.9,0.511,4.3,10.2,0.422,6.4,10.7,0.596,0.614,5.2,5.9,0.885,0.2,4.6,4.8,3.1,0.8,0.2,2.7,3.4,31.0,118.0,125.0,,2026,2025-26
48.0,Onyeka Okongwu,25.0,ATL,C,14.0,5.0,411.0,8.9,17.3,0.517,2.8,7.1,0.387,6.2,10.2,0.607,0.596,4.6,6.0,0.769,2.9,9.8,12.6,4.0,1.5,1.7,2.5,5.6,25.2,122.0,110.0,,2026,2025-26
49.0,Rudy Gobert,33.0,MIN,C,13.0,13.0,410.0,6.7,8.8,0.763,0.0,0.0,,6.7,8.8,0.763,0.763,2.2,4.5,0.487,4.3,10.2,14.5,2.0,0.7,2.8,2.6,4.7,15.7,128.0,113.0,,2026,2025-26
50.0,Nikola Jokić,30.0,DEN,C,12.0,12.0,410.0,15.2,22.7,0.672,2.7,6.4,0.426,12.5,16.3,0.768,0.732,7.4,8.5,0.875,4.2,14.2,18.4,15.5,2.6,1.1,4.6,3.9,40.6,149.0,104.0,,2026,2025-26
51.0,RJ Barrett,25.0,TOR,SF,13.0,13.0,409.0,10.9,21.5,0.505,2.8,8.1,0.343,8.1,13.4,0.603,0.57,4.5,6.2,0.722,1.3,6.4,7.6,6.0,1.3,0.5,2.4,4.3,29.0,119.0,116.0,,2026,2025-26
52.0,Immanuel Quickley,26.0,TOR,PG,13.0,13.0,408.0,8.3,18.1,0.462,3.5,9.3,0.375,4.9,8.8,0.553,0.558,3.6,4.8,0.756,0.9,5.6,6.5,9.4,1.9,0.0,2.6,3.2,23.8,121.0,115.0,,2026,2025-26
53.0,Ivica Zubac,28.0,LAC,C,13.0,13.0,407.0,11.0,17.5,0.629,0.0,0.0,,11.0,17.5,0.629,0.629,3.7,4.9,0.75,5.1,11.8,16.9,3.6,0.9,1.7,3.6,4.3,25.7,123.0,117.0,,2026,2025-26
54.0,Donovan Mitchell,29.0,CLE,SG,12.0,12.0,407.0,13.9,28.0,0.498,5.5,14.5,0.381,8.4,13.5,0.624,0.597,8.6,10.4,0.833,1.0,5.3,6.3,7.5,2.1,0.7,4.6,3.0,42.1,123.0,114.0,,2026,2025-26
55.0,Cade Cunningham,24.0,DET,PG,11.0,11.0,407.0,12.4,28.4,0.436,2.5,8.5,0.288,9.9,19.9,0.5,0.479,8.1,10.1,0.802,1.4,5.5,6.9,12.8,1.8,1.1,4.7,4.8,35.4,116.0,112.0,,2026,2025-26
56.0,P.J. Washington,27.0,DAL,PF,13.0,13.0,405.0,8.2,18.2,0.449,2.0,6.5,0.304,6.2,11.8,0.529,0.503,4.4,6.8,0.644,1.7,9.6,11.3,3.5,1.4,1.7,4.2,3.3,22.8,97.0,110.0,,2026,2025-26
57.0,Jake LaRavia,24.0,LAL,PF,14.0,6.0,403.0,6.2,13.1,0.477,1.8,5.4,0.333,4.4,7.7,0.578,0.546,2.9,4.3,0.667,2.3,5.3,7.5,4.0,2.5,0.5,2.2,4.3,17.1,116.0,115.0,,2026,2025-26
58.0,Jaren Jackson Jr.,26.0,MEM,C,14.0,14.0,402.0,10.1,21.2,0.478,2.7,7.1,0.377,7.5,14.1,0.529,0.541,6.2,7.7,0.803,1.5,7.0,8.5,2.2,0.8,2.2,3.4,7.0,29.2,108.0,117.0,,2026,2025-26
59.0,Isaiah Hartenstein,27.0,OKC,C,14.0,14.0,401.0,9.4,13.7,0.69,0.0,0.4,0.0,9.4,13.3,0.709,0.69,2.7,4.0,0.667,5.8,13.2,19.0,5.2,2.2,1.0,3.6,5.1,21.5,130.0,100.0,,2026,2025-26
60.0,Giannis Antetokounmpo,31.0,MIL,PF,12.0,12.0,401.0,17.9,28.4,0.63,1.1,2.1,0.5,16.8,26.3,0.641,0.649,9.8,15.4,0.636,5.5,10.7,16.2,10.1,1.3,1.8,5.0,3.8,46.7,130.0,114.0,,2026,2025-26
61.0,Jrue Holiday,35.0,POR,PG,12.0,12.0,401.0,8.6,19.4,0.446,3.6,9.9,0.365,5.0,9.4,0.531,0.539,2.4,2.9,0.84,1.9,5.5,7.3,11.5,2.2,0.3,4.1,2.8,23.3,119.0,118.0,,2026,2025-26
62.0,Russell Westbrook,37.0,SAC,SF,14.0,8.0,399.0,8.3,19.2,0.436,3.5,8.7,0.405,4.8,10.5,0.461,0.528,3.4,5.1,0.674,2.8,8.1,10.9,10.6,1.6,0.2,5.3,3.5,23.6,106.0,121.0,,2026,2025-26
63.0,Donte DiVincenzo,29.0,MIN,SG,13.0,13.0,399.0,6.8,16.0,0.425,4.5,12.1,0.376,2.3,3.9,0.576,0.567,3.7,4.3,0.861,1.4,4.5,6.0,5.5,1.7,0.7,2.3,3.7,21.9,123.0,117.0,,2026,2025-26
64.0,Austin Reaves,27.0,LAL,SG,11.0,11.0,399.0,11.5,23.8,0.482,3.6,11.0,0.33,7.9,12.8,0.613,0.558,11.0,12.7,0.867,0.8,5.9,6.8,10.9,1.8,0.1,4.5,3.3,37.6,127.0,116.0,,2026,2025-26
65.0,Davion Mitchell,27.0,MIA,PG,13.0,13.0,398.0,5.9,12.0,0.495,1.7,4.5,0.385,4.2,7.5,0.561,0.567,1.3,2.2,0.579,0.7,3.5,4.2,11.3,2.2,0.1,2.5,4.7,14.9,122.0,117.0,,2026,2025-26
66.0,Herbert Jones,27.0,NOP,SF,13.0,13.0,397.0,5.9,14.2,0.417,2.7,7.3,0.373,3.2,6.9,0.464,0.513,1.6,2.3,0.684,1.5,4.3,5.8,3.8,2.2,0.4,2.6,5.6,16.2,104.0,124.0,,2026,2025-26
67.0,Karl-Anthony Towns,30.0,NYK,C,12.0,12.0,397.0,10.1,22.9,0.439,2.9,8.4,0.348,7.2,14.6,0.492,0.503,8.6,9.6,0.899,4.5,13.7,18.2,4.9,1.5,1.3,3.6,5.5,31.7,122.0,112.0,,2026,2025-26
68.0,Ajay Mitchell,23.0,OKC,SG,14.0,5.0,396.0,10.4,22.8,0.457,2.2,6.5,0.34,8.2,16.3,0.504,0.505,5.6,6.1,0.92,1.3,5.5,6.9,6.6,3.1,0.5,3.1,4.2,28.6,114.0,104.0,,2026,2025-26
69.0,Deandre Ayton,27.0,LAL,C,13.0,13.0,395.0,12.1,17.5,0.692,0.0,0.0,,12.1,17.5,0.692,0.692,1.6,2.6,0.619,4.5,8.8,13.3,1.5,1.1,1.5,4.3,5.1,25.8,116.0,115.0,,2026,2025-26
70.0,Jalen Johnson,24.0,ATL,SF,12.0,12.0,395.0,12.1,20.5,0.587,1.6,4.1,0.382,10.5,16.5,0.638,0.625,5.5,6.8,0.807,1.8,11.9,13.7,9.1,2.5,0.4,4.3,3.1,31.2,123.0,108.0,,2026,2025-26
71.0,Draymond Green,35.0,GSW,PF,14.0,14.0,394.0,4.6,12.4,0.373,2.5,7.2,0.356,2.1,5.2,0.395,0.475,1.2,2.1,0.588,1.6,8.2,9.8,9.7,1.3,1.2,5.5,6.3,13.0,95.0,113.0,,2026,2025-26
72.0,Paolo Banchero,23.0,ORL,PF,12.0,12.0,393.0,10.0,21.7,0.461,1.3,5.4,0.25,8.7,16.4,0.53,0.492,10.4,13.5,0.766,1.3,11.4,12.7,6.0,1.1,1.3,3.9,3.5,31.7,114.0,111.0,,2026,2025-26
73.0,Jaime Jaquez Jr.,24.0,MIA,SF,13.0,0.0,392.0,10.4,19.6,0.533,0.6,2.9,0.2,9.9,16.7,0.59,0.547,4.9,6.3,0.778,2.0,9.0,11.0,7.9,1.0,0.5,2.6,3.2,26.3,121.0,115.0,,2026,2025-26
74.0,Michael Porter Jr.,27.0,BRK,SF,12.0,12.0,390.0,12.9,27.2,0.472,4.6,13.2,0.349,8.2,14.0,0.589,0.557,5.7,6.7,0.852,1.6,10.1,11.7,5.0,1.0,0.2,3.5,3.5,36.1,115.0,123.0,,2026,2025-26
75.0,Harrison Barnes,33.0,SAS,PF,13.0,13.0,386.0,6.5,12.0,0.542,4.0,8.3,0.485,2.5,3.8,0.667,0.708,2.6,2.9,0.913,1.0,3.5,4.5,3.4,1.8,0.5,2.4,3.0,19.6,132.0,115.0,,2026,2025-26
76.0,Gary Trent Jr.,27.0,MIL,SG,14.0,12.0,384.0,6.0,15.3,0.39,4.0,10.7,0.372,2.0,4.6,0.432,0.52,1.6,2.2,0.722,0.1,2.6,2.7,3.7,1.9,0.1,1.1,3.7,17.6,110.0,121.0,,2026,2025-26
77.0,CJ McCollum,34.0,WAS,SG,13.0,13.0,384.0,8.6,21.9,0.394,4.1,11.0,0.378,4.5,11.0,0.411,0.489,4.4,5.4,0.818,1.1,4.0,5.1,5.2,1.2,0.4,2.3,3.7,25.8,109.0,127.0,,2026,2025-26
78.0,A.J. Green,26.0,MIL,SG,14.0,14.0,382.0,5.9,12.0,0.49,5.3,11.2,0.472,0.6,0.9,0.714,0.708,1.9,2.4,0.789,0.1,4.1,4.3,3.0,0.6,0.1,1.4,5.6,18.9,132.0,122.0,,2026,2025-26
79.0,Nic Claxton,26.0,BRK,C,13.0,13.0,382.0,9.6,15.7,0.61,0.0,0.8,0.0,9.6,14.9,0.641,0.61,6.0,8.4,0.712,4.7,6.9,11.6,6.5,1.4,2.3,2.2,4.5,25.1,135.0,122.0,,2026,2025-26
80.0,Nikola Vučević,35.0,CHI,C,12.0,12.0,380.0,9.6,19.0,0.506,2.8,6.6,0.434,6.8,12.5,0.545,0.581,2.4,3.1,0.76,3.1,11.9,15.0,5.2,1.0,0.7,2.6,3.6,24.5,119.0,116.0,,2026,2025-26
81.0,Jarace Walker,22.0,IND,PF,13.0,8.0,379.0,5.3,18.3,0.293,2.2,8.7,0.257,3.1,9.6,0.325,0.354,3.5,4.2,0.824,1.1,7.6,8.7,5.1,0.9,0.9,3.6,3.4,16.4,85.0,119.0,,2026,2025-26
82.0,Cason Wallace,22.0,OKC,SG,13.0,13.0,378.0,5.1,12.3,0.417,2.7,7.1,0.382,2.4,5.3,0.463,0.526,1.3,1.4,0.909,1.4,3.8,5.3,4.6,3.8,0.5,1.8,4.0,14.2,114.0,103.0,,2026,2025-26
83.0,Alex Sarr,20.0,WAS,C,13.0,13.0,377.0,12.2,23.4,0.519,1.7,5.0,0.35,10.4,18.5,0.564,0.556,3.5,4.7,0.737,3.8,9.3,13.1,5.8,1.1,3.5,3.8,3.5,29.5,112.0,120.0,,2026,2025-26
84.0,Cedric Coward,22.0,MEM,SG,14.0,1.0,374.0,8.0,16.8,0.478,2.9,7.8,0.371,5.1,9.0,0.569,0.563,5.6,6.3,0.9,2.9,7.8,10.7,5.3,1.5,0.8,2.1,3.5,24.6,126.0,116.0,,2026,2025-26
85.0,Jamal Murray,28.0,DEN,PG,11.0,11.0,374.0,11.4,24.8,0.458,3.2,9.4,0.342,8.1,15.4,0.529,0.523,5.4,5.8,0.933,0.9,6.3,7.2,8.9,1.9,0.4,3.4,1.8,31.4,119.0,112.0,,2026,2025-26
86.0,OG Anunoby,28.0,NYK,PF,12.0,12.0,373.0,9.0,19.0,0.476,4.0,10.2,0.392,5.0,8.8,0.574,0.582,2.5,3.2,0.76,2.5,6.2,8.7,3.4,3.0,1.0,2.8,3.6,24.6,117.0,113.0,,2026,2025-26
87.0,Jalen Brunson,29.0,NYK,PG,11.0,11.0,373.0,13.8,29.6,0.467,4.0,10.9,0.369,9.8,18.7,0.524,0.535,8.1,9.4,0.863,0.6,4.4,5.0,9.3,1.2,0.0,3.9,3.7,39.8,123.0,119.0,,2026,2025-26
88.0,Kyshawn George,22.0,WAS,SF,12.0,12.0,372.0,9.3,18.4,0.507,3.9,8.7,0.449,5.4,9.7,0.558,0.613,3.0,4.3,0.706,0.9,8.3,9.2,6.9,1.4,1.4,4.9,7.2,25.5,110.0,122.0,,2026,2025-26
89.0,Naji Marshall,28.0,DAL,SF,14.0,1.0,371.0,6.4,13.6,0.472,1.4,4.8,0.289,5.0,8.8,0.571,0.523,6.1,7.4,0.814,1.5,7.2,8.7,4.3,2.3,0.0,1.6,3.9,20.3,123.0,111.0,,2026,2025-26
90.0,Quentin Grimes,25.0,PHI,SG,12.0,0.0,371.0,8.2,17.5,0.467,3.8,9.6,0.392,4.4,7.9,0.557,0.574,5.7,6.9,0.83,0.6,5.6,6.2,6.9,1.4,0.8,4.9,3.9,25.8,114.0,117.0,,2026,2025-26
91.0,Luka Dončić,26.0,LAL,PG,10.0,10.0,371.0,13.8,29.4,0.469,4.7,14.3,0.327,9.1,15.1,0.603,0.549,12.5,15.9,0.787,1.2,10.4,11.6,11.6,2.2,0.8,4.8,3.3,44.7,124.0,112.0,,2026,2025-26
92.0,Anthony Black,22.0,ORL,PG,14.0,3.0,370.0,7.4,15.9,0.463,1.9,6.4,0.306,5.4,9.6,0.568,0.524,3.4,4.9,0.684,0.9,4.5,5.4,4.4,2.1,1.3,3.9,4.5,20.1,102.0,113.0,,2026,2025-26
93.0,Shaedon Sharpe,22.0,POR,SG,13.0,13.0,370.0,13.0,30.1,0.433,3.2,11.5,0.275,9.9,18.6,0.531,0.485,7.1,8.7,0.812,2.4,6.2,8.6,3.3,2.4,0.4,4.7,3.8,36.3,105.0,117.0,,2026,2025-26
94.0,Stephen Curry,37.0,GSW,PG,12.0,12.0,367.0,13.5,29.6,0.458,6.6,17.5,0.381,6.9,12.1,0.57,0.57,9.1,9.8,0.933,0.4,5.3,5.7,5.7,2.2,0.7,4.2,3.5,42.9,118.0,113.0,,2026,2025-26
95.0,Nickeil Alexander-Walker,27.0,ATL,SG,12.0,9.0,365.0,9.2,20.8,0.441,3.0,9.2,0.324,6.2,11.6,0.533,0.512,6.3,7.5,0.845,1.0,3.4,4.4,5.4,1.7,1.4,4.0,2.6,27.6,108.0,115.0,,2026,2025-26
96.0,Domantas Sabonis,29.0,SAC,C,11.0,11.0,365.0,9.5,18.6,0.51,0.5,2.6,0.2,9.0,16.1,0.56,0.524,4.8,6.6,0.725,4.8,12.6,17.3,5.3,1.7,0.3,3.6,5.7,24.3,112.0,118.0,,2026,2025-26
97.0,Jabari Smith Jr.,22.0,HOU,PF,11.0,11.0,363.0,8.0,17.6,0.457,3.0,8.0,0.373,5.0,9.5,0.529,0.543,2.6,3.1,0.826,1.8,7.8,9.5,2.5,1.2,1.2,1.5,4.1,21.7,126.0,115.0,,2026,2025-26
98.0,Jerami Grant,31.0,POR,PF,13.0,1.0,362.0,9.0,19.5,0.464,3.5,8.7,0.403,5.6,10.8,0.512,0.553,9.2,10.8,0.845,1.4,3.6,5.0,3.9,1.5,0.6,2.7,5.7,30.7,128.0,121.0,,2026,2025-26
99.0,Jonathan Kuminga,23.0,GSW,PF,13.0,12.0,360.0,8.6,18.1,0.478,1.6,4.9,0.324,7.0,13.1,0.535,0.522,4.9,6.4,0.771,2.8,8.6,11.4,4.9,0.7,0.5,4.6,3.3,23.8,106.0,115.0,,2026,2025-26
100.0,Santi Aldama,25.0,MEM,PF,14.0,0.0,358.0,9.0,19.5,0.463,2.6,8.4,0.313,6.4,11.1,0.576,0.53,2.5,4.3,0.576,2.9,9.7,12.6,4.6,2.0,1.0,2.4,2.9,23.2,108.0,114.0,,2026,2025-26
101.0,Saddiq Bey,26.0,NOP,SF,13.0,7.0,358.0,7.8,18.2,0.429,3.8,9.6,0.4,4.0,8.6,0.46,0.534,2.6,3.7,0.704,3.1,5.3,8.5,3.6,1.4,0.0,1.2,1.8,22.0,121.0,125.0,,2026,2025-26
102.0,Julian Champagnie,24.0,SAS,SF,13.0,8.0,357.0,5.3,12.7,0.415,3.7,9.7,0.375,1.6,3.0,0.545,0.559,3.0,3.9,0.759,1.4,6.8,8.1,2.2,2.0,0.5,2.3,2.2,17.2,113.0,112.0,,2026,2025-26
103.0,Jaylen Wells,22.0,MEM,SG,14.0,14.0,354.0,6.5,17.7,0.366,2.8,9.8,0.284,3.7,7.9,0.467,0.444,1.9,2.8,0.667,2.3,4.4,6.6,2.8,1.1,0.0,1.6,3.8,17.6,97.0,120.0,,2026,2025-26
104.0,Svi Mykhailiuk,28.0,UTA,SF,13.0,13.0,353.0,6.2,13.2,0.469,3.5,9.4,0.371,2.7,3.8,0.714,0.602,0.7,0.8,0.833,1.3,3.1,4.4,3.6,0.9,0.4,1.2,2.4,16.6,125.0,124.0,,2026,2025-26
105.0,Terance Mann,29.0,BRK,SG,13.0,13.0,352.0,6.6,14.0,0.475,2.1,5.5,0.375,4.6,8.4,0.541,0.55,2.5,2.9,0.857,2.8,2.8,5.5,5.7,1.5,0.4,1.5,5.8,17.8,126.0,126.0,,2026,2025-26
106.0,Bub Carrington,20.0,WAS,PG,13.0,5.0,349.0,3.8,11.4,0.329,2.3,5.2,0.436,1.5,6.2,0.239,0.429,1.3,1.9,0.714,0.4,6.6,7.0,7.6,1.2,0.3,4.3,4.4,11.1,88.0,125.0,,2026,2025-26
107.0,Sion James,23.0,CHO,SG,13.0,8.0,349.0,4.8,10.0,0.486,2.8,5.7,0.488,2.1,4.3,0.484,0.625,2.2,2.6,0.842,0.7,4.7,5.4,2.6,1.4,0.6,1.7,2.9,14.7,125.0,122.0,,2026,2025-26
108.0,Matas Buzelis,21.0,CHI,PF,12.0,12.0,349.0,8.9,18.3,0.485,3.0,7.4,0.4,5.9,10.9,0.543,0.566,3.8,4.4,0.848,1.9,7.4,9.3,1.9,1.3,1.8,3.2,5.5,24.5,109.0,116.0,,2026,2025-26
109.0,Josh Giddey,23.0,CHI,PG,10.0,10.0,349.0,10.5,22.9,0.459,2.3,6.2,0.37,8.2,16.7,0.492,0.509,6.2,8.1,0.767,1.9,11.4,13.3,13.1,1.5,0.7,5.0,2.6,29.5,115.0,115.0,,2026,2025-26
110.0,Ja Morant,26.0,MEM,PG,12.0,12.0,345.0,9.5,26.5,0.359,1.4,8.2,0.167,8.2,18.3,0.444,0.385,8.8,9.4,0.942,0.8,4.9,5.7,12.4,1.6,0.1,6.1,3.7,29.2,98.0,119.0,,2026,2025-26
111.0,Neemias Queta,26.0,BOS,C,14.0,14.0,344.0,8.3,13.5,0.613,0.0,0.4,0.0,8.3,13.1,0.633,0.613,2.3,3.9,0.593,6.4,10.2,16.5,3.5,1.6,2.8,1.9,6.4,18.9,132.0,110.0,,2026,2025-26
112.0,Jeremiah Fears,19.0,NOP,PG,13.0,11.0,344.0,10.4,23.8,0.437,2.1,6.1,0.349,8.3,17.7,0.468,0.482,4.1,5.0,0.829,1.6,4.1,5.7,5.4,3.4,0.1,4.7,4.1,27.1,100.0,121.0,,2026,2025-26
113.0,Jock Landale,30.0,MEM,C,14.0,13.0,342.0,7.7,14.1,0.544,2.2,4.8,0.457,5.5,9.3,0.588,0.621,2.2,3.2,0.696,4.3,6.2,10.4,3.3,1.2,0.8,2.2,5.8,19.7,122.0,118.0,,2026,2025-26
114.0,Anfernee Simons,26.0,BOS,SG,14.0,0.0,342.0,9.6,23.8,0.405,5.5,14.0,0.396,4.1,9.8,0.418,0.521,2.6,2.9,0.9,0.7,3.5,4.2,4.8,0.9,0.4,2.5,4.4,27.4,113.0,119.0,,2026,2025-26
115.0,Kyle Kuzma,30.0,MIL,PF,13.0,4.0,338.0,9.3,18.3,0.512,1.7,6.1,0.279,7.6,12.2,0.628,0.558,4.5,5.8,0.78,1.1,6.9,8.1,3.1,1.4,1.1,2.4,4.7,24.9,114.0,117.0,,2026,2025-26
116.0,Collin Gillespie,26.0,PHO,PG,14.0,0.0,337.0,6.8,17.6,0.385,4.6,11.9,0.386,2.2,5.6,0.385,0.516,1.9,2.4,0.765,2.2,6.2,8.3,10.2,2.0,0.9,2.9,2.6,20.0,121.0,115.0,,2026,2025-26
117.0,Aaron Nesmith,26.0,IND,SF,11.0,11.0,335.0,7.6,20.7,0.367,4.4,11.7,0.373,3.2,9.0,0.359,0.473,4.4,5.5,0.795,2.4,4.5,6.9,2.4,1.3,0.4,1.1,3.8,23.9,112.0,121.0,,2026,2025-26
118.0,Ryan Dunn,23.0,PHO,SF,14.0,9.0,334.0,7.1,14.8,0.48,2.0,6.4,0.318,5.1,8.4,0.603,0.549,1.3,1.9,0.692,4.2,6.1,10.3,3.6,2.2,1.5,2.0,4.9,17.6,120.0,114.0,,2026,2025-26
119.0,Kris Dunn,31.0,LAC,PG,13.0,7.0,333.0,5.2,11.2,0.467,1.6,4.6,0.355,3.6,6.6,0.545,0.54,1.9,2.7,0.722,1.6,3.3,4.9,4.3,3.0,0.6,2.8,4.9,14.1,108.0,120.0,,2026,2025-26
120.0,Aaron Gordon,30.0,DEN,PF,11.0,11.0,333.0,10.5,19.6,0.533,3.9,8.3,0.474,6.5,11.3,0.577,0.633,7.0,7.8,0.889,2.0,7.4,9.4,2.5,1.5,0.4,2.5,2.8,31.8,132.0,112.0,,2026,2025-26
121.0,Tre Jones,26.0,CHI,PG,11.0,11.0,329.0,6.9,13.9,0.495,0.9,2.4,0.353,6.0,11.4,0.525,0.526,6.3,7.4,0.846,1.3,5.0,6.3,8.6,3.3,0.3,2.6,3.1,20.9,127.0,115.0,,2026,2025-26
122.0,John Collins,28.0,LAC,PF,13.0,4.0,328.0,9.4,18.4,0.512,1.8,5.5,0.333,7.6,12.9,0.588,0.562,3.0,4.0,0.769,2.7,6.4,9.1,1.4,1.8,1.1,4.0,4.3,23.7,104.0,120.0,,2026,2025-26
123.0,Kentavious Caldwell-Pope,32.0,MEM,SG,14.0,13.0,327.0,5.2,14.5,0.356,2.0,6.7,0.298,3.2,7.7,0.407,0.426,3.6,4.0,0.893,0.7,4.4,5.2,6.2,1.6,0.6,2.3,2.6,15.9,103.0,119.0,,2026,2025-26
124.0,Tre Johnson,19.0,WAS,SG,13.0,4.0,327.0,8.0,18.9,0.424,3.6,9.6,0.373,4.4,9.3,0.477,0.519,1.7,2.0,0.857,1.0,5.0,6.0,2.6,0.6,0.9,2.9,3.6,21.3,100.0,127.0,,2026,2025-26
125.0,Donovan Clingan,21.0,POR,C,13.0,13.0,326.0,6.6,13.8,0.479,1.1,5.7,0.2,5.4,8.0,0.679,0.521,2.2,2.3,0.938,8.3,8.5,16.8,2.2,1.3,2.6,1.3,5.2,16.5,132.0,116.0,,2026,2025-26
126.0,Noah Clowney,21.0,BRK,PF,13.0,7.0,326.0,5.1,14.6,0.347,3.3,11.1,0.297,1.8,3.6,0.5,0.459,4.9,6.6,0.75,1.5,6.1,7.6,3.4,1.2,0.7,3.1,3.9,18.4,102.0,124.0,,2026,2025-26
127.0,Ben Sheppard,24.0,IND,SG,13.0,5.0,326.0,4.5,14.2,0.316,1.9,7.8,0.241,2.6,6.4,0.409,0.383,1.4,1.9,0.769,1.6,6.9,8.5,3.0,0.9,0.3,1.3,4.9,12.3,93.0,120.0,,2026,2025-26
128.0,Christian Braun,24.0,DEN,SG,11.0,11.0,325.0,7.1,14.4,0.495,0.9,4.2,0.214,6.3,10.3,0.609,0.526,3.4,4.3,0.793,2.7,4.5,7.1,4.9,1.3,0.4,2.1,3.6,18.6,121.0,114.0,,2026,2025-26
129.0,Tristan Da Silva,24.0,ORL,SF,14.0,2.0,324.0,8.6,17.6,0.487,4.1,10.2,0.406,4.4,7.4,0.6,0.605,2.8,3.6,0.792,1.9,6.1,8.0,2.1,1.9,0.4,1.8,1.8,24.1,123.0,114.0,,2026,2025-26
130.0,Derrick Jones Jr.,28.0,LAC,SF,13.0,13.0,324.0,7.5,14.2,0.533,2.5,7.1,0.348,5.1,7.1,0.717,0.62,3.4,4.3,0.786,1.7,3.1,4.8,2.2,1.7,2.3,1.5,4.0,20.9,127.0,121.0,,2026,2025-26
131.0,Marcus Smart,31.0,LAL,SG,11.0,9.0,321.0,5.3,13.1,0.402,1.8,7.8,0.231,3.5,5.3,0.657,0.471,4.5,4.8,0.938,0.9,3.0,3.9,5.6,3.6,0.3,3.9,5.0,16.8,104.0,114.0,,2026,2025-26
132.0,De'Andre Hunter,28.0,CLE,SF,11.0,11.0,320.0,10.0,22.6,0.442,3.1,11.0,0.28,6.9,11.6,0.595,0.51,6.0,7.2,0.837,1.0,6.6,7.6,5.0,1.2,0.4,2.6,4.1,29.0,115.0,116.0,,2026,2025-26
133.0,Kevin Huerter,27.0,CHI,SF,12.0,3.0,319.0,9.3,18.7,0.496,2.5,8.3,0.304,6.8,10.5,0.648,0.563,3.5,4.3,0.828,1.3,6.2,7.5,5.2,1.8,1.8,2.9,4.7,24.6,115.0,116.0,,2026,2025-26
134.0,Jalen Duren,22.0,DET,C,11.0,11.0,319.0,11.5,17.8,0.647,0.0,0.0,,11.5,17.8,0.647,0.647,8.8,10.9,0.808,7.5,12.2,19.7,2.7,1.8,1.9,4.0,5.5,31.8,132.0,106.0,,2026,2025-26
135.0,Ryan Kalkbrenner,24.0,CHO,C,12.0,12.0,318.0,8.2,10.0,0.818,0.0,0.2,0.0,8.2,9.9,0.831,0.818,2.1,2.6,0.824,6.2,6.2,12.4,0.8,1.8,4.1,3.0,4.1,18.5,137.0,115.0,,2026,2025-26
136.0,Naz Reid,26.0,MIN,C,13.0,0.0,316.0,8.6,19.6,0.438,3.6,10.4,0.348,5.0,9.2,0.541,0.531,1.8,2.9,0.632,2.4,8.6,11.0,4.1,2.0,1.8,2.7,5.6,22.6,109.0,112.0,,2026,2025-26
137.0,Moses Moody,23.0,GSW,SG,13.0,5.0,315.0,8.0,18.2,0.442,5.9,13.1,0.453,2.1,5.2,0.412,0.604,3.9,4.7,0.839,0.9,4.6,5.5,2.9,1.8,1.7,2.3,3.5,25.9,119.0,113.0,,2026,2025-26
138.0,Jusuf Nurkić,31.0,UTA,C,13.0,8.0,314.0,5.3,14.2,0.372,0.6,3.6,0.167,4.7,10.6,0.443,0.394,3.0,5.0,0.606,4.4,14.4,18.8,7.1,3.5,0.9,5.3,5.4,14.2,92.0,110.0,,2026,2025-26
139.0,Collin Sexton,27.0,CHO,SG,12.0,9.0,314.0,9.2,19.2,0.48,2.9,6.8,0.432,6.3,12.4,0.506,0.556,7.1,8.3,0.852,0.5,3.8,4.3,9.2,1.4,0.0,5.5,4.5,28.4,116.0,123.0,,2026,2025-26
140.0,Norman Powell,32.0,MIA,SG,10.0,10.0,313.0,11.5,23.8,0.482,5.1,10.6,0.479,6.4,13.2,0.484,0.588,9.9,10.6,0.932,0.4,5.5,6.0,3.5,1.7,0.3,3.2,3.5,37.9,123.0,117.0,,2026,2025-26
141.0,Kel'el Ware,21.0,MIA,C,13.0,10.0,312.0,8.0,15.3,0.524,1.9,5.1,0.371,6.1,10.2,0.6,0.586,2.6,3.5,0.75,5.0,12.5,17.5,1.3,1.9,2.6,1.9,3.6,20.6,121.0,108.0,,2026,2025-26
142.0,Jarrett Allen,27.0,CLE,C,12.0,12.0,311.0,10.7,18.3,0.587,0.0,0.6,0.0,10.7,17.7,0.607,0.587,6.8,9.1,0.75,4.4,9.7,14.0,3.2,2.1,1.7,2.9,2.7,28.2,125.0,110.0,,2026,2025-26
143.0,Isaac Okoro,25.0,CHI,SG,12.0,12.0,310.0,5.3,12.0,0.443,2.1,5.6,0.378,3.2,6.4,0.5,0.532,2.3,2.6,0.882,2.3,3.2,5.5,3.5,0.9,1.4,2.3,6.1,15.0,113.0,120.0,,2026,2025-26
144.0,Ron Holland,20.0,DET,SF,13.0,4.0,309.0,6.8,17.6,0.386,2.0,6.9,0.289,4.8,10.6,0.449,0.443,2.9,3.4,0.864,1.9,5.9,7.7,3.7,3.5,0.5,3.7,6.0,18.5,96.0,108.0,,2026,2025-26
145.0,D'Angelo Russell,29.0,DAL,PG,14.0,3.0,308.0,8.8,23.1,0.382,2.6,10.6,0.243,6.2,12.5,0.5,0.438,5.8,8.2,0.704,0.9,5.2,6.1,10.5,1.2,0.3,4.7,2.7,26.0,99.0,115.0,,2026,2025-26
146.0,Mark Williams,24.0,PHO,C,12.0,9.0,305.0,8.6,14.0,0.614,0.0,0.0,,8.6,14.0,0.614,0.614,4.6,5.9,0.784,5.4,10.7,16.1,1.7,2.4,1.7,1.6,5.4,21.8,136.0,110.0,,2026,2025-26
147.0,Sam Hauser,28.0,BOS,PF,14.0,2.0,301.0,5.0,15.9,0.313,4.6,14.1,0.329,0.3,1.8,0.182,0.458,0.5,0.7,0.75,1.7,5.8,7.5,3.0,1.2,0.7,1.7,2.3,15.1,102.0,116.0,,2026,2025-26
148.0,Keldon Johnson,26.0,SAS,SF,13.0,0.0,301.0,9.3,16.7,0.558,1.1,4.5,0.25,8.2,12.2,0.671,0.591,3.4,4.2,0.808,5.0,7.9,12.8,3.5,1.6,0.2,1.4,4.0,23.1,134.0,113.0,,2026,2025-26
149.0,Moussa Diabaté,24.0,CHO,C,13.0,1.0,300.0,8.0,12.1,0.667,0.0,0.0,,8.0,12.1,0.667,0.667,5.8,8.2,0.706,8.5,8.2,16.7,2.1,1.4,2.7,1.6,5.3,21.9,147.0,117.0,,2026,2025-26
150.0,Zaccharie Risacher,20.0,ATL,SF,12.0,12.0,297.0,9.7,20.3,0.477,3.2,9.2,0.345,6.5,11.1,0.586,0.555,2.1,3.0,0.684,1.1,4.0,5.1,2.9,2.2,1.1,1.6,3.3,24.6,110.0,113.0,,2026,2025-26
151.0,Chet Holmgren,23.0,OKC,PF,10.0,10.0,296.0,11.1,19.3,0.576,2.6,6.7,0.39,8.5,12.6,0.675,0.644,6.7,7.7,0.872,2.5,11.0,13.4,2.9,1.1,2.1,3.4,6.2,31.6,127.0,103.0,,2026,2025-26
152.0,Tre Mann,24.0,CHO,PG,13.0,1.0,295.0,8.5,23.7,0.359,3.6,11.6,0.31,4.9,12.1,0.405,0.434,2.0,2.1,0.923,1.6,5.4,7.0,7.0,1.3,0.3,4.4,4.9,22.6,96.0,122.0,,2026,2025-26
153.0,Javonte Green,32.0,DET,SG,13.0,3.0,294.0,4.7,13.0,0.363,2.1,6.8,0.31,2.6,6.2,0.421,0.444,3.6,5.0,0.71,2.1,6.0,8.1,2.8,2.1,1.1,1.6,3.1,15.1,109.0,111.0,,2026,2025-26
154.0,Ausar Thompson,23.0,DET,SF,10.0,10.0,291.0,9.5,18.8,0.504,0.7,2.1,0.308,8.8,16.7,0.529,0.522,3.1,6.4,0.487,3.3,7.5,10.8,5.6,2.9,1.1,2.3,4.7,22.8,113.0,108.0,,2026,2025-26
155.0,Derik Queen,21.0,NOP,C,13.0,1.0,290.0,8.6,17.8,0.486,0.2,1.7,0.1,8.5,16.1,0.526,0.49,5.6,7.3,0.767,3.6,9.8,13.4,5.7,2.0,1.5,4.4,6.6,23.0,107.0,119.0,,2026,2025-26
156.0,Bobby Portis,30.0,MIL,PF,14.0,0.0,286.0,9.2,19.6,0.47,3.2,7.4,0.432,6.0,12.2,0.493,0.551,1.0,1.3,0.75,2.8,10.0,12.9,2.8,0.7,0.2,3.0,4.2,22.6,106.0,118.0,,2026,2025-26
157.0,Nikola Jović,22.0,MIA,PF,13.0,1.0,284.0,6.2,15.2,0.411,2.2,7.5,0.298,4.0,7.7,0.521,0.484,4.2,5.6,0.743,1.6,8.0,9.6,6.6,1.4,1.0,4.0,5.4,18.9,103.0,114.0,,2026,2025-26
158.0,Dean Wade,29.0,CLE,PF,13.0,2.0,284.0,4.0,10.7,0.369,2.5,7.9,0.313,1.5,2.8,0.529,0.485,1.5,2.0,0.75,2.0,5.3,7.3,2.8,1.5,1.2,0.7,3.8,11.9,118.0,115.0,,2026,2025-26
159.0,Jaylon Tyson,23.0,CLE,SG,11.0,7.0,284.0,7.3,14.9,0.489,4.0,8.6,0.462,3.3,6.3,0.526,0.622,1.7,2.1,0.769,2.5,4.8,7.3,3.3,2.3,1.5,1.8,6.9,20.2,126.0,113.0,,2026,2025-26
160.0,Sam Merrill,29.0,CLE,SG,11.0,7.0,283.0,7.8,17.6,0.443,6.3,14.9,0.422,1.5,2.7,0.563,0.623,2.5,2.7,0.938,1.3,2.0,3.3,4.5,1.0,0.3,1.5,5.6,24.4,132.0,120.0,,2026,2025-26
161.0,Klay Thompson,35.0,DAL,SF,13.0,7.0,281.0,7.3,21.6,0.338,5.2,16.1,0.32,2.2,5.5,0.394,0.458,1.0,1.0,1.0,0.5,5.5,6.0,4.2,0.5,0.8,2.5,1.7,20.8,93.0,116.0,,2026,2025-26
162.0,Tim Hardaway Jr.,33.0,DEN,SG,12.0,1.0,280.0,8.1,16.9,0.48,5.7,11.6,0.493,2.4,5.4,0.452,0.648,2.9,3.1,0.944,0.5,3.5,4.0,3.3,0.9,0.2,0.5,2.8,24.9,142.0,116.0,,2026,2025-26
163.0,Pelle Larsson,24.0,MIA,SG,13.0,10.0,279.0,7.5,13.7,0.548,2.4,6.5,0.375,5.1,7.2,0.705,0.637,3.6,4.4,0.815,0.8,4.2,5.1,5.7,1.0,0.3,2.4,4.1,21.0,126.0,119.0,,2026,2025-26
164.0,Tyrese Martin,26.0,BRK,SG,13.0,2.0,275.0,6.4,17.2,0.371,3.0,10.1,0.298,3.4,7.1,0.475,0.459,1.1,1.6,0.667,2.5,4.8,7.3,5.7,1.2,0.5,2.5,2.3,16.8,102.0,125.0,,2026,2025-26
165.0,Reed Sheppard,21.0,HOU,PG,12.0,0.0,275.0,10.1,20.5,0.491,5.9,12.4,0.478,4.1,8.1,0.511,0.636,1.1,1.6,0.667,0.5,5.2,5.8,6.7,3.4,0.7,2.7,4.3,27.2,132.0,112.0,,2026,2025-26
166.0,Luke Kennard,29.0,ATL,SG,12.0,0.0,274.0,6.0,12.4,0.486,3.1,7.2,0.429,2.9,5.2,0.567,0.611,2.1,2.2,0.923,1.4,3.3,4.6,3.6,2.1,0.2,2.6,2.6,17.2,115.0,115.0,,2026,2025-26
167.0,Kris Murray,25.0,POR,SF,12.0,0.0,273.0,4.6,9.6,0.482,1.0,3.3,0.316,3.6,6.3,0.568,0.536,0.7,1.0,0.667,2.6,3.9,6.5,2.2,2.2,0.3,1.2,3.8,11.0,118.0,119.0,,2026,2025-26
168.0,Anthony Edwards,24.0,MIN,SG,9.0,9.0,273.0,14.2,29.7,0.476,5.2,12.8,0.411,8.9,17.0,0.526,0.565,9.4,11.0,0.857,1.4,5.8,7.2,5.8,1.7,1.0,3.8,2.6,43.0,121.0,116.0,,2026,2025-26
169.0,Josh Hart,30.0,NYK,SF,11.0,0.0,272.0,6.6,14.2,0.463,2.1,6.0,0.353,4.4,8.2,0.543,0.538,1.8,2.3,0.769,3.2,9.9,13.1,8.3,1.6,0.2,3.4,3.7,17.0,119.0,115.0,,2026,2025-26
170.0,Josh Okogie,27.0,HOU,SG,12.0,10.0,271.0,5.7,11.5,0.492,2.9,6.4,0.457,2.7,5.1,0.536,0.619,3.3,4.0,0.818,2.0,2.9,4.9,2.7,3.5,0.4,1.3,4.6,17.5,141.0,114.0,,2026,2025-26
171.0,Bruce Brown,29.0,DEN,SG,12.0,0.0,270.0,5.2,12.2,0.426,1.6,3.8,0.429,3.6,8.4,0.426,0.493,2.3,2.7,0.867,2.5,7.2,9.7,2.9,1.6,0.4,1.8,5.2,14.3,114.0,112.0,,2026,2025-26
172.0,Cameron Johnson,29.0,DEN,SF,11.0,11.0,269.0,5.2,14.0,0.372,1.4,6.8,0.211,3.8,7.2,0.525,0.423,2.3,2.9,0.813,1.3,4.0,5.2,3.6,1.1,0.2,1.1,4.5,14.2,107.0,115.0,,2026,2025-26
173.0,Patrick Williams,24.0,CHI,PF,12.0,0.0,267.0,5.8,13.0,0.446,3.3,7.9,0.422,2.5,5.1,0.483,0.574,2.1,3.2,0.667,1.4,4.8,6.2,3.2,2.5,0.9,2.5,3.5,17.1,110.0,117.0,,2026,2025-26
174.0,Malik Monk,27.0,SAC,SG,11.0,0.0,267.0,9.1,20.0,0.456,3.9,8.8,0.44,5.3,11.2,0.469,0.553,3.2,3.5,0.9,0.5,2.5,3.0,4.0,1.8,0.9,1.9,3.3,25.3,113.0,123.0,,2026,2025-26
175.0,Mike Conley,38.0,MIN,PG,13.0,4.0,266.0,4.3,10.2,0.421,3.2,6.8,0.474,1.1,3.4,0.316,0.579,2.7,2.7,1.0,0.9,3.8,4.7,8.3,1.4,0.5,2.3,3.9,14.5,130.0,118.0,,2026,2025-26
176.0,Peyton Watson,23.0,DEN,SF,12.0,2.0,266.0,5.1,11.6,0.438,0.7,3.3,0.222,4.4,8.4,0.522,0.469,3.3,4.5,0.72,2.5,5.5,8.0,2.9,2.5,2.4,2.2,4.2,14.2,109.0,108.0,,2026,2025-26
177.0,Keon Ellis,26.0,SAC,SG,14.0,2.0,263.0,6.1,13.4,0.453,4.3,9.6,0.444,1.8,3.7,0.476,0.613,1.2,1.8,0.7,0.7,3.0,3.7,1.6,3.6,0.7,1.1,5.9,17.7,117.0,119.0,,2026,2025-26
178.0,Josh Minott,23.0,BOS,PF,13.0,9.0,263.0,6.6,14.4,0.461,2.5,7.4,0.333,4.2,7.0,0.595,0.546,2.7,3.2,0.824,4.7,8.4,13.1,3.6,2.7,0.9,1.7,5.5,18.4,127.0,110.0,,2026,2025-26
179.0,Cam Spencer,25.0,MEM,SG,14.0,1.0,262.0,6.4,15.4,0.419,4.8,10.7,0.45,1.6,4.7,0.346,0.576,4.1,4.7,0.885,0.4,4.7,5.0,7.5,1.8,0.2,2.1,3.6,21.8,124.0,118.0,,2026,2025-26
180.0,Ace Bailey,19.0,UTA,SF,13.0,4.0,261.0,7.5,18.0,0.414,2.4,7.3,0.325,5.1,10.7,0.475,0.48,2.5,3.1,0.824,4.7,3.8,8.6,3.6,1.5,0.4,3.3,5.8,19.8,106.0,122.0,,2026,2025-26
181.0,Kyle Filipowski,22.0,UTA,C,13.0,5.0,258.0,6.4,15.7,0.412,2.0,6.4,0.314,4.4,9.2,0.48,0.476,3.7,5.3,0.69,3.7,9.8,13.4,5.5,0.9,1.3,2.9,6.6,18.6,110.0,118.0,,2026,2025-26
182.0,Jarred Vanderbilt,26.0,LAL,PF,14.0,2.0,257.0,4.1,9.4,0.44,0.8,2.6,0.286,3.4,6.8,0.5,0.48,3.0,3.6,0.842,3.6,11.1,14.6,3.9,2.6,0.9,4.1,5.1,12.0,102.0,110.0,,2026,2025-26
183.0,Tari Eason,24.0,HOU,PF,11.0,1.0,255.0,9.1,18.4,0.495,5.2,10.3,0.509,3.9,8.1,0.476,0.637,1.0,1.4,0.714,3.1,8.0,11.1,3.5,1.7,1.0,3.7,3.5,24.4,122.0,114.0,,2026,2025-26
184.0,Ayo Dosunmu,26.0,CHI,SG,10.0,0.0,254.0,10.0,19.1,0.524,3.5,7.6,0.463,6.5,11.5,0.565,0.617,4.6,5.0,0.926,0.6,3.9,4.4,5.9,1.3,0.2,2.4,3.3,28.1,127.0,121.0,,2026,2025-26
185.0,Cole Anthony,25.0,MIL,PG,13.0,0.0,253.0,9.5,21.9,0.431,2.1,7.0,0.297,7.4,14.9,0.494,0.478,1.5,2.8,0.533,1.5,7.0,8.5,12.3,1.9,0.9,5.1,7.0,22.5,102.0,116.0,,2026,2025-26
186.0,Lonzo Ball,28.0,CLE,PG,11.0,2.0,253.0,4.3,12.1,0.354,3.3,9.8,0.34,0.9,2.2,0.417,0.492,1.1,1.5,0.75,2.6,5.6,8.2,10.9,2.0,0.4,4.8,3.7,13.0,106.0,115.0,,2026,2025-26
187.0,Buddy Hield,33.0,GSW,SG,15.0,0.0,252.0,7.0,16.5,0.425,3.4,10.6,0.321,3.6,5.9,0.613,0.529,2.3,2.5,0.923,0.9,3.6,4.6,4.6,2.5,0.0,2.8,3.6,19.7,107.0,115.0,,2026,2025-26
188.0,Ziaire Williams,24.0,BRK,SF,11.0,0.0,251.0,6.6,16.7,0.395,3.9,12.4,0.313,2.7,4.3,0.636,0.512,4.3,5.0,0.846,1.6,3.9,5.4,1.0,1.9,1.0,1.7,5.4,21.3,111.0,124.0,,2026,2025-26
189.0,Landry Shamet,28.0,NYK,SG,12.0,3.0,249.0,7.2,14.7,0.487,4.8,10.8,0.446,2.3,3.9,0.6,0.651,4.1,4.8,0.84,1.2,3.5,4.6,2.1,1.0,0.2,1.2,2.9,23.2,139.0,120.0,,2026,2025-26
190.0,Khris Middleton,34.0,WAS,SF,10.0,10.0,248.0,7.2,15.1,0.475,1.7,5.3,0.321,5.5,9.8,0.558,0.531,2.6,3.6,0.737,2.5,4.9,7.4,4.5,1.7,0.4,3.0,6.2,18.7,108.0,125.0,,2026,2025-26
191.0,Aaron Wiggins,27.0,OKC,SG,9.0,5.0,248.0,10.0,21.7,0.459,4.9,11.7,0.417,5.1,10.0,0.51,0.572,1.2,1.8,0.667,1.8,4.7,6.4,3.9,0.8,1.4,1.8,3.9,26.0,116.0,109.0,,2026,2025-26
192.0,Corey Kispert,26.0,WAS,SF,13.0,0.0,247.0,6.8,13.6,0.5,3.4,8.9,0.383,3.4,4.7,0.72,0.625,2.7,3.6,0.737,0.8,4.9,5.7,4.0,0.6,0.4,1.7,3.2,19.7,124.0,128.0,,2026,2025-26
193.0,Jaylin Williams,23.0,OKC,PF,13.0,1.0,247.0,4.7,13.9,0.338,3.3,12.4,0.27,1.4,1.6,0.875,0.458,1.0,1.4,0.714,1.6,10.6,12.2,6.1,1.6,1.6,2.0,4.1,13.7,106.0,103.0,,2026,2025-26
194.0,Brandon Williams,26.0,DAL,PG,12.0,4.0,247.0,8.7,19.5,0.447,0.8,5.3,0.143,8.0,14.2,0.56,0.466,5.9,7.8,0.756,1.1,4.4,5.5,7.6,4.0,0.2,4.2,3.6,24.1,102.0,109.0,,2026,2025-26
195.0,Simone Fontecchio,30.0,MIA,SF,13.0,0.0,246.0,8.9,17.7,0.5,6.1,12.4,0.493,2.8,5.4,0.517,0.672,3.3,3.9,0.857,1.3,4.8,6.1,2.4,1.1,0.6,2.2,5.4,27.2,125.0,118.0,,2026,2025-26
196.0,Dalton Knecht,24.0,LAL,SF,13.0,1.0,246.0,7.7,16.5,0.464,2.9,9.0,0.326,4.7,7.5,0.632,0.554,1.2,1.8,0.667,1.6,4.5,6.1,1.6,1.4,1.2,1.6,3.7,19.4,110.0,117.0,,2026,2025-26
197.0,Egor Demin,19.0,BRK,PG,12.0,5.0,246.0,5.5,14.8,0.373,4.0,11.1,0.357,1.6,3.8,0.421,0.507,1.6,1.8,0.889,1.2,5.9,7.1,7.9,2.0,0.4,3.6,4.2,16.6,106.0,123.0,,2026,2025-26
198.0,Luguentz Dort,26.0,OKC,SF,8.0,8.0,245.0,3.6,11.5,0.31,1.6,7.5,0.211,2.0,4.0,0.5,0.379,1.8,2.0,0.9,2.8,4.9,7.7,2.4,1.4,0.2,1.2,4.2,10.5,101.0,109.0,,2026,2025-26
199.0,Bam Adebayo,28.0,MIA,C,8.0,8.0,243.0,10.5,23.2,0.452,3.0,8.8,0.34,7.5,14.4,0.519,0.516,5.8,6.7,0.861,1.5,10.7,12.2,4.3,1.5,0.4,3.0,2.4,29.8,110.0,113.0,,2026,2025-26
200.0,Isaiah Jackson,24.0,IND,C,13.0,9.0,242.0,8.0,14.4,0.554,0.0,0.0,,8.0,14.4,0.554,0.554,4.5,5.5,0.821,6.0,9.3,15.4,2.3,1.6,0.8,2.9,8.0,20.4,118.0,117.0,,2026,2025-26
201.0,Craig Porter Jr.,25.0,CLE,PG,14.0,0.0,239.0,5.9,11.8,0.5,2.2,4.9,0.44,3.7,6.9,0.543,0.592,1.2,2.4,0.5,3.9,4.1,8.0,7.3,2.7,1.6,2.4,2.9,15.1,126.0,113.0,,2026,2025-26
202.0,Steven Adams,32.0,HOU,C,11.0,2.0,239.0,5.2,10.1,0.51,0.0,0.0,,5.2,10.1,0.51,0.51,3.5,4.8,0.739,11.6,9.7,21.3,3.3,1.7,1.7,2.5,5.0,13.9,134.0,112.0,,2026,2025-26
203.0,Dillon Brooks,30.0,PHO,SF,8.0,8.0,239.0,12.6,27.4,0.459,4.3,12.6,0.339,8.3,14.8,0.562,0.537,6.3,6.7,0.939,1.2,4.1,5.3,3.0,3.2,0.4,3.2,5.7,35.7,115.0,114.0,,2026,2025-26
204.0,Will Richard,23.0,GSW,SG,13.0,4.0,237.0,8.7,15.3,0.566,3.6,8.9,0.409,5.0,6.5,0.781,0.684,3.6,4.6,0.783,3.2,3.2,6.5,3.4,2.8,0.2,2.0,5.6,24.6,135.0,114.0,,2026,2025-26
205.0,Andre Drummond,32.0,PHI,C,11.0,3.0,236.0,7.1,12.0,0.593,1.2,2.8,0.429,5.9,9.2,0.644,0.644,2.4,4.1,0.6,6.7,13.0,19.7,1.8,1.6,2.0,1.2,4.7,17.9,139.0,110.0,,2026,2025-26
206.0,Goga Bitadze,26.0,ORL,C,14.0,0.0,235.0,6.1,8.8,0.698,0.4,1.2,0.333,5.7,7.6,0.757,0.721,4.3,5.9,0.724,4.7,9.8,14.5,3.3,1.4,3.7,1.4,6.1,16.9,149.0,108.0,,2026,2025-26
207.0,Jose Alvarado,27.0,NOP,PG,12.0,0.0,235.0,6.5,15.0,0.431,4.2,9.8,0.426,2.3,5.2,0.44,0.569,2.3,2.7,0.846,1.0,5.0,6.1,6.5,2.3,0.0,2.7,3.5,19.4,118.0,123.0,,2026,2025-26
208.0,Jamal Shead,23.0,TOR,PG,13.0,0.0,233.0,5.7,13.2,0.431,3.2,7.5,0.432,2.4,5.7,0.429,0.554,2.6,3.2,0.813,1.0,3.5,4.5,13.4,1.8,0.0,3.0,5.7,17.3,126.0,117.0,,2026,2025-26
209.0,Isaiah Joe,26.0,OKC,SG,9.0,0.0,232.0,8.4,19.4,0.43,6.3,15.5,0.405,2.1,4.0,0.526,0.591,4.8,5.4,0.885,1.3,5.0,6.3,2.5,1.5,0.2,2.1,3.8,27.8,123.0,108.0,,2026,2025-26
210.0,Kristaps Porziņģis,30.0,ATL,C,9.0,9.0,232.0,10.0,23.2,0.43,2.8,9.1,0.311,7.1,14.0,0.507,0.491,8.9,10.4,0.863,3.5,6.9,10.4,6.7,1.0,2.8,2.0,5.5,31.7,123.0,112.0,,2026,2025-26
211.0,Mouhamed Gueye,23.0,ATL,PF,14.0,2.0,231.0,7.3,14.7,0.5,2.0,6.9,0.294,5.3,7.8,0.684,0.569,1.0,2.0,0.5,3.1,7.8,10.8,4.1,1.2,1.6,2.4,5.5,17.8,111.0,112.0,,2026,2025-26
212.0,Nicolas Batum,37.0,LAC,PF,13.0,2.0,230.0,3.5,10.8,0.32,3.0,9.8,0.311,0.4,1.1,0.4,0.46,0.4,0.4,1.0,1.3,6.3,7.6,2.2,2.4,1.7,1.5,5.4,10.4,98.0,118.0,,2026,2025-26
213.0,Isaiah Stewart,24.0,DET,C,10.0,3.0,230.0,8.7,17.6,0.494,2.5,6.4,0.387,6.2,11.2,0.556,0.565,2.9,4.3,0.667,4.8,9.1,13.9,3.1,0.4,3.9,2.1,6.0,22.8,122.0,109.0,,2026,2025-26
214.0,Miles McBride,25.0,NYK,SG,10.0,2.0,228.0,6.3,16.1,0.395,4.0,10.6,0.38,2.3,5.5,0.423,0.52,1.3,1.9,0.667,1.9,3.4,5.3,5.7,1.9,0.2,1.7,3.2,18.0,119.0,118.0,,2026,2025-26
215.0,LaMelo Ball,24.0,CHO,PG,7.0,7.0,227.0,11.5,27.4,0.419,4.7,14.0,0.333,6.8,13.4,0.508,0.504,5.5,6.8,0.813,1.9,8.7,10.6,14.7,2.1,0.2,5.1,5.1,33.1,118.0,118.0,,2026,2025-26
216.0,Cam Thomas,24.0,BRK,SG,8.0,8.0,226.0,11.4,28.4,0.402,3.4,9.7,0.356,8.0,18.7,0.425,0.462,10.6,12.1,0.875,0.6,1.7,2.4,4.5,0.9,0.2,3.4,3.2,36.9,109.0,128.0,,2026,2025-26
217.0,Jakob Poeltl,30.0,TOR,C,9.0,9.0,222.0,8.7,12.4,0.707,0.0,0.0,,8.7,12.4,0.707,0.707,3.8,7.0,0.545,5.8,8.3,14.1,3.4,1.3,1.3,2.3,7.0,21.3,133.0,113.0,,2026,2025-26
218.0,Cam Whitmore,21.0,WAS,SF,13.0,0.0,221.0,9.5,20.9,0.455,2.3,7.2,0.324,7.2,13.8,0.523,0.51,3.2,4.2,0.75,1.7,4.7,6.3,1.7,2.3,0.4,2.8,3.6,24.5,101.0,124.0,,2026,2025-26
219.0,Jalen Suggs,24.0,ORL,PG,10.0,10.0,221.0,9.1,16.9,0.538,3.9,9.8,0.4,5.2,7.2,0.727,0.654,5.0,5.6,0.885,1.5,6.9,8.5,9.6,3.5,0.7,6.5,7.6,27.1,117.0,109.0,,2026,2025-26
220.0,Oso Ighodaro,23.0,PHO,PF,14.0,4.0,220.0,5.7,11.0,0.52,0.0,0.0,,5.7,11.0,0.52,0.52,1.5,3.1,0.5,1.3,8.6,9.9,3.7,1.3,2.2,4.0,7.7,13.0,93.0,113.0,,2026,2025-26
221.0,Dru Smith,28.0,MIA,SG,13.0,0.0,217.0,6.1,13.0,0.468,1.9,5.7,0.333,4.2,7.3,0.571,0.54,2.1,2.5,0.833,2.3,2.9,5.2,9.0,4.2,0.4,2.5,5.0,16.1,122.0,113.0,,2026,2025-26
222.0,Sandro Mamukelashvili,26.0,TOR,C,12.0,0.0,217.0,8.9,15.0,0.594,2.8,6.3,0.448,6.1,8.7,0.7,0.688,4.4,5.5,0.8,2.6,6.8,9.4,5.0,1.3,1.1,2.4,4.4,25.1,135.0,114.0,,2026,2025-26
223.0,Al Horford,39.0,GSW,C,10.0,0.0,216.0,4.4,13.1,0.339,3.1,9.5,0.326,1.3,3.5,0.375,0.458,0.0,0.0,,2.2,6.4,8.6,4.0,1.8,2.2,2.9,3.5,12.0,93.0,112.0,,2026,2025-26
224.0,Gradey Dick,22.0,TOR,SG,13.0,0.0,215.0,6.8,16.3,0.419,3.3,9.7,0.341,3.5,6.6,0.533,0.52,4.6,5.7,0.808,1.1,5.5,6.6,1.5,1.5,0.0,1.1,2.2,21.6,116.0,116.0,,2026,2025-26
225.0,Quinten Post,25.0,GSW,PF,15.0,7.0,214.0,6.7,15.2,0.441,4.0,10.9,0.367,2.7,4.2,0.632,0.574,1.1,1.6,0.714,2.9,10.1,13.0,2.9,1.3,2.0,2.0,3.8,18.5,115.0,111.0,,2026,2025-26
226.0,Jordan Poole,26.0,NOP,PG,7.0,4.0,212.0,8.1,22.9,0.354,4.6,13.6,0.339,3.5,9.3,0.375,0.455,7.2,7.4,0.969,0.7,2.1,2.8,5.6,0.5,0.5,3.5,4.2,28.0,109.0,129.0,,2026,2025-26
227.0,Vit Krejci,25.0,ATL,PG,10.0,0.0,211.0,8.7,16.1,0.542,5.8,12.1,0.481,2.9,4.0,0.722,0.722,1.6,2.2,0.7,0.7,4.7,5.4,4.0,1.1,0.7,1.3,5.6,24.8,134.0,116.0,,2026,2025-26
228.0,Keaton Wallace,26.0,ATL,PG,13.0,2.0,209.0,5.2,12.2,0.426,2.9,7.0,0.419,2.3,5.2,0.435,0.546,0.5,0.9,0.5,0.2,5.4,5.6,8.8,2.5,0.5,2.5,4.3,13.8,112.0,112.0,,2026,2025-26
229.0,Jordan Clarkson,33.0,NYK,SG,12.0,0.0,207.0,10.0,21.4,0.467,4.4,11.4,0.388,5.6,10.0,0.558,0.571,4.4,5.1,0.864,2.6,2.3,4.9,4.4,0.9,0.5,2.6,5.4,28.9,124.0,120.0,,2026,2025-26
230.0,Daniel Gafford,27.0,DAL,C,9.0,9.0,207.0,8.4,12.7,0.661,0.0,0.0,,8.4,12.7,0.661,0.661,5.0,6.1,0.815,4.5,7.5,12.0,2.3,1.8,3.4,2.3,5.6,21.7,133.0,108.0,,2026,2025-26
231.0,Drew Eubanks,28.0,SAC,C,14.0,3.0,205.0,8.5,12.8,0.661,0.0,0.2,0.0,8.5,12.6,0.673,0.661,3.4,7.1,0.484,2.1,6.9,8.9,0.9,1.6,3.2,3.0,4.1,20.4,108.0,118.0,,2026,2025-26
232.0,Collin Murray-Boyles,20.0,TOR,PF,10.0,3.0,204.0,7.7,15.1,0.508,2.1,4.2,0.5,5.6,10.9,0.511,0.577,3.2,4.4,0.737,4.4,4.2,8.6,2.8,1.9,1.2,2.6,5.8,20.6,119.0,115.0,,2026,2025-26
233.0,Kawhi Leonard,34.0,LAC,SF,6.0,6.0,201.0,13.2,26.1,0.505,3.5,8.7,0.4,9.7,17.4,0.557,0.571,6.5,6.7,0.963,1.2,7.2,8.4,5.2,3.7,1.0,2.7,1.7,36.2,123.0,115.0,,2026,2025-26
234.0,Brook Lopez,37.0,LAC,C,13.0,0.0,199.0,7.8,18.3,0.425,4.5,12.8,0.353,3.3,5.5,0.591,0.548,1.8,2.5,0.7,1.0,6.5,7.5,2.0,1.3,2.8,3.0,5.5,21.8,102.0,119.0,,2026,2025-26
235.0,Jay Huff,27.0,IND,C,13.0,2.0,194.0,6.1,16.5,0.368,2.9,11.2,0.261,3.2,5.3,0.591,0.456,2.2,3.2,0.692,3.4,6.3,9.7,2.4,0.2,5.8,1.9,6.6,17.2,102.0,115.0,,2026,2025-26
236.0,Trendon Watford,25.0,PHI,PF,9.0,4.0,194.0,7.7,14.6,0.525,1.2,3.0,0.417,6.4,11.6,0.553,0.568,3.5,4.7,0.737,3.0,7.7,10.6,8.2,0.7,0.5,3.2,5.7,20.1,123.0,117.0,,2026,2025-26
237.0,Tobias Harris,33.0,DET,PF,6.0,6.0,193.0,6.9,17.5,0.394,2.0,6.9,0.286,4.9,10.6,0.465,0.451,4.2,4.4,0.944,1.2,7.7,8.9,4.2,1.2,0.2,2.0,4.4,20.0,111.0,113.0,,2026,2025-26
238.0,Nique Clifford,23.0,SAC,SG,10.0,2.0,192.0,4.2,12.5,0.333,1.5,5.6,0.261,2.7,6.8,0.393,0.392,1.7,2.4,0.7,1.7,5.6,7.3,5.4,1.0,1.0,1.7,5.6,11.5,97.0,123.0,,2026,2025-26
239.0,Marvin Bagley III,26.0,WAS,PF,13.0,0.0,190.0,9.4,14.3,0.655,0.7,1.5,0.5,8.6,12.8,0.673,0.681,3.7,5.2,0.714,5.9,7.6,13.5,3.9,1.5,1.7,3.0,6.6,23.1,131.0,122.0,,2026,2025-26
240.0,Jalen Smith,25.0,CHI,C,12.0,0.0,190.0,10.6,22.0,0.483,4.7,12.1,0.388,5.9,9.9,0.6,0.59,3.0,4.5,0.667,6.2,12.1,18.3,4.0,0.5,1.0,3.0,6.2,28.9,120.0,117.0,,2026,2025-26
241.0,Day'Ron Sharpe,24.0,BRK,C,12.0,0.0,189.0,7.2,11.6,0.622,0.8,2.6,0.3,6.4,9.0,0.714,0.656,4.6,7.0,0.667,7.2,9.0,16.2,5.9,2.6,1.5,6.2,7.5,19.8,114.0,118.0,,2026,2025-26
242.0,Tony Bradley,28.0,IND,C,13.0,3.0,186.0,8.1,12.7,0.64,0.0,0.3,0.0,8.1,12.4,0.653,0.64,2.8,4.3,0.647,6.6,4.3,10.9,2.5,0.5,0.8,1.0,7.6,19.0,139.0,122.0,,2026,2025-26
243.0,Luka Garza,27.0,BOS,C,13.0,0.0,185.0,9.4,16.5,0.574,2.2,5.7,0.381,7.3,10.8,0.675,0.639,4.6,5.9,0.773,8.6,5.9,14.6,3.0,1.1,1.6,1.3,10.8,25.6,147.0,115.0,,2026,2025-26
244.0,Jaxson Hayes,25.0,LAL,C,11.0,1.0,185.0,6.3,9.1,0.686,0.3,0.3,1.0,6.0,8.9,0.676,0.7,1.8,2.9,0.636,3.4,8.6,12.0,3.4,1.0,1.3,1.6,4.4,14.6,138.0,115.0,,2026,2025-26
245.0,Jordan Goodwin,27.0,PHO,PG,11.0,0.0,184.0,7.1,16.6,0.429,3.4,8.7,0.394,3.7,7.9,0.467,0.532,1.6,2.1,0.75,4.5,6.3,10.8,5.8,3.4,0.3,3.2,4.7,19.2,116.0,112.0,,2026,2025-26
246.0,Alex Caruso,31.0,OKC,SG,10.0,0.0,183.0,5.3,13.8,0.385,3.4,9.3,0.371,1.9,4.5,0.412,0.51,1.3,1.6,0.833,0.5,5.0,5.6,6.4,5.0,0.8,2.4,1.9,15.4,109.0,99.0,,2026,2025-26
247.0,Bogdan Bogdanović,33.0,LAC,SG,7.0,2.0,183.0,6.3,15.5,0.404,3.5,9.5,0.371,2.7,6.0,0.455,0.518,2.5,2.7,0.9,0.5,5.7,6.3,6.0,1.6,0.3,3.3,4.9,18.5,107.0,121.0,,2026,2025-26
248.0,Larry Nance Jr.,33.0,CLE,PF,12.0,1.0,181.0,4.7,13.7,0.34,1.8,6.7,0.269,2.9,7.0,0.407,0.406,0.3,0.8,0.333,2.6,7.3,9.9,4.1,1.6,0.5,2.3,8.8,11.4,92.0,114.0,,2026,2025-26
249.0,Caris LeVert,31.0,DET,SG,9.0,0.0,181.0,8.2,16.1,0.508,3.2,7.1,0.444,5.0,8.9,0.559,0.607,3.2,5.0,0.632,0.3,2.9,3.2,7.1,1.6,1.1,3.7,3.2,22.6,116.0,115.0,,2026,2025-26
250.0,Tyus Jones,29.0,ORL,PG,14.0,1.0,178.0,2.4,9.4,0.257,0.5,5.1,0.105,1.9,4.3,0.438,0.286,0.0,0.0,,0.8,2.7,3.5,5.4,2.7,0.5,1.3,2.4,5.4,83.0,114.0,,2026,2025-26
251.0,Jaylen Clark,24.0,MIN,SG,11.0,0.0,178.0,5.1,11.0,0.463,1.9,4.8,0.389,3.2,6.2,0.522,0.549,2.7,4.3,0.625,2.9,3.2,6.2,2.4,2.4,0.3,1.3,6.7,14.7,121.0,117.0,,2026,2025-26
252.0,Walter Clayton,22.0,UTA,PG,11.0,0.0,178.0,5.9,14.4,0.407,2.7,7.7,0.345,3.2,6.7,0.48,0.5,3.7,3.7,1.0,1.6,5.3,6.9,9.3,1.3,0.8,4.0,5.3,18.1,114.0,121.0,,2026,2025-26
253.0,Adem Bona,22.0,PHI,C,12.0,3.0,177.0,2.4,5.4,0.45,0.0,0.3,0.0,2.4,5.2,0.474,0.45,2.2,4.3,0.5,4.1,7.1,11.1,0.8,1.4,5.4,1.9,4.9,7.1,102.0,111.0,,2026,2025-26
254.0,Brice Sensabaugh,22.0,UTA,SF,12.0,0.0,174.0,10.1,22.1,0.457,5.7,15.8,0.362,4.4,6.3,0.696,0.586,3.8,4.1,0.933,1.6,7.4,9.0,3.5,1.6,0.3,2.7,4.9,29.8,119.0,119.0,,2026,2025-26
255.0,Vince Williams Jr.,25.0,MEM,SG,9.0,1.0,174.0,6.2,15.6,0.397,3.8,10.5,0.359,2.4,5.1,0.474,0.517,3.2,3.8,0.857,1.6,8.6,10.2,6.5,1.9,0.5,4.9,4.9,19.4,100.0,115.0,,2026,2025-26
256.0,Jalen Wilson,25.0,BRK,PF,11.0,0.0,173.0,5.9,14.9,0.396,4.5,10.1,0.444,1.4,4.8,0.294,0.547,2.8,3.7,0.769,0.6,2.5,3.1,2.0,0.6,0.0,2.3,4.2,19.1,107.0,129.0,,2026,2025-26
257.0,Jordan Walsh,21.0,BOS,PF,10.0,2.0,173.0,5.2,11.3,0.462,2.0,4.9,0.412,3.2,6.3,0.5,0.551,0.9,1.2,0.75,3.8,8.9,12.7,2.9,2.9,1.7,0.6,6.3,13.3,133.0,109.0,,2026,2025-26
258.0,De'Aaron Fox,28.0,SAS,PG,5.0,5.0,171.0,12.1,23.7,0.512,3.4,9.0,0.375,8.7,14.7,0.596,0.583,3.4,3.7,0.923,2.0,3.1,5.1,9.6,1.4,0.3,5.6,3.7,31.0,115.0,116.0,,2026,2025-26
259.0,Taurean Prince,31.0,MIL,SF,8.0,0.0,169.0,4.8,10.8,0.447,3.4,7.9,0.429,1.4,2.8,0.5,0.605,0.8,0.8,1.0,0.0,3.7,3.7,2.3,1.7,0.6,1.4,5.7,13.9,114.0,120.0,,2026,2025-26
260.0,Jordan Hawkins,23.0,NOP,SG,12.0,0.0,168.0,5.0,17.2,0.288,2.6,10.2,0.257,2.3,7.0,0.333,0.364,1.5,2.0,0.714,1.8,5.0,6.7,2.3,0.6,0.0,1.2,2.0,14.0,90.0,127.0,,2026,2025-26
261.0,Andrew Nembhard,26.0,IND,PG,6.0,6.0,168.0,9.3,23.3,0.398,3.4,10.4,0.324,5.9,12.9,0.457,0.47,8.4,8.7,0.968,0.3,2.8,3.1,10.9,0.6,0.3,3.4,4.2,30.3,118.0,123.0,,2026,2025-26
262.0,Jeremiah Robinson-Earl,25.0,IND,PF,8.0,3.0,167.0,4.8,12.7,0.378,0.8,4.2,0.2,4.0,8.5,0.467,0.411,2.3,2.5,0.889,6.2,8.2,14.4,2.0,1.4,0.0,1.7,2.5,12.7,107.0,119.0,,2026,2025-26
263.0,RayJ Dennis,24.0,IND,PG,11.0,0.0,161.0,6.4,20.5,0.314,3.5,10.8,0.324,2.9,9.7,0.303,0.4,2.3,2.6,0.889,2.3,3.2,5.6,7.3,0.9,1.2,4.1,4.7,18.7,92.0,121.0,,2026,2025-26
264.0,Zion Williamson,25.0,NOP,PF,5.0,5.0,157.0,11.9,24.4,0.487,0.0,0.0,,11.9,24.4,0.487,0.487,11.9,17.8,0.667,5.0,5.6,10.6,7.2,3.1,0.3,5.3,3.7,35.6,111.0,121.0,,2026,2025-26
265.0,Daniss Jenkins,24.0,DET,PG,8.0,2.0,156.0,9.2,19.5,0.469,3.4,6.1,0.55,5.8,13.4,0.432,0.555,2.1,3.1,0.7,1.8,3.1,4.9,8.9,3.7,0.0,3.4,3.4,23.8,117.0,111.0,,2026,2025-26
266.0,Jabari Walker,23.0,PHI,PF,12.0,5.0,154.0,5.0,11.5,0.432,0.6,3.7,0.167,4.4,7.8,0.56,0.459,1.2,1.6,0.8,5.0,6.6,11.5,1.6,0.6,0.9,1.6,6.9,11.9,111.0,118.0,,2026,2025-26
267.0,Walker Kessler,24.0,UTA,C,5.0,5.0,154.0,8.0,11.4,0.703,1.9,2.5,0.75,6.2,8.9,0.69,0.784,4.3,6.2,0.7,7.1,9.6,16.7,4.6,2.2,2.8,4.9,6.8,22.2,127.0,114.0,,2026,2025-26
268.0,Yves Missi,21.0,NOP,C,8.0,4.0,153.0,6.1,9.6,0.633,0.0,0.0,,6.1,9.6,0.633,0.633,2.9,5.8,0.5,7.7,5.4,13.1,3.2,0.6,2.6,2.9,4.2,15.1,122.0,124.0,,2026,2025-26
269.0,Jonas Valančiūnas,33.0,DEN,C,12.0,0.0,151.0,12.8,23.1,0.556,0.6,1.9,0.333,12.2,21.1,0.576,0.569,7.0,9.9,0.71,6.4,12.5,18.9,4.8,0.3,2.9,3.8,7.7,33.3,122.0,108.0,,2026,2025-26
270.0,Anthony Davis,32.0,DAL,PF,5.0,5.0,149.0,12.2,23.5,0.52,0.9,3.5,0.273,11.3,20.1,0.563,0.54,7.2,9.7,0.742,5.3,10.7,16.0,3.5,2.5,1.9,3.5,4.1,32.6,114.0,106.0,,2026,2025-26
271.0,Taylor Hendricks,22.0,UTA,PF,9.0,3.0,148.0,4.8,12.8,0.375,1.3,5.5,0.235,3.5,7.4,0.478,0.425,1.9,2.6,0.75,5.1,7.1,12.2,1.3,1.3,1.0,1.6,1.3,12.8,106.0,120.0,,2026,2025-26
272.0,Nick Richards,28.0,PHO,C,14.0,1.0,145.0,6.7,12.0,0.556,0.0,0.0,,6.7,12.0,0.556,0.556,6.0,8.4,0.72,6.0,10.4,16.4,1.7,0.7,2.3,4.3,7.0,19.4,113.0,113.0,,2026,2025-26
273.0,Tyrese Proctor,21.0,CLE,PG,12.0,0.0,142.0,6.9,20.5,0.339,4.0,13.5,0.293,3.0,6.9,0.429,0.435,2.0,2.3,0.857,0.7,3.3,4.0,4.6,1.3,0.0,2.0,6.6,19.8,100.0,118.0,,2026,2025-26
274.0,Paul Reed,26.0,DET,C,11.0,2.0,141.0,11.8,17.2,0.686,1.4,2.4,0.571,10.5,14.9,0.705,0.725,1.4,2.7,0.5,8.1,9.8,17.9,4.4,4.1,3.4,4.4,6.8,26.4,127.0,101.0,,2026,2025-26
275.0,Joel Embiid,31.0,PHI,C,6.0,6.0,140.0,13.7,29.9,0.46,3.1,9.6,0.321,10.6,20.2,0.525,0.511,10.0,12.0,0.829,3.1,8.2,11.3,6.9,1.7,3.1,5.5,4.5,40.5,113.0,112.0,,2026,2025-26
276.0,Dylan Harper,19.0,SAS,SG,6.0,0.0,140.0,11.0,22.1,0.5,1.7,4.8,0.357,9.3,17.2,0.54,0.539,5.2,6.2,0.833,1.7,6.6,8.3,7.9,1.4,0.0,3.8,6.2,29.0,118.0,114.0,,2026,2025-26
277.0,Trae Young,27.0,ATL,PG,5.0,5.0,139.0,8.8,23.7,0.371,1.7,8.8,0.192,7.1,14.9,0.477,0.407,10.9,13.2,0.821,0.0,3.4,3.4,13.2,1.4,0.3,3.4,3.1,30.2,113.0,117.0,,2026,2025-26
278.0,Gary Payton II,33.0,GSW,SG,14.0,0.0,138.0,5.2,12.5,0.417,1.0,5.5,0.188,4.2,6.9,0.6,0.458,0.0,0.0,,4.2,8.7,12.8,5.2,3.1,1.4,2.8,5.5,11.4,103.0,108.0,,2026,2025-26
279.0,John Konchar,29.0,MEM,SG,12.0,0.0,138.0,4.1,7.5,0.545,2.0,4.8,0.429,2.0,2.7,0.75,0.682,0.3,0.3,1.0,1.0,8.2,9.2,3.7,3.1,1.7,1.4,3.1,10.5,127.0,112.0,,2026,2025-26
280.0,Luke Kornet,30.0,SAS,C,6.0,1.0,138.0,8.7,10.8,0.806,0.0,0.0,,8.7,10.8,0.806,0.806,3.8,5.6,0.688,6.6,7.0,13.6,3.8,0.0,2.4,1.4,4.2,21.3,161.0,114.0,,2026,2025-26
281.0,Hugo González,19.0,BOS,SF,11.0,1.0,136.0,5.1,11.4,0.452,1.8,3.7,0.5,3.3,7.7,0.429,0.532,0.0,0.4,0.0,2.9,5.1,8.1,2.6,3.3,0.7,2.2,7.3,12.1,106.0,112.0,,2026,2025-26
282.0,Justin Edwards,22.0,PHI,SF,10.0,1.0,136.0,8.5,16.6,0.511,5.7,12.0,0.471,2.8,4.6,0.615,0.681,1.1,1.1,1.0,1.8,3.5,5.3,3.2,0.7,0.7,1.8,7.4,23.7,133.0,120.0,,2026,2025-26
283.0,Isaiah Collier,21.0,UTA,PG,5.0,1.0,131.0,6.5,10.9,0.6,0.7,1.8,0.4,5.8,9.1,0.64,0.633,6.2,8.7,0.708,0.0,6.5,6.5,13.4,0.7,0.7,4.4,5.8,19.9,127.0,121.0,,2026,2025-26
284.0,Ousmane Dieng,22.0,OKC,C,11.0,0.0,130.0,4.1,13.0,0.314,1.1,6.0,0.188,3.0,7.1,0.421,0.357,1.5,1.5,1.0,1.5,6.3,7.8,2.2,0.4,1.9,2.2,3.7,10.8,83.0,108.0,,2026,2025-26
285.0,Amir Coffey,28.0,MIL,SG,13.0,0.0,128.0,3.0,7.1,0.421,0.7,3.0,0.25,2.2,4.1,0.545,0.474,1.1,1.1,1.0,1.5,3.7,5.2,2.6,0.0,0.4,0.4,2.2,7.9,123.0,124.0,,2026,2025-26
286.0,Jonathan Isaac,28.0,ORL,PF,13.0,0.0,126.0,4.2,11.0,0.379,1.5,6.9,0.222,2.7,4.2,0.636,0.448,3.0,4.6,0.667,3.0,11.0,14.1,0.4,2.3,1.9,1.1,3.4,12.9,108.0,108.0,,2026,2025-26
287.0,Ochai Agbaji,25.0,TOR,SG,9.0,1.0,125.0,3.4,9.5,0.36,0.4,4.5,0.083,3.0,4.9,0.615,0.38,1.9,3.0,0.625,0.8,6.4,7.2,2.3,1.9,0.4,1.1,6.1,9.1,92.0,114.0,,2026,2025-26
288.0,Drake Powell,20.0,BRK,SG,7.0,0.0,124.0,7.1,13.4,0.529,2.0,4.3,0.455,5.1,9.0,0.565,0.603,0.8,0.8,1.0,1.2,5.1,6.3,5.5,2.4,0.4,3.5,4.7,16.9,109.0,123.0,,2026,2025-26
289.0,Rob Dillingham,21.0,MIN,PG,11.0,0.0,123.0,7.8,19.0,0.408,1.2,3.9,0.3,6.6,15.1,0.436,0.439,3.1,4.3,0.727,0.8,3.9,4.7,9.3,2.7,0.0,5.4,4.7,19.8,95.0,116.0,,2026,2025-26
290.0,Bilal Coulibaly,21.0,WAS,SG,5.0,5.0,123.0,6.1,16.7,0.364,1.9,6.5,0.294,4.2,10.3,0.407,0.42,4.2,5.7,0.733,1.5,6.8,8.4,6.5,2.3,2.3,3.8,4.2,18.2,96.0,121.0,,2026,2025-26
291.0,Bradley Beal,32.0,LAC,SG,6.0,6.0,121.0,7.4,19.8,0.375,2.9,7.8,0.368,4.5,12.0,0.379,0.448,2.5,3.3,0.75,0.8,1.2,2.1,4.1,1.2,0.0,3.7,5.8,20.2,92.0,126.0,,2026,2025-26
292.0,Ja'Kobe Walter,21.0,TOR,SG,10.0,0.0,119.0,4.0,12.3,0.323,2.4,8.7,0.273,1.6,3.6,0.444,0.419,2.4,2.8,0.857,2.4,2.8,5.2,2.4,2.8,0.4,3.2,7.2,12.7,91.0,114.0,,2026,2025-26
293.0,Precious Achiuwa,26.0,SAC,C,7.0,4.0,118.0,6.8,12.3,0.548,0.0,3.2,0.0,6.8,9.1,0.739,0.548,2.8,5.2,0.538,4.0,7.6,11.5,2.0,2.0,1.2,1.2,2.8,16.3,117.0,120.0,,2026,2025-26
294.0,Jaden Hardy,23.0,DAL,SG,11.0,0.0,117.0,7.2,18.0,0.4,4.4,11.2,0.393,2.8,6.8,0.412,0.522,2.8,3.6,0.778,0.8,4.4,5.2,1.6,1.6,0.4,3.6,4.8,21.6,95.0,114.0,,2026,2025-26
295.0,Karlo Matković,24.0,NOP,PF,11.0,0.0,115.0,9.4,13.6,0.688,0.9,2.6,0.333,8.5,11.1,0.769,0.719,1.3,3.4,0.375,3.0,8.5,11.5,3.4,0.9,2.1,1.7,4.7,20.9,132.0,122.0,,2026,2025-26
296.0,Terrence Shannon Jr.,25.0,MIN,SG,7.0,0.0,115.0,3.7,11.6,0.321,1.7,4.6,0.364,2.1,7.1,0.294,0.393,2.1,2.9,0.714,1.2,5.8,7.1,3.3,1.7,0.0,2.5,4.6,11.2,91.0,117.0,,2026,2025-26
297.0,Caleb Martin,30.0,DAL,SF,12.0,0.0,112.0,2.1,7.5,0.278,0.4,2.5,0.167,1.7,5.0,0.333,0.306,2.1,2.5,0.833,3.8,4.2,7.9,5.4,1.7,0.4,2.1,9.6,6.7,100.0,114.0,,2026,2025-26
298.0,Liam McNeeley,20.0,CHO,SF,9.0,0.0,112.0,3.9,12.5,0.31,2.6,7.8,0.333,1.3,4.7,0.273,0.414,5.6,6.5,0.867,1.7,5.6,7.3,4.7,0.9,0.4,2.2,6.0,15.9,115.0,122.0,,2026,2025-26
299.0,Jeremy Sochan,22.0,SAS,PF,7.0,0.0,109.0,7.5,12.0,0.63,2.2,4.4,0.5,5.3,7.5,0.706,0.722,3.1,4.0,0.778,1.8,6.6,8.4,4.9,1.3,0.9,3.5,8.9,20.4,127.0,113.0,,2026,2025-26
300.0,Clint Capela,31.0,HOU,C,11.0,0.0,108.0,7.3,11.4,0.64,0.0,0.0,,7.3,11.4,0.64,0.64,3.7,4.6,0.8,12.4,10.1,22.4,1.8,1.4,2.7,1.8,5.0,18.3,150.0,111.0,,2026,2025-26
301.0,Moussa Cisse,23.0,DAL,C,10.0,0.0,108.0,7.8,10.4,0.75,0.0,0.0,,7.8,10.4,0.75,0.75,3.5,7.8,0.444,7.8,7.8,15.6,0.4,0.9,6.1,3.9,8.7,19.1,116.0,107.0,,2026,2025-26
302.0,Bronny James,21.0,LAL,SG,9.0,1.0,107.0,3.2,11.7,0.269,0.9,4.5,0.2,2.3,7.2,0.313,0.308,0.9,0.9,1.0,1.8,2.3,4.1,7.2,3.6,0.5,2.3,5.0,8.1,91.0,114.0,,2026,2025-26
303.0,Guerschon Yabusele,30.0,NYK,C,11.0,0.0,106.0,4.5,14.1,0.323,3.2,10.0,0.318,1.4,4.1,0.333,0.435,1.4,2.7,0.5,5.5,6.8,12.3,1.8,0.9,0.5,0.9,5.9,13.6,113.0,118.0,,2026,2025-26
304.0,Chris Paul,40.0,LAC,PG,8.0,0.0,103.0,2.9,12.1,0.24,2.4,9.2,0.263,0.5,2.9,0.167,0.34,0.5,0.5,1.0,2.4,4.4,6.8,14.0,4.4,0.0,3.4,6.3,8.7,104.0,116.0,,2026,2025-26
305.0,Justin Champagnie,24.0,WAS,SF,12.0,3.0,101.0,3.7,11.6,0.32,0.9,4.6,0.2,2.8,6.9,0.4,0.36,6.5,7.9,0.824,7.9,7.9,15.7,1.9,1.9,0.0,0.9,5.6,14.8,124.0,123.0,,2026,2025-26
306.0,Bones Hyland,25.0,MIN,PG,11.0,0.0,101.0,8.5,16.5,0.514,3.8,10.4,0.364,4.7,6.1,0.769,0.629,1.4,1.9,0.75,0.5,4.3,4.7,7.1,2.4,0.0,3.8,6.1,22.2,116.0,116.0,,2026,2025-26
307.0,Quenton Jackson,27.0,IND,PG,5.0,3.0,101.0,9.3,17.3,0.541,2.8,5.6,0.5,6.5,11.7,0.56,0.622,6.1,8.4,0.722,2.3,5.6,7.9,8.4,2.3,0.5,2.8,4.7,27.5,131.0,118.0,,2026,2025-26
308.0,Baylor Scheierman,25.0,BOS,SG,10.0,0.0,100.0,5.0,9.0,0.556,4.0,7.5,0.533,1.0,1.5,0.667,0.778,0.5,0.5,1.0,2.5,8.0,10.5,2.0,1.5,0.5,1.0,4.0,14.5,152.0,114.0,,2026,2025-26
309.0,Trayce Jackson-Davis,25.0,GSW,C,9.0,0.0,100.0,7.2,13.4,0.536,0.0,0.0,,7.2,13.4,0.536,0.536,3.8,5.3,0.727,4.8,5.3,10.0,5.3,1.4,1.9,3.3,8.1,18.2,117.0,113.0,,2026,2025-26
310.0,Robert Williams,28.0,POR,C,8.0,0.0,100.0,7.5,12.2,0.615,0.5,1.4,0.333,7.0,10.8,0.652,0.635,0.0,0.5,0.0,7.0,7.5,14.5,2.8,2.3,2.3,0.9,3.7,15.4,141.0,114.0,,2026,2025-26
311.0,Pat Spencer,29.0,GSW,PG,9.0,0.0,99.0,6.8,19.3,0.35,2.4,6.3,0.385,4.3,13.0,0.333,0.413,5.3,5.8,0.917,1.9,4.3,6.3,7.7,2.9,0.5,2.4,3.9,21.2,110.0,113.0,,2026,2025-26
312.0,Javon Small,23.0,MEM,PG,8.0,0.0,99.0,4.7,13.3,0.357,2.8,9.0,0.316,1.9,4.3,0.444,0.464,3.8,4.7,0.8,0.5,3.3,3.8,10.4,0.0,0.5,3.8,3.3,16.1,106.0,123.0,,2026,2025-26
313.0,Kevon Looney,29.0,NOP,C,7.0,6.0,99.0,4.0,11.4,0.348,0.5,3.0,0.167,3.5,8.4,0.412,0.37,1.5,3.0,0.5,6.4,6.9,13.4,5.4,1.0,2.0,2.5,6.9,9.9,101.0,123.0,,2026,2025-26
314.0,Kevin Love,37.0,UTA,PF,7.0,0.0,99.0,4.3,12.0,0.36,2.9,10.1,0.286,1.4,1.9,0.75,0.48,4.8,5.8,0.833,2.4,12.0,14.4,8.6,0.0,1.0,3.4,3.8,16.3,118.0,119.0,,2026,2025-26
315.0,Dwight Powell,34.0,DAL,C,11.0,0.0,98.0,2.9,5.7,0.5,0.0,0.0,,2.9,5.7,0.5,0.5,7.2,8.1,0.882,4.8,5.3,10.0,3.3,1.9,1.0,2.4,9.5,12.9,134.0,112.0,,2026,2025-26
316.0,Chaz Lanier,24.0,DET,SG,9.0,0.0,98.0,4.9,14.6,0.333,3.9,12.6,0.308,1.0,1.9,0.5,0.467,1.5,1.5,1.0,2.4,2.4,4.9,4.4,1.0,0.0,0.5,1.5,15.1,123.0,118.0,,2026,2025-26
317.0,Blake Wesley,22.0,POR,SG,6.0,0.0,98.0,6.7,16.2,0.412,1.0,4.8,0.2,5.7,11.4,0.5,0.441,2.9,4.8,0.6,1.0,5.7,6.7,9.1,4.8,0.5,3.3,6.7,17.2,104.0,112.0,,2026,2025-26
318.0,Cody Williams,21.0,UTA,SG,8.0,0.0,97.0,4.4,12.2,0.36,1.0,5.4,0.182,3.4,6.9,0.5,0.4,0.5,1.5,0.333,1.0,2.9,3.9,2.0,1.0,0.5,1.5,6.4,10.3,86.0,123.0,,2026,2025-26
319.0,Ben Saraf,19.0,BRK,SG,7.0,5.0,97.0,3.5,13.6,0.259,1.5,6.5,0.231,2.0,7.0,0.286,0.315,3.0,4.0,0.75,1.5,5.0,6.5,8.5,1.0,0.0,4.5,6.5,11.5,85.0,126.0,,2026,2025-26
320.0,Mitchell Robinson,27.0,NYK,C,6.0,6.0,97.0,5.5,9.4,0.579,0.0,0.0,,5.5,9.4,0.579,0.579,0.0,0.5,0.0,17.4,8.4,25.8,3.0,1.5,3.5,2.0,8.4,10.9,148.0,111.0,,2026,2025-26
321.0,Brooks Barnhizer,23.0,OKC,SG,12.0,0.0,96.0,3.0,6.6,0.462,0.0,0.5,0.0,3.0,6.1,0.5,0.462,1.0,2.0,0.5,2.5,10.1,12.6,1.5,1.0,1.0,0.5,4.5,7.1,114.0,105.0,,2026,2025-26
322.0,Micah Peavy,24.0,NOP,SG,9.0,0.0,94.0,3.1,12.0,0.261,0.5,4.7,0.111,2.6,7.3,0.357,0.283,0.5,1.0,0.5,4.7,5.2,9.9,3.1,0.5,0.5,1.0,6.8,7.3,88.0,127.0,,2026,2025-26
323.0,Nigel Hayes-Davis,31.0,PHO,SF,11.0,0.0,93.0,4.7,10.9,0.429,0.5,4.2,0.125,4.2,6.8,0.615,0.452,0.0,0.0,,2.6,4.2,6.8,2.6,2.6,0.0,2.6,4.7,9.9,93.0,116.0,,2026,2025-26
324.0,Cam Christie,20.0,LAC,SG,8.0,0.0,92.0,7.1,16.3,0.433,3.8,8.7,0.438,3.3,7.6,0.429,0.55,6.0,8.1,0.733,1.6,6.5,8.1,4.3,1.1,0.5,0.5,1.6,23.9,133.0,122.0,,2026,2025-26
325.0,Isaiah Livers,27.0,PHO,PF,8.0,0.0,92.0,3.7,8.4,0.438,2.6,7.4,0.357,1.1,1.1,1.0,0.594,1.6,1.6,1.0,2.1,5.3,7.4,2.1,1.1,1.6,0.5,3.2,11.6,141.0,117.0,,2026,2025-26
326.0,KJ Simpson,23.0,CHO,PG,6.0,0.0,90.0,7.0,19.8,0.351,2.7,7.5,0.357,4.3,12.3,0.348,0.419,1.6,2.1,0.75,1.6,5.9,7.5,9.6,2.1,0.0,5.4,4.3,18.2,94.0,120.0,,2026,2025-26
327.0,Nick Smith Jr.,21.0,LAL,SG,6.0,0.0,90.0,8.6,19.8,0.432,4.3,9.7,0.444,4.3,10.2,0.421,0.541,1.1,1.6,0.667,0.0,3.2,3.2,7.0,1.6,0.5,5.4,2.1,22.5,97.0,118.0,,2026,2025-26
328.0,Sidy Cissoko,21.0,POR,SF,8.0,0.0,89.0,3.7,7.9,0.467,0.5,2.6,0.2,3.2,5.3,0.6,0.5,2.1,3.7,0.571,3.2,3.7,6.8,3.2,1.1,0.0,1.1,8.4,10.0,122.0,122.0,,2026,2025-26
329.0,Taelon Peter,23.0,IND,SG,9.0,0.0,87.0,3.3,13.0,0.25,2.7,11.9,0.227,0.5,1.1,0.5,0.354,1.6,1.6,1.0,2.2,5.4,7.6,6.5,1.1,1.1,4.3,2.7,10.8,83.0,120.0,,2026,2025-26
330.0,Pat Connaughton,33.0,CHO,SG,9.0,0.0,85.0,6.8,14.8,0.462,3.4,9.1,0.375,3.4,5.7,0.6,0.577,1.7,2.8,0.6,1.7,8.5,10.2,3.4,2.3,0.6,1.7,2.3,18.7,119.0,118.0,,2026,2025-26
331.0,Jett Howard,22.0,ORL,SF,10.0,0.0,84.0,5.7,16.6,0.345,4.6,12.6,0.364,1.1,4.0,0.286,0.483,0.0,0.0,,0.6,2.9,3.4,4.0,0.6,1.7,0.6,2.9,16.0,110.0,117.0,,2026,2025-26
332.0,Tidjane Salaün,20.0,CHO,PF,7.0,0.0,83.0,4.1,11.0,0.368,2.3,7.0,0.333,1.7,4.1,0.429,0.474,2.3,3.5,0.667,2.9,11.6,14.5,2.9,1.2,0.6,1.7,4.6,12.8,112.0,118.0,,2026,2025-26
333.0,Obi Toppin,27.0,IND,PF,3.0,0.0,82.0,8.6,20.7,0.417,1.7,9.8,0.176,6.9,10.9,0.632,0.458,5.2,5.2,1.0,1.7,9.8,11.5,2.9,1.7,0.0,3.4,4.0,24.1,101.0,117.0,,2026,2025-26
334.0,Asa Newell,20.0,ATL,PF,8.0,0.0,80.0,9.4,18.9,0.5,4.7,9.4,0.5,4.7,9.4,0.5,0.625,4.1,5.3,0.778,5.3,4.7,10.0,0.6,2.4,1.8,2.4,6.5,27.7,122.0,112.0,,2026,2025-26
335.0,Dereck Lively II,21.0,DAL,C,5.0,3.0,80.0,5.3,8.2,0.643,0.0,0.0,,5.3,8.2,0.643,0.643,2.3,3.5,0.667,3.5,9.9,13.4,5.8,1.8,4.1,4.7,8.8,12.9,108.0,106.0,,2026,2025-26
336.0,Dominick Barlow,22.0,PHI,PF,3.0,2.0,79.0,5.5,10.9,0.5,1.2,4.3,0.286,4.3,6.7,0.636,0.556,3.0,3.6,0.833,6.7,5.5,12.2,4.9,0.0,1.8,3.0,3.6,15.2,126.0,119.0,,2026,2025-26
337.0,Gui Santos,23.0,GSW,PF,12.0,0.0,77.0,5.6,13.0,0.429,3.1,9.9,0.313,2.5,3.1,0.8,0.548,0.6,1.2,0.5,5.0,5.0,9.9,1.2,2.5,0.0,3.1,9.3,14.9,103.0,114.0,,2026,2025-26
338.0,Branden Carlson,26.0,OKC,C,9.0,0.0,76.0,7.0,15.9,0.44,1.9,7.7,0.25,5.1,8.3,0.615,0.5,0.0,0.0,,1.9,8.9,10.8,1.9,1.3,2.6,1.9,6.4,15.9,99.0,103.0,,2026,2025-26
339.0,Olivier-Maxence Prosper,23.0,MEM,PF,9.0,0.0,76.0,6.2,12.3,0.5,0.0,3.1,0.0,6.2,9.3,0.667,0.5,9.9,9.9,1.0,3.7,7.4,11.1,3.1,0.6,0.6,2.5,2.5,22.2,132.0,119.0,,2026,2025-26
340.0,Chris Boucher,33.0,BOS,PF,7.0,0.0,76.0,4.6,14.5,0.318,0.7,7.9,0.083,3.9,6.6,0.6,0.341,1.3,1.3,1.0,1.3,9.9,11.2,1.3,2.6,3.3,0.7,9.9,11.2,89.0,107.0,,2026,2025-26
341.0,Jordan McLaughlin,29.0,SAS,PG,8.0,0.0,74.0,6.5,15.7,0.417,3.3,9.8,0.333,3.3,5.9,0.556,0.521,2.0,2.0,1.0,2.0,2.0,3.9,6.5,4.6,0.0,1.3,4.6,18.3,127.0,110.0,,2026,2025-26
342.0,Maxime Raynaud,22.0,SAC,C,6.0,0.0,74.0,5.7,14.6,0.391,0.0,1.9,0.0,5.7,12.7,0.45,0.391,5.1,5.7,0.889,4.4,9.5,13.9,2.5,1.3,1.3,3.8,3.8,16.5,96.0,120.0,,2026,2025-26
343.0,Julian Phillips,22.0,CHI,SF,11.0,0.0,73.0,5.2,12.9,0.4,1.9,6.4,0.3,3.2,6.4,0.5,0.475,0.0,0.0,,3.2,1.9,5.2,0.6,2.6,1.3,0.6,4.5,12.2,106.0,117.0,,2026,2025-26
344.0,Jamison Battle,24.0,TOR,SF,10.0,0.0,73.0,9.7,13.6,0.714,7.1,9.7,0.733,2.6,3.9,0.667,0.976,0.0,0.0,,0.6,6.5,7.1,1.3,1.3,0.6,2.6,3.2,26.6,140.0,115.0,,2026,2025-26
345.0,Darius Garland,26.0,CLE,PG,3.0,3.0,73.0,7.7,23.1,0.333,4.5,12.2,0.368,3.2,10.9,0.294,0.431,5.1,5.1,1.0,1.9,3.9,5.8,9.6,1.9,0.0,3.2,3.9,25.1,111.0,117.0,,2026,2025-26
346.0,Bennedict Mathurin,23.0,IND,SF,2.0,2.0,73.0,11.0,20.0,0.548,3.2,6.5,0.5,7.7,13.6,0.571,0.629,14.8,16.8,0.885,1.9,7.1,9.0,3.2,0.0,0.0,3.2,3.9,40.0,138.0,122.0,,2026,2025-26
347.0,Spencer Jones,24.0,DEN,SF,8.0,0.0,72.0,3.4,6.0,0.556,1.3,3.4,0.4,2.0,2.7,0.75,0.667,2.0,2.7,0.75,1.3,0.0,1.3,2.7,4.0,0.7,3.4,8.1,10.1,105.0,110.0,,2026,2025-26
348.0,Gabe Vincent,29.0,LAL,PG,3.0,3.0,72.0,2.0,8.7,0.231,1.3,6.7,0.2,0.7,2.0,0.333,0.308,2.0,2.0,1.0,0.7,1.3,2.0,4.7,2.0,0.0,1.3,4.7,7.4,96.0,119.0,,2026,2025-26
349.0,Duop Reath,29.0,POR,C,9.0,0.0,71.0,8.6,14.5,0.591,7.9,13.2,0.6,0.7,1.3,0.5,0.864,0.0,0.0,,0.7,3.3,4.0,2.6,0.0,0.7,0.7,4.6,25.0,166.0,124.0,,2026,2025-26
350.0,Julian Strawther,23.0,DEN,SG,9.0,0.0,71.0,7.5,20.4,0.367,1.4,10.9,0.125,6.1,9.5,0.643,0.4,6.1,8.9,0.692,0.0,9.5,9.5,2.7,0.0,0.7,2.0,4.1,22.5,97.0,114.0,,2026,2025-26
351.0,Gary Harris,31.0,MIL,SG,7.0,0.0,70.0,4.8,9.6,0.5,2.7,5.5,0.5,2.1,4.1,0.5,0.643,0.0,0.0,,0.7,2.1,2.7,2.7,3.4,1.4,1.4,3.4,12.3,119.0,116.0,,2026,2025-26
352.0,Kobe Sanders,23.0,LAC,SG,5.0,0.0,69.0,6.5,16.6,0.391,3.6,10.1,0.357,2.9,6.5,0.444,0.5,1.4,2.2,0.667,3.6,2.9,6.5,5.1,2.2,0.0,3.6,7.2,18.1,104.0,122.0,,2026,2025-26
353.0,Tyler Kolek,24.0,NYK,PG,10.0,0.0,67.0,7.2,17.3,0.417,2.2,9.4,0.231,5.0,7.9,0.636,0.479,0.0,0.0,,1.4,2.2,3.6,9.4,0.7,0.0,4.3,6.5,16.5,102.0,121.0,,2026,2025-26
354.0,Devin Carter,23.0,SAC,PG,8.0,0.0,65.0,3.6,15.1,0.238,1.4,7.9,0.182,2.2,7.2,0.3,0.286,3.6,3.6,1.0,2.2,6.5,8.7,6.5,4.3,0.7,4.3,5.8,12.3,80.0,115.0,,2026,2025-26
355.0,Will Riley,19.0,WAS,SF,9.0,0.0,64.0,5.8,13.2,0.444,0.7,2.9,0.25,5.1,10.2,0.5,0.472,2.2,4.4,0.5,2.2,8.0,10.2,5.1,1.5,0.0,1.5,1.5,14.6,108.0,124.0,,2026,2025-26
356.0,Nae'Qwan Tomlin,25.0,CLE,PF,5.0,0.0,64.0,9.5,18.3,0.52,0.0,5.1,0.0,9.5,13.2,0.722,0.52,6.6,7.3,0.9,8.1,5.1,13.2,2.2,4.4,2.9,0.7,10.3,25.7,138.0,106.0,,2026,2025-26
357.0,Chris Youngblood,23.0,OKC,SG,12.0,0.0,63.0,2.3,10.8,0.214,2.3,10.0,0.231,0.0,0.8,0.0,0.321,4.6,4.6,1.0,1.5,3.1,4.6,1.5,0.8,0.0,0.0,7.7,11.5,112.0,111.0,,2026,2025-26
358.0,Elijah Harkless,25.0,UTA,SG,6.0,0.0,63.0,3.0,8.3,0.364,1.5,5.3,0.286,1.5,3.0,0.5,0.455,2.3,3.8,0.6,1.5,3.0,4.5,3.0,2.3,0.0,2.3,7.5,9.8,99.0,121.0,,2026,2025-26
359.0,Monte Morris,30.0,IND,PG,5.0,0.0,62.0,4.6,14.4,0.316,1.5,6.1,0.25,3.0,8.4,0.364,0.368,1.5,3.0,0.5,0.8,4.6,5.3,6.8,0.8,0.8,0.8,2.3,12.2,98.0,121.0,,2026,2025-26
360.0,Jericho Sims,27.0,MIL,C,9.0,0.0,61.0,2.4,3.1,0.75,0.0,0.0,,2.4,3.1,0.75,0.75,2.4,3.1,0.75,5.5,7.1,12.6,2.4,0.8,1.6,3.1,4.7,7.1,126.0,118.0,,2026,2025-26
361.0,Xavier Tillman Sr.,27.0,BOS,C,7.0,0.0,61.0,7.4,14.7,0.5,1.6,6.5,0.25,5.7,8.2,0.7,0.556,0.0,0.0,,5.7,8.2,13.9,3.3,2.5,0.8,0.8,5.7,16.4,131.0,111.0,,2026,2025-26
362.0,Kobe Brown,26.0,LAC,PF,7.0,0.0,60.0,4.2,9.1,0.455,0.8,5.0,0.167,3.3,4.2,0.8,0.5,3.3,3.3,1.0,3.3,9.1,12.5,5.8,0.0,0.0,2.5,1.7,12.5,124.0,123.0,,2026,2025-26
363.0,Tristan Vukcevic,22.0,WAS,C,10.0,0.0,59.0,7.9,17.4,0.455,2.4,7.9,0.3,5.5,9.5,0.583,0.523,4.8,7.9,0.6,0.8,6.3,7.1,3.2,0.8,3.2,4.0,4.8,23.0,98.0,123.0,,2026,2025-26
364.0,Aaron Holiday,29.0,HOU,PG,7.0,0.0,58.0,8.5,15.3,0.556,4.3,9.4,0.455,4.3,6.0,0.714,0.694,6.8,7.7,0.889,0.0,3.4,3.4,6.0,0.9,0.9,4.3,4.3,28.1,135.0,119.0,,2026,2025-26
365.0,Ariel Hukporti,23.0,NYK,C,8.0,2.0,56.0,3.4,6.9,0.5,0.0,0.0,,3.4,6.9,0.5,0.5,0.0,0.0,,6.0,8.6,14.6,4.3,0.9,1.7,4.3,7.7,6.9,99.0,115.0,,2026,2025-26
366.0,Cody Martin,30.0,IND,SF,4.0,0.0,55.0,1.7,8.6,0.2,0.0,4.3,0.0,1.7,4.3,0.4,0.2,2.6,5.1,0.5,0.9,11.1,12.0,1.7,3.4,1.7,3.4,4.3,6.0,54.0,110.0,,2026,2025-26
367.0,Carter Bryant,20.0,SAS,PF,8.0,0.0,54.0,5.4,18.8,0.286,1.8,9.8,0.182,3.6,8.9,0.4,0.333,2.7,2.7,1.0,0.0,7.2,7.2,0.0,1.8,0.9,3.6,4.5,15.2,70.0,112.0,,2026,2025-26
368.0,Thomas Bryant,28.0,CLE,C,8.0,0.0,54.0,8.7,19.1,0.455,0.0,8.7,0.0,8.7,10.4,0.833,0.455,0.0,2.6,0.0,4.3,8.7,13.0,0.9,2.6,2.6,0.9,5.2,17.4,96.0,109.0,,2026,2025-26
369.0,Bobi Klintman,22.0,DET,SF,6.0,0.0,53.0,6.3,18.9,0.333,2.7,9.9,0.273,3.6,9.0,0.4,0.405,0.0,2.7,0.0,4.5,9.9,14.4,3.6,1.8,0.0,4.5,8.1,15.3,81.0,110.0,,2026,2025-26
370.0,Matisse Thybulle,28.0,POR,SG,4.0,0.0,49.0,5.7,9.5,0.6,3.8,5.7,0.667,1.9,3.8,0.5,0.8,3.8,3.8,1.0,0.0,3.8,3.8,2.9,9.5,0.0,1.0,6.7,19.1,164.0,103.0,,2026,2025-26
371.0,Kyle Anderson,32.0,UTA,SF,3.0,0.0,49.0,7.8,16.5,0.471,0.0,0.0,,7.8,16.5,0.471,0.471,4.8,6.8,0.714,2.9,3.9,6.8,8.7,1.0,0.0,2.9,5.8,20.4,115.0,123.0,,2026,2025-26
372.0,Jordan Miller,26.0,LAC,SF,3.0,0.0,49.0,8.1,16.3,0.5,5.1,9.2,0.556,3.1,7.1,0.429,0.656,7.1,8.1,0.875,3.1,5.1,8.1,3.1,1.0,0.0,3.1,2.0,28.5,133.0,124.0,,2026,2025-26
373.0,Maxi Kleber,34.0,LAL,PF,3.0,0.0,48.0,2.0,4.0,0.5,2.0,3.0,0.667,0.0,1.0,0.0,0.75,1.0,2.0,0.5,2.0,5.0,7.0,4.0,1.0,2.0,0.0,6.0,7.0,171.0,117.0,,2026,2025-26
374.0,Noah Penda,21.0,ORL,SF,7.0,0.0,47.0,6.1,11.2,0.545,2.0,2.0,1.0,4.1,9.2,0.444,0.636,3.1,4.1,0.75,6.1,7.1,13.3,6.1,1.0,2.0,3.1,6.1,17.4,132.0,113.0,,2026,2025-26
375.0,Luke Travers,24.0,CLE,SG,6.0,0.0,47.0,2.0,16.0,0.125,0.0,6.0,0.0,2.0,10.0,0.2,0.125,6.0,6.0,1.0,4.0,7.0,11.0,4.0,3.0,4.0,1.0,2.0,10.0,84.0,108.0,,2026,2025-26
376.0,Bismack Biyombo,33.0,SAS,C,6.0,0.0,46.0,1.0,2.1,0.5,0.0,0.0,,1.0,2.1,0.5,0.5,0.0,0.0,,2.1,4.2,6.3,2.1,3.1,1.0,2.1,9.4,2.1,91.0,110.0,,2026,2025-26
377.0,Caleb Love,24.0,POR,SG,5.0,0.0,45.0,7.3,26.0,0.28,3.1,15.6,0.2,4.2,10.4,0.4,0.34,0.0,0.0,,1.0,9.4,10.4,8.3,1.0,0.0,1.0,2.1,17.7,93.0,119.0,,2026,2025-26
378.0,Ryan Nembhard,22.0,DAL,PG,5.0,0.0,45.0,7.3,15.6,0.467,0.0,4.2,0.0,7.3,11.4,0.636,0.467,2.1,3.1,0.667,1.0,0.0,1.0,9.4,0.0,0.0,6.2,3.1,16.6,89.0,121.0,,2026,2025-26
379.0,T.J. McConnell,33.0,IND,PG,3.0,0.0,43.0,13.2,34.0,0.387,1.1,6.6,0.167,12.1,27.4,0.44,0.403,1.1,1.1,1.0,1.1,2.2,3.3,7.7,2.2,0.0,0.0,3.3,28.5,99.0,120.0,,2026,2025-26
380.0,Jalen Pickett,26.0,DEN,SG,6.0,1.0,42.0,6.9,13.8,0.5,2.3,6.9,0.333,4.6,6.9,0.667,0.583,1.2,1.2,1.0,1.2,5.8,6.9,8.1,0.0,0.0,4.6,4.6,17.3,109.0,117.0,,2026,2025-26
381.0,Dalen Terry,23.0,CHI,SG,7.0,0.0,41.0,4.6,10.3,0.444,1.1,2.3,0.5,3.4,8.0,0.429,0.5,3.4,6.9,0.5,0.0,3.4,3.4,4.6,1.1,2.3,1.1,4.6,13.8,110.0,118.0,,2026,2025-26
382.0,Lindy Waters III,28.0,SAS,SG,5.0,0.0,41.0,5.9,11.8,0.5,5.9,11.8,0.5,0.0,0.0,,0.75,0.0,0.0,,0.0,4.7,4.7,3.5,0.0,0.0,0.0,4.7,17.7,159.0,119.0,,2026,2025-26
383.0,Rayan Rupert,21.0,POR,SG,7.0,0.0,40.0,2.3,10.5,0.222,1.2,7.0,0.167,1.2,3.5,0.333,0.278,1.2,2.3,0.5,1.2,8.2,9.4,2.3,2.3,0.0,1.2,8.2,7.0,78.0,116.0,,2026,2025-26
384.0,Brandon Miller,23.0,CHO,SF,2.0,2.0,40.0,12.1,30.1,0.4,2.4,13.3,0.182,9.6,16.9,0.571,0.44,8.4,12.1,0.7,0.0,0.0,0.0,9.6,1.2,1.2,3.6,6.0,35.0,107.0,123.0,,2026,2025-26
385.0,Jae'Sean Tate,30.0,HOU,SF,7.0,0.0,39.0,5.1,13.9,0.364,0.0,3.8,0.0,5.1,10.1,0.5,0.364,0.0,0.0,,1.3,6.3,7.6,1.3,1.3,0.0,1.3,7.6,10.1,87.0,117.0,,2026,2025-26
386.0,AJ Johnson,21.0,WAS,SG,8.0,0.0,38.0,2.5,13.5,0.182,0.0,2.5,0.0,2.5,11.1,0.222,0.182,3.7,4.9,0.75,2.5,3.7,6.2,4.9,0.0,0.0,1.2,3.7,8.6,79.0,130.0,,2026,2025-26
387.0,Jevon Carter,30.0,CHI,PG,3.0,0.0,38.0,6.2,9.9,0.625,6.2,8.7,0.714,0.0,1.2,0.0,0.938,2.5,2.5,1.0,1.2,2.5,3.7,7.4,2.5,0.0,1.2,1.2,21.0,177.0,119.0,,2026,2025-26
388.0,Kelly Olynyk,34.0,SAS,C,4.0,0.0,37.0,6.5,10.4,0.625,1.3,1.3,1.0,5.2,9.1,0.571,0.688,0.0,0.0,,6.5,7.8,14.3,17.0,0.0,0.0,3.9,6.5,14.3,145.0,117.0,,2026,2025-26
389.0,Johnny Furphy,21.0,IND,SG,3.0,0.0,37.0,3.8,7.6,0.5,2.5,3.8,0.667,1.3,3.8,0.333,0.667,0.0,0.0,,1.3,6.4,7.6,0.0,2.5,0.0,3.8,5.1,10.2,84.0,117.0,,2026,2025-26
390.0,Rasheer Fleming,21.0,PHO,PF,7.0,0.0,36.0,6.7,20.2,0.333,2.7,12.1,0.222,4.0,8.1,0.5,0.4,0.0,0.0,,5.4,2.7,8.1,2.7,1.3,1.3,1.3,6.7,16.2,100.0,118.0,,2026,2025-26
391.0,Khaman Maluach,19.0,PHO,C,7.0,0.0,35.0,4.2,9.7,0.429,0.0,4.2,0.0,4.2,5.5,0.75,0.429,9.7,11.1,0.875,1.4,6.9,8.3,1.4,0.0,5.5,6.9,11.1,18.0,92.0,114.0,,2026,2025-26
392.0,Jonathan Mogbo,24.0,TOR,PF,7.0,0.0,35.0,4.1,8.1,0.5,0.0,0.0,,4.1,8.1,0.5,0.5,0.0,0.0,,4.1,8.1,12.2,5.4,1.4,2.7,1.4,5.4,8.1,123.0,112.0,,2026,2025-26
393.0,Malaki Branham,22.0,WAS,SG,5.0,0.0,34.0,8.3,15.1,0.545,1.4,6.9,0.2,6.9,8.3,0.833,0.591,8.3,11.0,0.75,4.1,6.9,11.0,4.1,0.0,0.0,1.4,2.8,26.1,138.0,128.0,,2026,2025-26
394.0,Mac McClung,27.0,IND,SG,3.0,0.0,34.0,9.7,25.0,0.389,2.8,13.9,0.2,6.9,11.1,0.625,0.444,4.2,5.5,0.75,0.0,5.5,5.5,1.4,6.9,1.4,2.8,8.3,26.3,92.0,106.0,,2026,2025-26
395.0,Dylan Cardwell,24.0,SAC,C,3.0,1.0,33.0,2.8,8.5,0.333,0.0,1.4,0.0,2.8,7.1,0.4,0.333,1.4,2.8,0.5,2.8,4.3,7.1,0.0,2.8,4.3,2.8,14.2,7.1,70.0,115.0,,2026,2025-26
396.0,Nolan Traoré,19.0,BRK,PG,3.0,0.0,33.0,3.0,13.3,0.222,3.0,8.9,0.333,0.0,4.4,0.0,0.333,1.5,3.0,0.5,0.0,1.5,1.5,5.9,3.0,0.0,3.0,7.4,10.3,79.0,124.0,,2026,2025-26
397.0,Caleb Houstan,23.0,ATL,SF,5.0,0.0,32.0,5.9,11.8,0.5,4.4,8.8,0.5,1.5,2.9,0.5,0.688,4.4,4.4,1.0,4.4,0.0,4.4,2.9,1.5,1.5,4.4,5.9,20.6,122.0,118.0,,2026,2025-26
398.0,Jared McCain,21.0,PHI,SG,3.0,0.0,31.0,0.0,13.9,0.0,0.0,3.1,0.0,0.0,10.8,0.0,0.0,0.0,0.0,,0.0,3.1,3.1,6.2,1.5,0.0,1.5,6.2,0.0,28.0,119.0,,2026,2025-26
399.0,Charles Bassey,25.0,MEM,C,2.0,0.0,31.0,4.5,12.1,0.375,0.0,0.0,,4.5,12.1,0.375,0.375,1.5,4.5,0.333,10.6,12.1,22.7,3.0,1.5,1.5,1.5,7.6,10.6,107.0,113.0,,2026,2025-26
400.0,Joan Beringer,19.0,MIN,PF,8.0,0.0,30.0,9.5,11.1,0.857,0.0,0.0,,9.5,11.1,0.857,0.857,0.0,1.6,0.0,1.6,11.1,12.7,0.0,1.6,1.6,3.2,11.1,19.1,114.0,111.0,,2026,2025-26
401.0,Jase Richardson,20.0,ORL,SG,7.0,0.0,30.0,1.6,8.0,0.2,0.0,4.8,0.0,1.6,3.2,0.5,0.2,1.6,3.2,0.5,0.0,1.6,1.6,9.6,0.0,0.0,4.8,1.6,4.8,68.0,121.0,,2026,2025-26
402.0,Mason Plumlee,35.0,CHO,C,6.0,0.0,30.0,3.2,3.2,1.0,0.0,0.0,,3.2,3.2,1.0,1.0,3.2,6.4,0.5,1.6,6.4,8.0,3.2,0.0,0.0,3.2,1.6,9.6,112.0,125.0,,2026,2025-26
403.0,Bryce McGowens,23.0,NOP,SG,5.0,0.0,30.0,6.5,16.3,0.4,0.0,3.3,0.0,6.5,13.1,0.5,0.4,9.8,13.1,0.75,0.0,1.6,1.6,4.9,3.3,0.0,1.6,1.6,22.9,113.0,124.0,,2026,2025-26
404.0,Jalen Green,23.0,PHO,SG,2.0,2.0,30.0,17.8,37.2,0.478,9.7,22.6,0.429,8.1,14.5,0.556,0.609,4.8,8.1,0.6,3.2,3.2,6.5,6.5,3.2,0.0,3.2,3.2,50.1,122.0,115.0,,2026,2025-26
405.0,Coby White,25.0,CHI,SG,1.0,0.0,30.0,7.8,21.9,0.357,4.7,12.5,0.375,3.1,9.4,0.333,0.464,21.9,21.9,1.0,0.0,6.3,6.3,12.5,1.6,0.0,4.7,4.7,42.3,136.0,119.0,,2026,2025-26
406.0,Yang Hansen,20.0,POR,C,5.0,0.0,29.0,3.2,14.5,0.222,0.0,4.8,0.0,3.2,9.7,0.333,0.222,8.1,9.7,0.833,4.8,1.6,6.4,0.0,0.0,3.2,4.8,6.4,14.5,80.0,123.0,,2026,2025-26
407.0,GG Jackson II,21.0,MEM,PF,6.0,0.0,28.0,6.7,23.4,0.286,0.0,10.0,0.0,6.7,13.4,0.5,0.286,6.7,11.7,0.571,1.7,3.3,5.0,1.7,5.0,0.0,0.0,5.0,20.1,83.0,112.0,,2026,2025-26
408.0,Dario Šarić,31.0,SAC,C,3.0,0.0,28.0,1.7,8.4,0.2,1.7,3.3,0.5,0.0,5.0,0.0,0.3,3.3,3.3,1.0,1.7,6.7,8.4,3.3,0.0,0.0,1.7,0.0,8.4,96.0,126.0,,2026,2025-26
409.0,Wendell Moore Jr.,24.0,DET,SG,2.0,0.0,28.0,5.1,6.8,0.75,0.0,1.7,0.0,5.1,5.1,1.0,0.75,0.0,0.0,,1.7,1.7,3.4,5.1,1.7,1.7,0.0,1.7,10.2,172.0,115.0,,2026,2025-26
410.0,PJ Hall,23.0,MEM,C,7.0,0.0,27.0,8.7,15.6,0.556,1.7,5.2,0.333,6.9,10.4,0.667,0.611,3.5,5.2,0.667,5.2,10.4,15.6,3.5,0.0,3.5,1.7,5.2,22.6,127.0,115.0,,2026,2025-26
411.0,Leonard Miller,22.0,MIN,SF,7.0,0.0,27.0,10.6,17.7,0.6,0.0,5.3,0.0,10.6,12.4,0.857,0.6,5.3,8.8,0.6,1.8,12.4,14.1,1.8,1.8,0.0,5.3,5.3,26.5,101.0,112.0,,2026,2025-26
412.0,Tyson Etienne,26.0,BRK,PG,5.0,0.0,25.0,3.9,21.4,0.182,3.9,19.5,0.2,0.0,1.9,0.0,0.273,0.0,0.0,,0.0,0.0,0.0,0.0,0.0,0.0,0.0,5.8,11.7,61.0,132.0,,2026,2025-26
413.0,E.J. Liddell,25.0,BRK,PF,5.0,0.0,25.0,7.8,21.4,0.364,3.9,15.6,0.25,3.9,5.8,0.667,0.455,3.9,5.8,0.667,1.9,11.7,13.6,0.0,0.0,0.0,0.0,7.8,23.4,106.0,124.0,,2026,2025-26
414.0,Zach Edey,23.0,MEM,C,1.0,1.0,25.0,5.6,13.1,0.429,0.0,1.9,0.0,5.6,11.3,0.5,0.429,13.1,16.9,0.778,3.8,9.4,13.1,0.0,3.8,3.8,1.9,7.5,24.4,122.0,106.0,,2026,2025-26
415.0,JD Davison,23.0,HOU,PG,5.0,0.0,24.0,8.2,16.5,0.5,6.2,12.4,0.5,2.1,4.1,0.5,0.688,0.0,4.1,0.0,0.0,0.0,0.0,4.1,2.1,2.1,0.0,4.1,22.7,140.0,117.0,,2026,2025-26
416.0,DeAndre Jordan,37.0,NOP,C,2.0,1.0,23.0,8.5,10.7,0.8,0.0,0.0,,8.5,10.7,0.8,0.8,2.1,4.3,0.5,8.5,12.8,21.3,0.0,0.0,0.0,2.1,2.1,19.2,140.0,123.0,,2026,2025-26
417.0,Andre Jackson Jr.,24.0,MIL,SG,6.0,0.0,22.0,0.0,4.4,0.0,0.0,2.2,0.0,0.0,2.2,0.0,0.0,0.0,0.0,,2.2,2.2,4.4,13.1,4.4,2.2,4.4,6.5,0.0,85.0,113.0,,2026,2025-26
418.0,Yanic Konan Niederhauser,22.0,LAC,C,5.0,0.0,22.0,15.9,18.1,0.875,0.0,0.0,,15.9,18.1,0.875,0.875,11.3,18.1,0.625,6.8,6.8,13.6,4.5,0.0,2.3,2.3,4.5,43.1,158.0,122.0,,2026,2025-26
419.0,Keshad Johnson,24.0,MIA,SF,4.0,0.0,22.0,6.2,24.8,0.25,2.1,12.4,0.167,4.1,12.4,0.333,0.292,0.0,0.0,,2.1,10.3,12.4,0.0,4.1,0.0,2.1,4.1,14.5,61.0,107.0,,2026,2025-26
420.0,Tolu Smith,25.0,DET,PF,2.0,0.0,22.0,13.0,17.3,0.75,0.0,0.0,,13.0,17.3,0.75,0.75,10.8,15.2,0.714,8.7,15.2,23.8,4.3,2.2,2.2,2.2,4.3,36.8,154.0,103.0,,2026,2025-26
421.0,Zeke Nnaji,25.0,DEN,PF,6.0,0.0,21.0,9.2,16.1,0.571,2.3,9.2,0.25,6.9,6.9,1.0,0.643,4.6,6.9,0.667,2.3,2.3,4.6,4.6,0.0,0.0,4.6,16.1,25.3,115.0,118.0,,2026,2025-26
422.0,Jeff Green,39.0,HOU,PF,5.0,0.0,21.0,9.4,14.1,0.667,9.4,14.1,0.667,0.0,0.0,,1.0,0.0,0.0,,2.4,2.4,4.7,0.0,0.0,2.4,0.0,4.7,28.3,202.0,120.0,,2026,2025-26
423.0,Mark Sears,23.0,MIL,PG,5.0,0.0,21.0,11.4,20.5,0.556,6.8,11.4,0.6,4.6,9.1,0.5,0.722,13.7,18.2,0.75,2.3,0.0,2.3,2.3,0.0,0.0,9.1,6.8,43.3,113.0,127.0,,2026,2025-26
424.0,Eric Gordon,37.0,PHI,SG,3.0,0.0,21.0,6.9,11.4,0.6,4.6,9.2,0.5,2.3,2.3,1.0,0.8,0.0,0.0,,0.0,0.0,0.0,2.3,2.3,0.0,4.6,4.6,18.3,106.0,120.0,,2026,2025-26
425.0,Jamir Watkins,24.0,WAS,SG,3.0,0.0,21.0,6.7,8.9,0.75,0.0,2.2,0.0,6.7,6.7,1.0,0.75,0.0,0.0,,2.2,11.1,13.4,0.0,0.0,2.2,2.2,8.9,13.4,116.0,122.0,,2026,2025-26
426.0,Antonio Reeves,25.0,CHO,SG,2.0,0.0,21.0,6.9,13.8,0.5,6.9,11.5,0.6,0.0,2.3,0.0,0.75,0.0,0.0,,2.3,2.3,4.6,0.0,0.0,0.0,0.0,2.3,20.7,152.0,127.0,,2026,2025-26
427.0,James Wiseman,24.0,IND,C,1.0,1.0,20.0,4.7,7.1,0.667,0.0,0.0,,4.7,7.1,0.667,0.667,0.0,0.0,,9.4,0.0,9.4,0.0,0.0,2.4,7.1,4.7,9.4,84.0,124.0,,2026,2025-26
428.0,Johnny Juzang,24.0,MIN,SG,6.0,0.0,18.0,5.3,18.6,0.286,2.7,13.3,0.2,2.7,5.3,0.5,0.357,2.7,5.3,0.5,2.7,5.3,8.0,2.7,0.0,0.0,2.7,5.3,15.9,84.0,121.0,,2026,2025-26
429.0,Hunter Tyson,25.0,DEN,PF,5.0,0.0,17.0,0.0,19.9,0.0,0.0,11.4,0.0,0.0,8.5,0.0,0.0,0.0,0.0,,2.8,25.6,28.5,0.0,2.8,0.0,0.0,5.7,0.0,15.0,98.0,,2026,2025-26
430.0,Isaac Jones,25.0,SAC,PF,3.0,1.0,17.0,2.8,5.5,0.5,0.0,2.8,0.0,2.8,2.8,1.0,0.5,2.8,5.5,0.5,5.5,0.0,5.5,2.8,0.0,0.0,0.0,11.0,8.3,141.0,129.0,,2026,2025-26
431.0,Joe Ingles,38.0,MIN,SF,4.0,0.0,16.0,0.0,6.0,0.0,0.0,6.0,0.0,0.0,0.0,,0.0,0.0,0.0,,0.0,0.0,0.0,14.9,0.0,0.0,0.0,6.0,0.0,111.0,125.0,,2026,2025-26
432.0,Jahmyl Telfort,24.0,LAC,PF,3.0,0.0,16.0,0.0,6.2,0.0,0.0,6.2,0.0,0.0,0.0,,0.0,3.1,12.5,0.25,0.0,6.2,6.2,3.1,0.0,0.0,3.1,6.2,3.1,36.0,125.0,,2026,2025-26
433.0,Mohamed Diawara,20.0,NYK,SF,6.0,0.0,15.0,9.6,12.9,0.75,3.2,3.2,1.0,6.4,9.6,0.667,0.875,0.0,6.4,0.0,0.0,3.2,3.2,3.2,0.0,0.0,3.2,6.4,22.5,108.0,123.0,,2026,2025-26
434.0,N'Faly Dante,24.0,ATL,C,4.0,0.0,15.0,3.1,12.6,0.25,0.0,0.0,,3.1,12.6,0.25,0.25,3.1,3.1,1.0,9.4,12.6,22.0,0.0,6.3,0.0,3.1,3.1,9.4,90.0,99.0,,2026,2025-26
435.0,Ron Harper Jr.,25.0,BOS,SF,3.0,0.0,15.0,10.0,23.3,0.429,6.7,20.0,0.333,3.3,3.3,1.0,0.571,0.0,0.0,,3.3,6.7,10.0,10.0,0.0,3.3,0.0,6.7,26.6,143.0,115.0,,2026,2025-26
436.0,Pacome Dadiet,20.0,NYK,SG,5.0,0.0,14.0,3.4,13.8,0.25,0.0,3.4,0.0,3.4,10.3,0.333,0.25,6.9,6.9,1.0,0.0,10.3,10.3,6.9,0.0,0.0,0.0,3.4,13.8,116.0,119.0,,2026,2025-26
437.0,Daeqwon Plowden,27.0,SAC,SG,1.0,0.0,14.0,3.3,16.7,0.2,0.0,10.0,0.0,3.3,6.7,0.5,0.2,0.0,0.0,,6.7,0.0,6.7,0.0,0.0,0.0,0.0,0.0,6.7,70.0,130.0,,2026,2025-26
438.0,Anthony Gill,33.0,WAS,PF,5.0,0.0,13.0,10.8,14.4,0.75,3.6,3.6,1.0,7.2,10.8,0.667,0.875,7.2,7.2,1.0,3.6,10.8,14.4,0.0,0.0,0.0,7.2,3.6,32.4,120.0,125.0,,2026,2025-26
439.0,Harrison Ingram,23.0,SAS,SF,3.0,0.0,11.0,8.8,13.2,0.667,4.4,4.4,1.0,4.4,8.8,0.5,0.833,0.0,0.0,,13.2,0.0,13.2,0.0,0.0,0.0,0.0,8.8,21.9,182.0,121.0,,2026,2025-26
440.0,David Jones García,24.0,SAS,SF,3.0,0.0,11.0,17.6,30.7,0.571,0.0,0.0,,17.6,30.7,0.571,0.571,4.4,13.2,0.333,8.8,4.4,13.2,17.6,0.0,0.0,0.0,8.8,39.5,139.0,119.0,,2026,2025-26
441.0,Jahmir Young,25.0,MIA,PG,2.0,0.0,10.0,4.5,13.6,0.333,0.0,4.5,0.0,4.5,9.1,0.5,0.333,0.0,0.0,,0.0,4.5,4.5,9.1,0.0,0.0,4.5,9.1,9.1,75.0,121.0,,2026,2025-26
442.0,Thanasis Antetokounmpo,33.0,MIL,SF,4.0,0.0,9.0,5.3,10.6,0.5,0.0,0.0,,5.3,10.6,0.5,0.5,0.0,0.0,,0.0,5.3,5.3,0.0,5.3,10.6,0.0,5.3,10.6,100.0,100.0,,2026,2025-26
443.0,Jacob Toppin,25.0,ATL,SF,3.0,0.0,9.0,15.7,21.0,0.75,0.0,0.0,,15.7,21.0,0.75,0.75,0.0,0.0,,0.0,5.2,5.2,0.0,0.0,0.0,0.0,5.2,31.4,140.0,119.0,,2026,2025-26
444.0,Kevin Porter Jr.,25.0,MIL,PG,1.0,1.0,9.0,16.0,26.6,0.6,10.6,16.0,0.667,5.3,10.6,0.5,0.8,10.6,10.6,1.0,0.0,0.0,0.0,10.6,5.3,0.0,0.0,0.0,53.2,178.0,115.0,,2026,2025-26
445.0,Riley Minix,25.0,SAS,SF,3.0,0.0,8.0,24.1,36.2,0.667,6.0,18.1,0.333,18.1,18.1,1.0,0.75,0.0,0.0,,6.0,6.0,12.1,6.0,6.0,0.0,0.0,6.0,54.3,153.0,104.0,,2026,2025-26
446.0,Trey Jemison,26.0,NYK,C,1.0,0.0,8.0,0.0,0.0,,0.0,0.0,,0.0,0.0,,,0.0,0.0,,6.0,6.0,12.1,0.0,0.0,0.0,0.0,0.0,0.0,235.0,121.0,,2026,2025-26
447.0,Doug McDermott,34.0,SAC,SF,1.0,0.0,8.0,11.7,17.6,0.667,11.7,17.6,0.667,0.0,0.0,,1.0,0.0,0.0,,0.0,0.0,0.0,0.0,0.0,0.0,5.9,5.9,35.2,111.0,130.0,,2026,2025-26
448.0,Hunter Sallis,22.0,PHI,SG,3.0,0.0,7.0,6.9,6.9,1.0,0.0,0.0,,6.9,6.9,1.0,1.0,0.0,0.0,,0.0,6.9,6.9,6.9,0.0,0.0,13.7,6.9,13.7,66.0,120.0,,2026,2025-26
449.0,Chris Mañon,24.0,LAL,SG,2.0,0.0,7.0,0.0,6.9,0.0,0.0,6.9,0.0,0.0,0.0,,0.0,0.0,0.0,,0.0,13.8,13.8,0.0,0.0,6.9,0.0,13.8,0.0,0.0,107.0,,2026,2025-26
450.0,Amari Williams,24.0,BOS,PF,2.0,0.0,7.0,7.1,14.3,0.5,0.0,0.0,,7.1,14.3,0.5,0.5,0.0,0.0,,7.1,7.1,14.3,7.1,7.1,0.0,0.0,7.1,14.3,141.0,102.0,,2026,2025-26
451.0,Colby Jones,23.0,DET,SG,1.0,0.0,7.0,6.8,20.4,0.333,0.0,13.6,0.0,6.8,6.8,1.0,0.333,0.0,0.0,,0.0,27.2,27.2,13.6,0.0,0.0,0.0,6.8,13.6,106.0,101.0,,2026,2025-26
452.0,Johni Broome,23.0,PHI,PF,2.0,0.0,6.0,16.0,40.0,0.4,0.0,8.0,0.0,16.0,32.0,0.5,0.4,0.0,0.0,,16.0,0.0,16.0,8.0,0.0,0.0,0.0,0.0,32.0,114.0,125.0,,2026,2025-26
453.0,Christian Koloko,25.0,LAL,C,2.0,0.0,6.0,0.0,0.0,,0.0,0.0,,0.0,0.0,,,0.0,0.0,,0.0,8.0,8.0,0.0,0.0,0.0,0.0,8.0,0.0,,119.0,,2026,2025-26
454.0,Garrett Temple,39.0,TOR,SG,2.0,0.0,6.0,0.0,7.9,0.0,0.0,7.9,0.0,0.0,0.0,,0.0,0.0,0.0,,0.0,0.0,0.0,0.0,0.0,7.9,0.0,0.0,0.0,0.0,114.0,,2026,2025-26
455.0,Danny Wolf,21.0,BRK,PF,2.0,0.0,6.0,0.0,8.1,0.0,0.0,0.0,,0.0,8.1,0.0,0.0,16.2,16.2,1.0,0.0,16.2,16.2,16.2,0.0,0.0,0.0,0.0,16.2,153.0,121.0,,2026,2025-26
456.0,Hunter Dickinson,25.0,NOP,C,1.0,0.0,5.0,9.8,19.6,0.5,0.0,0.0,,9.8,19.6,0.5,0.5,0.0,0.0,,0.0,0.0,0.0,0.0,0.0,9.8,19.6,19.6,19.6,43.0,121.0,,2026,2025-26
457.0,Adou Thiero,21.0,LAL,SF,1.0,0.0,5.0,9.7,9.7,1.0,0.0,0.0,,9.7,9.7,1.0,1.0,19.3,19.3,1.0,9.7,0.0,9.7,0.0,0.0,0.0,0.0,0.0,38.6,227.0,125.0,,2026,2025-26
458.0,Sharife Cooper,24.0,WAS,PG,2.0,0.0,4.0,0.0,0.0,,0.0,0.0,,0.0,0.0,,,0.0,0.0,,0.0,0.0,0.0,0.0,0.0,0.0,11.7,0.0,0.0,0.0,133.0,,2026,2025-26
459.0,DaRon Holmes,23.0,DEN,PF,2.0,0.0,4.0,12.1,12.1,1.0,12.1,12.1,1.0,0.0,0.0,,1.5,0.0,0.0,,0.0,0.0,0.0,0.0,0.0,0.0,0.0,12.1,36.3,300.0,120.0,,2026,2025-26
460.0,Koby Brea,23.0,PHO,SG,1.0,0.0,4.0,12.1,24.2,0.5,0.0,12.1,0.0,12.1,12.1,1.0,0.5,24.2,24.2,1.0,0.0,0.0,0.0,12.1,0.0,0.0,0.0,0.0,48.5,164.0,125.0,,2026,2025-26
461.0,Pete Nance,25.0,MIL,PF,1.0,0.0,4.0,47.9,59.8,0.8,23.9,35.9,0.667,23.9,23.9,1.0,1.0,0.0,0.0,,0.0,12.0,12.0,0.0,0.0,0.0,0.0,0.0,119.6,207.0,119.0,,2026,2025-26
462.0,Myron Gardner,24.0,MIA,SF,1.0,0.0,3.0,15.2,15.2,1.0,15.2,15.2,1.0,0.0,0.0,,1.5,0.0,0.0,,0.0,15.2,15.2,15.2,0.0,0.0,0.0,30.3,45.5,279.0,112.0,,2026,2025-26
463.0,Kyle Lowry,39.0,PHI,PG,1.0,0.0,3.0,16.0,16.0,1.0,16.0,16.0,1.0,0.0,0.0,,1.5,0.0,0.0,,0.0,0.0,0.0,16.0,16.0,0.0,0.0,0.0,48.0,282.0,89.0,,2026,2025-26
464.0,Miles Kelly,23.0,DAL,PG,1.0,0.0,2.0,0.0,0.0,,0.0,0.0,,0.0,0.0,,,0.0,0.0,,0.0,0.0,0.0,0.0,0.0,0.0,23.4,23.4,0.0,0.0,120.0,,2026,2025-26
465.0,Orlando Robinson,25.0,ORL,C,1.0,0.0,2.0,0.0,0.0,,0.0,0.0,,0.0,0.0,,,0.0,0.0,,0.0,0.0,0.0,0.0,0.0,0.0,0.0,24.0,0.0,,121.0,,2026,2025-26
466.0,Jamal Cain,26.0,ORL,SF,1.0,0.0,0.0,,,,,,,,,,,,,,,,,,,,,,,,,,2026,2025-26
,League Average,,,,,,,,,0.468,,,0.359,,,0.546,0.543,,,0.792,,,,,,,,,,,,,2026,2025-26
