Rk,Player,Age,Team,Pos,G,GS,MP,PER,TS%,3PAr,FTr,ORB%,DRB%,TRB%,AST%,STL%,BLK%,TOV%,USG%,OWS,DWS,WS,WS/48,OBPM,DBPM,BPM,VORP,Awards,season_end_year,season
1.0,Devin Booker,29.0,PHO,SG,14.0,14.0,501.0,21.2,0.614,0.296,0.386,3.4,9.5,6.5,32.3,1.1,0.8,14.7,31.7,1.3,0.3,1.6,0.157,3.7,-2.1,1.7,0.5,,2026,2025-26
2.0,Franz Wagner,24.0,ORL,SF,14.0,14.0,501.0,19.0,0.587,0.304,0.457,5.9,13.4,9.8,17.7,1.5,1.0,9.5,25.7,1.0,0.6,1.6,0.156,2.4,-0.1,2.3,0.5,,2026,2025-26
3.0,Tyrese Maxey,25.0,PHI,PG,12.0,12.0,484.0,23.4,0.597,0.393,0.339,0.9,13.0,6.9,32.1,1.7,1.9,8.5,30.2,1.6,0.5,2.0,0.201,6.0,0.3,6.3,1.0,,2026,2025-26
4.0,Cooper Flagg,19.0,DAL,PG,14.0,14.0,478.0,12.6,0.526,0.293,0.234,3.6,16.8,10.3,14.9,1.9,1.9,13.4,20.9,-0.3,0.8,0.5,0.049,-2.8,0.7,-2.2,0.0,,2026,2025-26
5.0,DeMar DeRozan,36.0,SAC,PF,14.0,14.0,476.0,15.9,0.585,0.167,0.308,1.6,9.6,5.4,15.7,1.6,0.4,5.9,21.1,0.7,0.1,0.8,0.078,0.1,-1.3,-1.2,0.1,,2026,2025-26
6.0,Shai Gilgeous-Alexander,27.0,OKC,PG,14.0,14.0,470.0,32.9,0.652,0.282,0.429,1.2,14.6,8.2,35.9,2.0,2.9,6.2,34.2,2.5,1.1,3.6,0.366,9.8,3.4,13.2,1.8,,2026,2025-26
7.0,Lauri Markkanen,28.0,UTA,PF,13.0,13.0,470.0,23.0,0.621,0.45,0.329,6.7,11.5,9.1,10.7,1.2,1.5,5.3,29.2,1.5,0.2,1.7,0.173,6.8,-1.8,5.0,0.8,,2026,2025-26
8.0,Trey Murphy III,25.0,NOP,SF,13.0,13.0,465.0,17.3,0.598,0.518,0.241,4.8,17.8,10.7,15.2,1.9,0.5,11.1,22.0,0.7,0.1,0.8,0.087,2.1,-1.5,0.6,0.3,,2026,2025-26
9.0,Derrick White,31.0,BOS,SG,14.0,14.0,461.0,15.9,0.479,0.56,0.185,2.9,10.1,6.4,23.1,2.6,3.7,6.8,23.0,0.4,0.6,1.0,0.106,1.4,1.3,2.7,0.6,,2026,2025-26
10.0,Dyson Daniels,22.0,ATL,SG,14.0,14.0,459.0,12.2,0.499,0.115,0.186,5.6,13.1,9.5,23.2,3.3,1.2,19.2,13.9,0.1,0.8,0.8,0.088,-2.8,2.3,-0.5,0.2,,2026,2025-26
11.0,Desmond Bane,27.0,ORL,SG,14.0,14.0,455.0,12.1,0.539,0.344,0.226,3.8,10.7,7.3,21.5,0.6,0.9,13.3,22.9,0.2,0.4,0.6,0.062,-1.5,-1.0,-2.5,-0.1,,2026,2025-26
12.0,Miles Bridges,27.0,CHO,PF,13.0,13.0,455.0,17.6,0.573,0.529,0.278,3.1,19.2,11.3,17.9,0.7,1.0,7.1,24.7,1.0,0.2,1.2,0.122,2.7,-1.5,1.2,0.4,,2026,2025-26
13.0,Toumani Camara,25.0,POR,PF,13.0,13.0,450.0,9.4,0.522,0.597,0.146,5.7,11.2,8.3,11.3,1.5,1.2,14.5,15.8,0.1,0.2,0.3,0.031,-1.8,-1.1,-2.9,-0.1,,2026,2025-26
14.0,Rui Hachimura,27.0,LAL,PF,13.0,13.0,450.0,13.5,0.686,0.38,0.219,2.5,10.0,6.4,5.2,1.0,0.7,9.6,15.9,0.7,0.3,1.0,0.107,0.6,-1.5,-0.9,0.1,,2026,2025-26
15.0,Jaylen Brown,29.0,BOS,SF,14.0,14.0,449.0,21.8,0.587,0.271,0.282,3.0,16.2,9.4,22.9,1.2,1.1,12.1,35.1,0.7,0.5,1.2,0.123,3.9,-0.4,3.5,0.6,,2026,2025-26
16.0,VJ Edgecombe,20.0,PHI,SG,12.0,12.0,448.0,11.7,0.512,0.391,0.183,5.6,11.1,8.4,15.6,1.7,1.0,11.6,19.2,0.2,0.4,0.5,0.059,-1.6,-0.4,-2.0,0.0,,2026,2025-26
17.0,Payton Pritchard,28.0,BOS,PG,14.0,14.0,447.0,16.2,0.569,0.586,0.188,3.0,10.4,6.6,22.5,1.2,0.0,8.2,20.8,0.9,0.4,1.3,0.141,1.6,-0.6,1.0,0.3,,2026,2025-26
18.0,Keyonte George,22.0,UTA,PG,13.0,13.0,447.0,16.6,0.567,0.393,0.464,2.1,10.2,6.1,32.4,1.4,0.9,14.5,26.9,0.7,0.2,0.8,0.09,1.3,-1.6,-0.3,0.2,,2026,2025-26
19.0,Deni Avdija,25.0,POR,SF,13.0,13.0,443.0,20.2,0.635,0.398,0.466,4.0,18.0,10.5,22.0,0.7,2.2,15.0,28.0,1.0,0.3,1.3,0.143,4.0,-0.7,3.3,0.6,,2026,2025-26
20.0,Evan Mobley,24.0,CLE,PF,13.0,13.0,443.0,18.4,0.557,0.337,0.411,8.3,20.9,14.2,18.1,1.8,4.4,12.5,23.3,0.5,0.7,1.1,0.124,1.6,1.1,2.7,0.5,,2026,2025-26
21.0,Alperen Şengün,23.0,HOU,C,12.0,12.0,442.0,22.5,0.573,0.188,0.436,10.0,21.0,15.7,29.1,1.7,2.6,14.2,26.2,1.2,0.6,1.9,0.205,5.0,1.3,6.3,0.9,,2026,2025-26
22.0,Julius Randle,31.0,MIN,PF,13.0,13.0,437.0,25.6,0.66,0.303,0.427,5.1,18.7,12.2,29.0,1.9,0.6,11.9,27.7,1.7,0.5,2.2,0.243,6.2,0.9,7.0,1.0,,2026,2025-26
23.0,Ryan Rollins,23.0,MIL,PG,14.0,13.0,436.0,17.8,0.636,0.405,0.173,2.9,10.6,6.8,24.6,2.6,0.6,15.1,21.8,0.8,0.4,1.1,0.126,1.2,-0.1,1.1,0.3,,2026,2025-26
24.0,Kevin Durant,37.0,HOU,SF,12.0,12.0,433.0,19.8,0.634,0.267,0.432,1.1,13.0,7.2,14.2,1.4,1.8,12.8,26.7,1.2,0.4,1.6,0.18,2.6,-0.5,2.1,0.4,,2026,2025-26
25.0,James Harden,36.0,LAC,PG,12.0,12.0,433.0,23.9,0.645,0.559,0.45,1.9,18.0,10.2,41.4,1.3,1.1,16.0,29.5,1.4,0.2,1.6,0.181,6.4,-0.8,5.6,0.8,,2026,2025-26
26.0,Jimmy Butler,36.0,GSW,SF,14.0,14.0,431.0,23.8,0.666,0.205,0.66,7.9,11.8,9.8,24.9,2.6,0.9,9.9,21.9,1.8,0.6,2.3,0.259,4.9,1.2,6.1,0.9,,2026,2025-26
27.0,Brandon Ingram,28.0,TOR,SF,13.0,13.0,431.0,16.3,0.583,0.274,0.299,2.1,17.6,10.0,16.8,1.3,1.8,12.3,25.3,0.3,0.5,0.8,0.092,0.0,-0.4,-0.4,0.2,,2026,2025-26
28.0,Devin Vassell,25.0,SAS,SG,13.0,13.0,430.0,10.2,0.529,0.588,0.144,1.4,10.5,6.2,9.8,1.6,0.4,8.1,18.3,0.1,0.5,0.6,0.071,-2.3,-0.5,-2.8,-0.1,,2026,2025-26
29.0,Max Christie,22.0,DAL,SG,14.0,11.0,428.0,12.5,0.64,0.638,0.185,0.2,11.8,6.1,13.4,0.9,1.5,9.6,15.2,0.5,0.5,1.0,0.109,-0.2,0.3,0.0,0.2,,2026,2025-26
30.0,Andrew Wiggins,30.0,MIA,SF,13.0,13.0,428.0,14.3,0.593,0.373,0.198,5.4,9.7,7.7,11.9,1.6,2.6,13.1,21.1,0.2,0.4,0.6,0.067,0.1,0.0,0.0,0.2,,2026,2025-26
31.0,Brandin Podziemski,22.0,GSW,SG,15.0,7.0,426.0,13.1,0.576,0.51,0.196,1.6,16.8,9.0,16.7,2.1,1.1,10.9,17.3,0.3,0.6,0.9,0.103,-1.4,0.8,-0.6,0.2,,2026,2025-26
32.0,Dennis Schröder,32.0,SAC,PG,14.0,12.0,426.0,11.4,0.496,0.395,0.16,1.0,12.9,6.7,27.4,1.7,0.7,13.5,19.8,-0.2,0.1,-0.1,-0.006,-1.8,-1.3,-3.2,-0.1,,2026,2025-26
33.0,Amen Thompson,23.0,HOU,SF,12.0,12.0,426.0,16.1,0.534,0.171,0.318,7.3,11.7,9.6,20.1,1.7,1.4,12.2,21.3,0.7,0.4,1.2,0.13,0.4,-0.4,0.1,0.2,,2026,2025-26
34.0,Kon Knueppel,20.0,CHO,SF,13.0,12.0,424.0,13.3,0.609,0.604,0.189,2.2,18.2,10.4,13.1,1.0,0.6,14.9,21.1,0.3,0.2,0.5,0.056,0.1,-1.5,-1.4,0.1,,2026,2025-26
35.0,Scottie Barnes,24.0,TOR,PF,13.0,13.0,422.0,21.5,0.592,0.262,0.246,6.4,20.0,13.4,23.4,2.1,5.2,10.4,24.1,0.8,0.7,1.6,0.177,3.1,2.4,5.4,0.8,,2026,2025-26
36.0,Pascal Siakam,31.0,IND,PF,12.0,12.0,420.0,18.2,0.538,0.263,0.414,4.7,17.2,10.4,27.5,1.6,0.9,9.6,29.2,0.3,0.3,0.6,0.068,2.5,-0.7,1.8,0.4,,2026,2025-26
37.0,Wendell Carter Jr.,26.0,ORL,C,14.0,14.0,419.0,14.2,0.657,0.364,0.464,11.5,15.7,13.7,8.8,1.0,2.6,18.5,16.4,0.6,0.5,1.1,0.131,-0.8,0.4,-0.5,0.2,,2026,2025-26
38.0,Duncan Robinson,31.0,DET,SF,13.0,13.0,418.0,11.1,0.636,0.756,0.176,1.3,8.1,4.7,7.2,1.1,1.2,5.9,13.3,0.7,0.4,1.1,0.129,-0.4,0.0,-0.4,0.2,,2026,2025-26
39.0,Kelly Oubre Jr.,30.0,PHI,SF,12.0,12.0,418.0,13.7,0.606,0.45,0.255,3.7,12.4,8.0,5.5,1.5,2.2,9.8,18.3,0.5,0.4,0.8,0.096,-0.6,-0.3,-0.9,0.1,,2026,2025-26
40.0,Grayson Allen,30.0,PHO,SG,13.0,13.0,417.0,17.8,0.638,0.659,0.197,1.6,9.2,5.4,19.6,2.4,0.9,10.9,21.2,1.0,0.4,1.4,0.159,2.9,-0.1,2.8,0.5,,2026,2025-26
41.0,Mikal Bridges,29.0,NYK,SF,12.0,12.0,417.0,18.1,0.612,0.5,0.139,3.7,11.0,7.1,19.4,2.8,2.8,6.7,16.1,1.1,0.5,1.6,0.186,2.8,2.2,5.0,0.7,,2026,2025-26
42.0,Stephon Castle,21.0,SAS,PG,13.0,13.0,416.0,17.4,0.585,0.323,0.548,5.8,14.8,10.5,33.7,2.6,1.2,21.3,24.9,0.4,0.7,1.1,0.127,-0.2,0.8,0.6,0.3,,2026,2025-26
43.0,Victor Wembanyama,22.0,SAS,C,12.0,12.0,416.0,25.6,0.609,0.262,0.38,7.0,34.6,21.5,18.7,1.5,9.9,14.3,30.7,0.7,1.1,1.8,0.204,2.7,3.5,6.2,0.9,,2026,2025-26
44.0,Royce O'Neale,32.0,PHO,SF,14.0,10.0,413.0,13.1,0.626,0.817,0.048,4.1,17.0,10.6,14.0,2.0,0.5,14.0,15.1,0.5,0.5,1.0,0.117,0.9,0.0,0.9,0.3,,2026,2025-26
45.0,Myles Turner,29.0,MIL,C,14.0,14.0,412.0,14.3,0.579,0.582,0.216,4.7,18.7,11.8,8.3,1.9,5.5,11.5,17.4,0.2,0.5,0.7,0.086,-0.5,0.5,0.0,0.2,,2026,2025-26
46.0,Jaden McDaniels,25.0,MIN,PF,13.0,13.0,412.0,16.7,0.644,0.268,0.201,4.0,11.6,8.0,10.7,1.4,3.8,11.9,20.9,0.7,0.4,1.1,0.125,0.3,0.2,0.6,0.3,,2026,2025-26
47.0,Zach LaVine,30.0,SAC,SG,12.0,12.0,412.0,16.3,0.657,0.489,0.283,0.5,11.3,5.7,10.3,0.8,0.4,10.4,23.6,0.6,0.0,0.6,0.069,2.0,-2.4,-0.4,0.2,,2026,2025-26
48.0,Onyeka Okongwu,25.0,ATL,C,14.0,5.0,411.0,17.7,0.633,0.411,0.344,6.8,21.7,14.5,12.2,1.5,3.4,11.2,20.1,0.7,0.7,1.4,0.16,0.3,0.6,0.9,0.3,,2026,2025-26
49.0,Rudy Gobert,33.0,MIN,C,13.0,13.0,410.0,15.2,0.725,0.0,0.513,10.5,22.8,17.0,5.5,0.7,5.3,19.1,11.9,0.6,0.6,1.2,0.138,-1.2,0.6,-0.6,0.1,,2026,2025-26
50.0,Nikola Jokić,30.0,DEN,C,12.0,12.0,410.0,38.3,0.769,0.281,0.375,10.5,30.3,21.1,52.4,2.6,2.1,14.8,27.1,2.9,0.9,3.8,0.449,13.4,6.8,20.2,2.3,,2026,2025-26
51.0,RJ Barrett,25.0,TOR,SF,13.0,13.0,409.0,17.2,0.598,0.376,0.29,3.0,14.6,8.9,18.4,1.3,0.9,9.1,23.8,0.6,0.4,1.1,0.126,1.5,-0.6,1.0,0.3,,2026,2025-26
52.0,Immanuel Quickley,26.0,TOR,PG,13.0,13.0,408.0,16.4,0.589,0.513,0.263,2.2,12.7,7.6,26.7,1.9,0.0,11.2,20.2,0.7,0.4,1.1,0.135,1.6,0.0,1.6,0.4,,2026,2025-26
53.0,Ivica Zubac,28.0,LAC,C,13.0,13.0,407.0,20.2,0.654,0.0,0.28,12.4,26.6,19.7,12.0,0.9,3.4,15.3,20.6,0.8,0.3,1.1,0.134,0.9,-1.0,-0.1,0.2,,2026,2025-26
54.0,Donovan Mitchell,29.0,CLE,SG,12.0,12.0,407.0,24.6,0.646,0.519,0.37,2.3,12.9,7.3,27.6,2.1,1.4,12.4,32.0,1.2,0.5,1.6,0.192,7.1,0.5,7.6,1.0,,2026,2025-26
55.0,Cade Cunningham,24.0,DET,PG,11.0,11.0,407.0,20.7,0.538,0.3,0.354,3.1,12.2,7.7,42.4,1.8,2.2,12.5,32.1,0.7,0.6,1.3,0.149,3.9,0.3,4.3,0.6,,2026,2025-26
56.0,P.J. Washington,27.0,DAL,PF,13.0,13.0,405.0,12.3,0.535,0.354,0.373,3.9,21.1,12.7,11.7,1.4,3.1,16.4,22.7,-0.5,0.7,0.2,0.025,-3.1,0.4,-2.7,-0.1,,2026,2025-26
57.0,Jake LaRavia,24.0,LAL,PF,14.0,6.0,403.0,12.3,0.573,0.413,0.33,5.9,12.3,9.3,11.2,2.5,1.0,12.6,15.3,0.3,0.5,0.8,0.093,-1.4,0.4,-1.0,0.1,,2026,2025-26
58.0,Jaren Jackson Jr.,26.0,MEM,C,14.0,14.0,402.0,14.1,0.592,0.335,0.363,3.4,16.1,9.6,8.1,0.8,4.4,12.1,24.7,0.1,0.4,0.4,0.052,-1.7,-0.1,-1.8,0.0,,2026,2025-26
59.0,Isaiah Hartenstein,27.0,OKC,C,14.0,14.0,401.0,21.2,0.698,0.027,0.292,13.5,28.2,21.2,15.6,2.2,2.1,19.0,17.0,1.0,1.1,2.1,0.25,1.1,2.3,3.5,0.6,,2026,2025-26
60.0,Giannis Antetokounmpo,31.0,MIL,PF,12.0,12.0,401.0,34.8,0.663,0.076,0.542,13.1,24.7,19.0,39.8,1.3,3.4,12.5,36.4,1.9,0.5,2.4,0.29,9.3,2.0,11.3,1.3,,2026,2025-26
61.0,Jrue Holiday,35.0,POR,PG,12.0,12.0,401.0,17.0,0.565,0.512,0.151,4.1,13.7,8.6,35.5,2.2,0.7,16.5,20.9,0.6,0.3,0.9,0.11,2.7,-0.4,2.3,0.4,,2026,2025-26
62.0,Russell Westbrook,37.0,SAC,SF,14.0,8.0,399.0,15.5,0.552,0.454,0.264,6.5,20.2,13.1,32.9,1.6,0.5,19.8,24.0,0.0,0.2,0.2,0.021,1.8,-0.8,0.9,0.3,,2026,2025-26
63.0,Donte DiVincenzo,29.0,MIN,SG,13.0,13.0,399.0,14.4,0.611,0.754,0.269,3.5,10.1,7.0,15.2,1.7,1.4,11.3,18.0,0.7,0.3,1.0,0.122,1.2,-0.1,1.1,0.3,,2026,2025-26
64.0,Austin Reaves,27.0,LAL,SG,11.0,11.0,399.0,24.4,0.639,0.462,0.533,2.2,13.8,8.3,36.1,1.8,0.2,13.2,30.2,1.4,0.4,1.8,0.212,5.4,-0.3,5.1,0.7,,2026,2025-26
65.0,Davion Mitchell,27.0,MIA,PG,13.0,13.0,398.0,12.8,0.573,0.371,0.181,1.7,7.5,4.8,30.9,2.2,0.2,16.3,13.9,0.6,0.3,0.9,0.108,-1.2,0.9,-0.3,0.2,,2026,2025-26
66.0,Herbert Jones,27.0,NOP,SF,13.0,13.0,397.0,8.8,0.531,0.513,0.165,3.1,10.7,6.5,11.5,2.2,0.8,14.5,15.3,-0.1,0.1,0.0,0.0,-3.8,-1.0,-4.8,-0.3,,2026,2025-26
67.0,Karl-Anthony Towns,30.0,NYK,C,12.0,12.0,397.0,21.3,0.583,0.365,0.418,9.5,33.5,20.6,14.7,1.5,2.9,11.8,26.2,0.9,0.6,1.5,0.177,1.9,0.3,2.2,0.4,,2026,2025-26
68.0,Ajay Mitchell,23.0,OKC,SG,14.0,5.0,396.0,18.2,0.563,0.285,0.269,3.1,11.8,7.7,20.4,3.1,1.0,10.7,25.4,0.4,0.9,1.4,0.166,-0.1,1.9,1.8,0.4,,2026,2025-26
69.0,Deandre Ayton,27.0,LAL,C,13.0,13.0,395.0,17.6,0.693,0.0,0.147,11.7,20.5,16.3,5.0,1.1,3.0,18.7,20.4,0.4,0.5,0.9,0.106,-1.3,-1.2,-2.5,0.0,,2026,2025-26
70.0,Jalen Johnson,24.0,ATL,SF,12.0,12.0,395.0,23.5,0.662,0.198,0.331,4.3,26.6,15.8,30.5,2.5,0.7,15.4,24.9,0.9,0.8,1.7,0.205,3.6,2.1,5.7,0.8,,2026,2025-26
71.0,Draymond Green,35.0,GSW,PF,14.0,14.0,394.0,7.7,0.489,0.578,0.167,3.6,19.9,11.6,28.3,1.3,2.3,29.1,16.6,-0.5,0.5,0.1,0.009,-4.2,1.3,-2.9,-0.1,,2026,2025-26
72.0,Paolo Banchero,23.0,ORL,PF,12.0,12.0,393.0,19.1,0.573,0.247,0.624,3.2,25.6,14.7,20.4,1.1,2.4,12.4,27.8,0.5,0.6,1.1,0.132,1.4,1.0,2.4,0.4,,2026,2025-26
73.0,Jaime Jaquez Jr.,24.0,MIA,SF,13.0,0.0,392.0,18.5,0.589,0.148,0.32,4.8,19.2,12.4,24.5,1.0,0.9,10.2,22.4,0.7,0.4,1.2,0.144,1.5,0.8,2.2,0.4,,2026,2025-26
74.0,Michael Porter Jr.,27.0,BRK,SF,12.0,12.0,390.0,19.8,0.598,0.486,0.248,3.5,25.7,13.8,19.5,1.0,0.5,10.4,29.4,0.5,0.1,0.6,0.076,3.9,-1.8,2.1,0.4,,2026,2025-26
75.0,Harrison Barnes,33.0,SAS,PF,13.0,13.0,386.0,13.5,0.74,0.688,0.24,2.5,8.0,5.4,9.3,1.8,1.0,15.2,13.7,0.7,0.4,1.2,0.144,0.9,0.4,1.2,0.3,,2026,2025-26
76.0,Gary Trent Jr.,27.0,MIL,SG,14.0,12.0,384.0,9.3,0.538,0.699,0.146,0.3,6.0,3.2,10.0,1.9,0.2,6.4,15.8,0.1,0.2,0.3,0.039,-2.8,-1.1,-3.9,-0.2,,2026,2025-26
77.0,CJ McCollum,34.0,WAS,SG,13.0,13.0,384.0,12.9,0.532,0.5,0.244,2.4,8.8,5.6,16.8,1.2,0.7,8.7,23.6,0.1,-0.1,0.0,0.004,-0.6,-3.1,-3.7,-0.2,,2026,2025-26
78.0,A.J. Green,26.0,MIL,SG,14.0,14.0,382.0,10.8,0.723,0.927,0.198,0.3,9.5,5.0,8.0,0.6,0.2,9.5,13.1,0.7,0.1,0.8,0.098,-0.6,-1.7,-2.3,0.0,,2026,2025-26
79.0,Nic Claxton,26.0,BRK,C,13.0,13.0,382.0,22.0,0.648,0.049,0.537,10.3,17.5,13.6,22.5,1.4,4.3,10.1,18.8,1.2,0.1,1.4,0.171,2.9,0.6,3.5,0.5,,2026,2025-26
80.0,Nikola Vučević,35.0,CHI,C,12.0,12.0,380.0,17.5,0.6,0.344,0.162,7.4,25.6,17.0,16.2,1.0,1.3,11.3,20.4,0.5,0.4,0.9,0.117,1.5,-0.3,1.2,0.3,,2026,2025-26
81.0,Jarace Walker,22.0,IND,PF,13.0,8.0,379.0,5.5,0.408,0.476,0.231,2.2,18.1,9.5,16.3,0.9,1.7,15.2,20.4,-0.9,0.2,-0.7,-0.086,-5.4,-1.7,-7.1,-0.5,,2026,2025-26
82.0,Cason Wallace,22.0,OKC,SG,13.0,13.0,378.0,11.8,0.55,0.573,0.115,3.3,8.2,5.9,12.3,3.8,1.1,12.2,13.1,0.2,0.9,1.1,0.144,-2.5,3.6,1.1,0.3,,2026,2025-26
83.0,Alex Sarr,20.0,WAS,C,13.0,13.0,377.0,21.1,0.578,0.212,0.201,8.5,20.4,14.5,21.1,1.1,6.4,13.1,26.1,0.3,0.2,0.5,0.068,2.2,-0.2,2.1,0.4,,2026,2025-26
84.0,Cedric Coward,22.0,MEM,SG,14.0,1.0,374.0,17.9,0.628,0.463,0.373,6.4,17.9,12.0,17.9,1.5,1.5,9.8,19.1,0.8,0.4,1.1,0.147,2.4,0.5,2.9,0.5,,2026,2025-26
85.0,Jamal Murray,28.0,DEN,PG,11.0,11.0,374.0,19.6,0.574,0.38,0.234,2.2,13.6,8.3,26.8,1.9,0.8,10.9,26.9,0.7,0.6,1.3,0.161,2.6,-0.2,2.4,0.4,,2026,2025-26
86.0,OG Anunoby,28.0,NYK,PF,12.0,12.0,373.0,16.3,0.601,0.537,0.17,5.2,15.1,9.8,9.8,3.0,2.3,12.2,19.7,0.4,0.5,0.9,0.121,1.1,1.1,2.2,0.4,,2026,2025-26
87.0,Jalen Brunson,29.0,NYK,PG,11.0,11.0,373.0,21.4,0.59,0.367,0.319,1.4,10.7,5.7,31.7,1.2,0.0,10.3,31.9,1.0,0.2,1.3,0.164,4.4,-1.2,3.2,0.5,,2026,2025-26
88.0,Kyshawn George,22.0,WAS,SF,12.0,12.0,372.0,14.7,0.631,0.473,0.233,2.0,18.2,10.1,22.6,1.4,2.5,19.5,22.3,0.1,0.1,0.3,0.033,-0.2,-0.7,-0.9,0.1,,2026,2025-26
89.0,Naji Marshall,28.0,DAL,SF,14.0,1.0,371.0,14.7,0.601,0.352,0.546,3.4,15.8,9.7,13.7,2.3,0.0,8.8,16.6,0.6,0.6,1.1,0.144,-1.4,1.4,0.0,0.2,,2026,2025-26
90.0,Quentin Grimes,25.0,PHI,SG,12.0,0.0,371.0,14.5,0.628,0.548,0.393,1.5,12.8,7.1,20.5,1.4,1.5,19.4,22.0,0.3,0.3,0.7,0.085,0.2,-0.4,-0.2,0.2,,2026,2025-26
91.0,Luka Dončić,26.0,LAL,PG,10.0,10.0,371.0,29.2,0.615,0.487,0.54,3.0,24.3,14.2,41.5,2.2,1.6,11.7,36.7,1.3,0.5,1.9,0.24,8.7,1.6,10.3,1.2,,2026,2025-26
92.0,Anthony Black,22.0,ORL,PG,14.0,3.0,370.0,10.6,0.555,0.398,0.309,2.2,10.2,6.3,13.8,2.1,2.3,17.7,19.4,-0.2,0.5,0.3,0.041,-3.1,0.9,-2.2,0.0,,2026,2025-26
93.0,Shaedon Sharpe,22.0,POR,SG,13.0,13.0,370.0,16.6,0.535,0.382,0.29,5.3,15.5,10.1,11.7,2.4,0.7,12.1,32.7,-0.1,0.3,0.3,0.033,0.3,-1.7,-1.4,0.1,,2026,2025-26
94.0,Stephen Curry,37.0,GSW,PG,12.0,12.0,367.0,23.0,0.633,0.59,0.33,0.9,12.9,6.8,22.6,2.2,1.3,11.0,33.7,0.8,0.5,1.2,0.162,5.5,-0.2,5.3,0.7,,2026,2025-26
95.0,Nickeil Alexander-Walker,27.0,ATL,SG,12.0,9.0,365.0,14.4,0.574,0.441,0.36,2.5,7.5,5.1,16.6,1.7,2.8,14.3,25.1,0.1,0.4,0.5,0.061,-0.3,-0.8,-1.1,0.1,,2026,2025-26
96.0,Domantas Sabonis,29.0,SAC,C,11.0,11.0,365.0,17.3,0.564,0.138,0.352,11.0,31.3,20.8,17.0,1.7,0.5,14.3,22.6,0.3,0.3,0.5,0.069,-0.3,-0.7,-1.1,0.1,,2026,2025-26
97.0,Jabari Smith Jr.,22.0,HOU,PF,11.0,11.0,363.0,13.6,0.571,0.457,0.178,4.2,17.0,10.8,6.6,1.2,2.4,7.3,17.0,0.6,0.4,1.0,0.136,-0.1,-0.4,-0.6,0.1,,2026,2025-26
98.0,Jerami Grant,31.0,POR,PF,13.0,1.0,362.0,17.3,0.633,0.444,0.556,3.1,9.1,5.9,12.1,1.5,1.2,10.0,22.8,0.9,0.2,1.1,0.148,2.0,-0.7,1.3,0.3,,2026,2025-26
99.0,Jonathan Kuminga,23.0,GSW,PF,13.0,12.0,360.0,12.8,0.57,0.272,0.353,6.4,20.8,13.5,16.2,0.7,1.0,18.2,22.6,0.0,0.4,0.4,0.049,-2.5,-1.4,-3.9,-0.2,,2026,2025-26
100.0,Santi Aldama,25.0,MEM,PF,14.0,0.0,358.0,15.6,0.541,0.43,0.221,6.4,22.3,14.2,16.1,2.0,2.1,9.9,21.0,0.1,0.4,0.5,0.069,0.4,0.6,1.0,0.3,,2026,2025-26
101.0,Saddiq Bey,26.0,NOP,SF,13.0,7.0,358.0,14.5,0.556,0.526,0.203,6.5,13.2,9.6,11.3,1.4,0.0,5.8,18.1,0.5,0.0,0.5,0.066,1.6,-2.5,-0.9,0.1,,2026,2025-26
102.0,Julian Champagnie,24.0,SAS,SF,13.0,8.0,357.0,11.0,0.595,0.766,0.309,3.4,15.4,9.7,5.8,2.0,1.1,13.7,14.7,0.2,0.5,0.7,0.094,-1.0,0.3,-0.7,0.1,,2026,2025-26
103.0,Jaylen Wells,22.0,MEM,SG,14.0,14.0,354.0,7.2,0.464,0.552,0.157,5.0,10.0,7.5,9.0,1.1,0.0,7.7,18.1,-0.3,0.2,-0.1,-0.018,-4.2,-1.9,-6.2,-0.4,,2026,2025-26
104.0,Svi Mykhailiuk,28.0,UTA,SF,13.0,13.0,353.0,10.4,0.611,0.714,0.061,3.0,7.1,5.0,11.0,0.9,0.8,8.2,12.6,0.4,0.1,0.5,0.065,-0.6,-1.0,-1.6,0.0,,2026,2025-26
105.0,Terance Mann,29.0,BRK,SG,13.0,13.0,352.0,12.6,0.585,0.396,0.208,6.0,7.0,6.5,17.8,1.5,0.8,9.1,14.6,0.6,0.0,0.6,0.076,-1.1,-1.1,-2.2,0.0,,2026,2025-26
106.0,Bub Carrington,20.0,WAS,PG,13.0,5.0,349.0,5.1,0.455,0.459,0.165,0.9,14.4,7.7,21.2,1.2,0.5,26.0,14.6,-0.6,0.0,-0.6,-0.079,-5.7,-2.1,-7.8,-0.5,,2026,2025-26
107.0,Sion James,23.0,CHO,SG,13.0,8.0,349.0,9.9,0.66,0.569,0.264,1.7,10.9,6.4,7.3,1.4,1.0,13.0,11.0,0.4,0.1,0.5,0.07,-2.0,-0.3,-2.3,0.0,,2026,2025-26
108.0,Matas Buzelis,21.0,CHI,PF,12.0,12.0,349.0,13.4,0.605,0.404,0.243,4.5,16.0,10.5,5.7,1.3,3.1,13.8,20.9,0.1,0.3,0.4,0.06,-2.1,-0.8,-2.9,-0.1,,2026,2025-26
109.0,Josh Giddey,23.0,CHI,PG,10.0,10.0,349.0,20.7,0.558,0.271,0.353,4.5,24.7,15.1,41.9,1.5,1.2,15.9,27.9,0.5,0.4,0.9,0.119,3.0,0.6,3.6,0.5,,2026,2025-26
110.0,Ja Morant,26.0,MEM,PG,12.0,12.0,345.0,12.6,0.477,0.308,0.354,1.8,11.2,6.4,44.2,1.6,0.3,16.6,32.4,-0.6,0.2,-0.3,-0.043,-2.6,-2.6,-5.2,-0.3,,2026,2025-26
111.0,Neemias Queta,26.0,BOS,C,14.0,14.0,344.0,18.9,0.62,0.032,0.29,13.3,22.5,17.8,9.8,1.6,5.6,11.0,14.5,0.8,0.6,1.4,0.189,-0.4,1.3,1.0,0.3,,2026,2025-26
112.0,Jeremiah Fears,19.0,NOP,PG,13.0,11.0,344.0,13.5,0.521,0.257,0.21,3.2,10.2,6.4,18.8,3.4,0.3,15.3,26.4,-0.3,0.1,-0.2,-0.023,-2.7,-1.0,-3.7,-0.2,,2026,2025-26
113.0,Jock Landale,30.0,MEM,C,14.0,13.0,342.0,14.1,0.636,0.34,0.223,9.4,14.2,11.8,11.0,1.2,1.7,12.4,15.6,0.5,0.3,0.7,0.104,-0.4,-0.2,-0.6,0.1,,2026,2025-26
114.0,Anfernee Simons,26.0,BOS,SG,14.0,0.0,342.0,12.5,0.547,0.589,0.123,1.5,7.7,4.5,14.0,0.9,0.9,9.0,23.4,0.3,0.2,0.5,0.071,0.0,-1.4,-1.4,0.1,,2026,2025-26
115.0,Kyle Kuzma,30.0,MIL,PF,13.0,4.0,338.0,14.8,0.598,0.333,0.318,2.7,16.0,9.4,9.1,1.4,2.2,10.4,21.0,0.3,0.3,0.6,0.082,-1.9,-1.1,-3.0,-0.1,,2026,2025-26
116.0,Collin Gillespie,26.0,PHO,PG,14.0,0.0,337.0,15.5,0.537,0.68,0.139,5.1,14.4,9.8,28.5,2.0,1.7,13.4,18.5,0.5,0.4,0.9,0.129,2.1,0.0,2.1,0.3,,2026,2025-26
117.0,Aaron Nesmith,26.0,IND,SF,11.0,11.0,335.0,12.1,0.518,0.565,0.265,4.8,10.8,7.5,8.2,1.3,0.8,4.6,20.8,0.2,0.2,0.4,0.051,-0.4,-1.9,-2.3,0.0,,2026,2025-26
118.0,Ryan Dunn,23.0,PHO,SF,14.0,9.0,334.0,13.9,0.562,0.431,0.127,9.9,14.2,12.1,10.2,2.2,2.8,11.5,15.2,0.4,0.4,0.8,0.114,-0.7,0.2,-0.5,0.1,,2026,2025-26
119.0,Kris Dunn,31.0,LAC,PG,13.0,7.0,333.0,9.8,0.567,0.413,0.24,4.0,7.5,5.8,12.3,3.0,1.2,18.6,13.6,0.0,0.2,0.2,0.035,-4.0,0.5,-3.5,-0.1,,2026,2025-26
120.0,Aaron Gordon,30.0,DEN,PF,11.0,11.0,333.0,20.5,0.69,0.422,0.4,5.0,15.9,10.8,7.2,1.5,0.8,9.7,22.4,1.0,0.5,1.5,0.211,4.0,-0.6,3.4,0.4,,2026,2025-26
121.0,Tre Jones,26.0,CHI,PG,11.0,11.0,329.0,17.4,0.609,0.175,0.536,3.1,10.8,7.1,24.6,3.3,0.5,13.1,17.5,0.7,0.4,1.0,0.153,-0.3,1.8,1.5,0.3,,2026,2025-26
122.0,John Collins,28.0,LAC,PF,13.0,4.0,328.0,12.8,0.589,0.298,0.215,6.6,14.4,10.6,4.4,1.8,2.1,16.4,21.4,-0.1,0.2,0.1,0.015,-2.7,-1.8,-4.5,-0.2,,2026,2025-26
123.0,Kentavious Caldwell-Pope,32.0,MEM,SG,14.0,13.0,327.0,9.2,0.49,0.465,0.277,1.6,10.2,5.8,19.1,1.6,1.2,12.4,16.4,-0.1,0.2,0.1,0.018,-3.4,-0.2,-3.6,-0.1,,2026,2025-26
124.0,Tre Johnson,19.0,WAS,SG,13.0,4.0,327.0,9.1,0.539,0.508,0.106,2.2,11.0,6.6,8.1,0.6,1.6,12.6,20.1,-0.2,-0.1,-0.3,-0.047,-2.5,-3.4,-6.0,-0.3,,2026,2025-26
125.0,Donovan Clingan,21.0,POR,C,13.0,13.0,326.0,17.1,0.558,0.417,0.167,18.4,21.2,19.7,6.2,1.3,4.9,8.0,13.6,0.7,0.3,1.0,0.149,0.4,-1.1,-0.7,0.1,,2026,2025-26
126.0,Noah Clowney,21.0,BRK,PF,13.0,7.0,326.0,8.7,0.524,0.755,0.449,3.2,15.6,8.9,10.3,1.2,1.4,15.2,18.0,-0.2,0.0,-0.1,-0.019,-2.9,-2.0,-4.9,-0.2,,2026,2025-26
127.0,Ben Sheppard,24.0,IND,SG,13.0,5.0,326.0,5.2,0.41,0.551,0.133,3.2,16.6,9.3,9.4,0.9,0.6,8.0,14.0,-0.3,0.2,-0.2,-0.025,-5.9,-1.2,-7.1,-0.4,,2026,2025-26
128.0,Christian Braun,24.0,DEN,SG,11.0,11.0,325.0,12.7,0.569,0.289,0.299,6.6,9.6,8.2,13.1,1.3,0.9,11.3,16.1,0.4,0.4,0.8,0.122,-1.2,-0.5,-1.6,0.0,,2026,2025-26
129.0,Tristan Da Silva,24.0,ORL,SF,14.0,2.0,324.0,15.9,0.629,0.58,0.202,4.6,13.7,9.3,6.7,1.9,0.8,8.5,18.4,0.5,0.4,0.9,0.136,2.2,0.5,2.7,0.4,,2026,2025-26
130.0,Derrick Jones Jr.,28.0,LAC,SF,13.0,13.0,324.0,14.8,0.652,0.5,0.304,4.1,7.0,5.6,6.5,1.7,4.6,8.7,15.6,0.5,0.1,0.7,0.103,0.5,-0.4,0.2,0.2,,2026,2025-26
131.0,Marcus Smart,31.0,LAL,SG,11.0,9.0,321.0,10.3,0.554,0.598,0.368,2.3,7.0,4.8,15.3,3.6,0.6,20.5,17.0,-0.1,0.4,0.3,0.049,-3.7,1.1,-2.6,-0.1,,2026,2025-26
132.0,De'Andre Hunter,28.0,CLE,SF,11.0,11.0,320.0,15.2,0.564,0.487,0.318,2.2,16.1,8.8,16.0,1.2,0.9,9.3,24.4,0.4,0.3,0.7,0.102,0.4,-0.5,-0.1,0.2,,2026,2025-26
133.0,Kevin Huerter,27.0,CHI,SF,12.0,3.0,319.0,15.5,0.597,0.441,0.228,3.2,13.3,8.5,15.9,1.8,3.1,12.5,20.9,0.3,0.3,0.6,0.092,0.1,0.4,0.6,0.2,,2026,2025-26
134.0,Jalen Duren,22.0,DET,C,11.0,11.0,319.0,26.4,0.705,0.0,0.613,16.5,27.2,21.9,8.7,1.8,4.0,15.2,22.7,1.1,0.7,1.7,0.262,3.4,0.6,4.0,0.5,,2026,2025-26
135.0,Ryan Kalkbrenner,24.0,CHO,C,12.0,12.0,318.0,19.3,0.83,0.015,0.258,15.1,14.5,14.8,2.3,1.8,7.5,21.4,12.2,0.7,0.4,1.0,0.154,0.3,0.9,1.2,0.3,,2026,2025-26
136.0,Naz Reid,26.0,MIN,C,13.0,0.0,316.0,14.2,0.542,0.531,0.146,5.9,19.2,12.8,11.9,2.0,3.5,11.5,21.0,0.1,0.4,0.5,0.08,-1.0,0.5,-0.5,0.1,,2026,2025-26
137.0,Moses Moody,23.0,GSW,SG,13.0,5.0,315.0,15.4,0.64,0.717,0.258,2.1,11.0,6.4,9.3,1.8,3.2,10.1,20.0,0.4,0.4,0.8,0.124,1.5,-0.1,1.4,0.3,,2026,2025-26
138.0,Jusuf Nurkić,31.0,UTA,C,13.0,8.0,314.0,11.5,0.433,0.255,0.351,9.7,32.8,21.1,21.0,3.5,1.9,24.4,18.5,-0.5,0.5,0.0,0.0,-4.8,2.1,-2.8,-0.1,,2026,2025-26
139.0,Collin Sexton,27.0,CHO,SG,12.0,9.0,314.0,15.0,0.622,0.352,0.432,1.1,8.9,5.1,29.2,1.4,0.0,19.5,24.5,0.4,0.1,0.5,0.074,-0.4,-2.2,-2.6,-0.1,,2026,2025-26
140.0,Norman Powell,32.0,MIA,SG,10.0,10.0,313.0,21.1,0.665,0.445,0.445,1.1,11.7,6.7,11.2,1.7,0.6,10.1,28.5,0.8,0.3,1.0,0.161,4.3,-0.3,3.9,0.5,,2026,2025-26
141.0,Kel'el Ware,21.0,MIA,C,13.0,10.0,312.0,18.2,0.61,0.333,0.229,11.9,26.6,19.7,3.8,1.9,5.3,10.1,16.8,0.4,0.6,1.0,0.157,0.5,0.5,1.0,0.2,,2026,2025-26
142.0,Jarrett Allen,27.0,CLE,C,12.0,12.0,311.0,21.8,0.634,0.033,0.496,9.5,23.5,16.1,10.4,2.1,3.3,11.4,21.6,0.7,0.5,1.2,0.184,1.5,0.7,2.2,0.3,,2026,2025-26
143.0,Isaac Okoro,25.0,CHI,SG,12.0,12.0,310.0,8.7,0.572,0.468,0.215,5.4,6.9,6.2,9.6,0.9,2.4,14.8,13.7,0.2,0.2,0.3,0.049,-3.0,-0.9,-3.9,-0.1,,2026,2025-26
144.0,Ron Holland,20.0,DET,SF,13.0,4.0,309.0,9.4,0.485,0.395,0.193,4.1,13.0,8.5,10.4,3.5,0.9,16.3,19.5,-0.3,0.6,0.2,0.038,-5.2,1.5,-3.7,-0.1,,2026,2025-26
145.0,D'Angelo Russell,29.0,DAL,PG,14.0,3.0,308.0,12.5,0.486,0.461,0.355,2.1,11.4,6.8,36.2,1.2,0.5,15.0,28.1,-0.4,0.3,0.0,-0.002,-1.5,-1.7,-3.2,-0.1,,2026,2025-26
146.0,Mark Williams,24.0,PHO,C,12.0,9.0,305.0,20.0,0.657,0.0,0.42,12.7,24.9,18.8,5.1,2.4,3.4,8.8,15.7,0.8,0.5,1.3,0.206,0.4,0.0,0.4,0.2,,2026,2025-26
147.0,Sam Hauser,28.0,BOS,PF,14.0,2.0,301.0,7.6,0.465,0.885,0.042,3.5,12.8,8.0,7.7,1.2,1.3,9.3,15.2,-0.1,0.3,0.2,0.031,-2.2,-0.9,-3.0,-0.1,,2026,2025-26
148.0,Keldon Johnson,26.0,SAS,SF,13.0,0.0,301.0,18.4,0.624,0.269,0.25,12.5,17.9,15.3,10.6,1.6,0.3,7.2,17.5,0.8,0.4,1.2,0.194,1.6,-0.1,1.5,0.3,,2026,2025-26
149.0,Moussa Diabaté,24.0,CHO,C,13.0,1.0,300.0,22.4,0.698,0.0,0.68,20.7,19.1,19.9,6.4,1.4,5.0,9.3,14.9,1.1,0.3,1.4,0.219,2.1,-0.6,1.5,0.3,,2026,2025-26
150.0,Zaccharie Risacher,20.0,ATL,SF,12.0,12.0,297.0,14.0,0.568,0.453,0.148,2.6,8.9,5.8,8.9,2.2,2.2,6.8,20.8,0.1,0.4,0.5,0.081,-1.2,-0.3,-1.5,0.0,,2026,2025-26
151.0,Chet Holmgren,23.0,OKC,PF,10.0,10.0,296.0,21.8,0.696,0.347,0.398,5.7,23.5,15.0,9.3,1.1,4.5,13.2,23.3,0.7,0.7,1.5,0.242,2.7,2.3,5.0,0.5,,2026,2025-26
152.0,Tre Mann,24.0,CHO,PG,13.0,1.0,295.0,8.2,0.458,0.49,0.09,4.0,12.5,8.4,21.8,1.3,0.6,15.2,25.1,-0.4,0.1,-0.3,-0.051,-3.9,-2.3,-6.2,-0.3,,2026,2025-26
153.0,Javonte Green,32.0,DET,SG,13.0,3.0,294.0,10.2,0.497,0.525,0.388,4.7,13.3,9.0,7.3,2.1,2.3,9.6,14.4,0.1,0.5,0.5,0.085,-2.6,0.8,-1.8,0.0,,2026,2025-26
154.0,Ausar Thompson,23.0,DET,SF,10.0,10.0,291.0,16.7,0.526,0.113,0.339,7.3,16.7,12.0,16.9,2.9,2.4,9.6,20.5,0.2,0.6,0.8,0.128,-0.3,2.2,1.9,0.3,,2026,2025-26
155.0,Derik Queen,21.0,NOP,C,13.0,1.0,290.0,15.4,0.549,0.095,0.41,7.3,24.3,15.1,18.8,2.0,3.3,17.3,21.8,0.0,0.2,0.2,0.038,-2.6,0.3,-2.3,0.0,,2026,2025-26
156.0,Bobby Portis,30.0,MIL,PF,14.0,0.0,286.0,12.4,0.56,0.376,0.068,6.8,23.1,15.1,8.3,0.7,0.3,13.0,21.0,0.0,0.2,0.2,0.033,-1.8,-2.6,-4.4,-0.2,,2026,2025-26
157.0,Nikola Jović,22.0,MIA,PF,13.0,1.0,284.0,10.8,0.534,0.495,0.368,3.9,17.0,10.8,18.1,1.4,2.0,18.5,19.5,-0.1,0.3,0.2,0.038,-2.9,0.8,-2.1,0.0,,2026,2025-26
158.0,Dean Wade,29.0,CLE,PF,13.0,2.0,284.0,9.0,0.512,0.738,0.185,4.3,12.9,8.4,7.6,1.5,2.3,5.4,10.6,0.2,0.3,0.5,0.086,-2.2,0.7,-1.5,0.0,,2026,2025-26
159.0,Jaylon Tyson,23.0,CLE,SG,11.0,7.0,284.0,14.1,0.637,0.578,0.144,5.4,11.7,8.4,9.8,2.3,2.9,10.3,15.2,0.4,0.4,0.8,0.138,0.1,1.4,1.5,0.3,,2026,2025-26
160.0,Sam Merrill,29.0,CLE,SG,11.0,7.0,283.0,13.8,0.65,0.849,0.151,2.9,4.8,3.8,13.4,1.0,0.7,7.4,17.4,0.7,0.2,0.8,0.14,1.8,-0.9,0.8,0.2,,2026,2025-26
161.0,Klay Thompson,35.0,DAL,SF,13.0,7.0,281.0,8.0,0.471,0.746,0.046,1.1,12.1,6.7,13.7,0.5,1.5,10.2,22.0,-0.4,0.3,-0.2,-0.026,-2.2,-1.7,-3.9,-0.1,,2026,2025-26
162.0,Tim Hardaway Jr.,33.0,DEN,SG,12.0,1.0,280.0,15.5,0.68,0.684,0.184,1.3,7.4,4.6,9.0,0.9,0.3,2.8,16.5,0.8,0.3,1.1,0.185,3.2,-0.8,2.5,0.3,,2026,2025-26
163.0,Pelle Larsson,24.0,MIA,SG,13.0,10.0,279.0,13.6,0.673,0.476,0.321,2.0,9.0,5.7,16.3,1.0,0.7,13.5,16.2,0.5,0.2,0.7,0.114,-0.2,-0.2,-0.4,0.1,,2026,2025-26
164.0,Tyrese Martin,26.0,BRK,SG,13.0,2.0,275.0,9.5,0.47,0.588,0.093,5.4,12.2,8.5,17.7,1.2,1.0,12.2,17.8,-0.1,0.0,-0.1,-0.025,-2.0,-2.3,-4.4,-0.2,,2026,2025-26
165.0,Reed Sheppard,21.0,HOU,PG,12.0,0.0,275.0,18.8,0.64,0.605,0.079,1.3,11.4,6.5,19.0,3.4,1.4,11.3,19.9,0.7,0.4,1.1,0.197,3.5,2.0,5.5,0.5,,2026,2025-26
166.0,Luke Kennard,29.0,ATL,SG,12.0,0.0,274.0,11.0,0.643,0.583,0.181,3.3,7.3,5.3,10.1,2.1,0.3,16.2,14.3,0.2,0.3,0.5,0.083,-1.6,-0.3,-1.9,0.0,,2026,2025-26
167.0,Kris Murray,25.0,POR,SF,12.0,0.0,273.0,8.9,0.546,0.339,0.107,5.7,9.9,7.6,6.1,2.2,0.6,10.7,9.5,0.2,0.2,0.3,0.06,-2.5,0.5,-2.0,0.0,,2026,2025-26
168.0,Anthony Edwards,24.0,MIN,SG,9.0,9.0,273.0,24.9,0.622,0.429,0.371,3.4,12.8,8.4,20.1,1.7,2.0,10.0,34.2,0.7,0.3,1.0,0.173,6.2,-0.5,5.7,0.5,,2026,2025-26
169.0,Josh Hart,30.0,NYK,SF,11.0,0.0,272.0,14.2,0.56,0.425,0.163,6.7,24.2,14.8,22.7,1.6,0.4,18.1,15.8,0.3,0.3,0.6,0.11,-0.1,0.8,0.7,0.2,,2026,2025-26
170.0,Josh Okogie,27.0,HOU,SG,12.0,10.0,271.0,14.0,0.66,0.556,0.349,4.7,6.4,5.6,7.0,3.5,0.7,8.8,12.1,0.6,0.3,1.0,0.17,-0.1,2.0,1.9,0.3,,2026,2025-26
171.0,Bruce Brown,29.0,DEN,SG,12.0,0.0,270.0,9.5,0.536,0.309,0.221,6.2,15.3,11.1,7.3,1.6,0.7,11.8,13.3,0.1,0.4,0.5,0.097,-2.9,0.2,-2.8,-0.1,,2026,2025-26
172.0,Cameron Johnson,29.0,DEN,SF,11.0,11.0,269.0,6.8,0.464,0.487,0.205,3.1,8.5,6.0,9.1,1.1,0.3,6.6,14.3,0.0,0.3,0.3,0.055,-4.2,-0.9,-5.1,-0.2,,2026,2025-26
173.0,Patrick Williams,24.0,CHI,PF,12.0,0.0,267.0,11.1,0.592,0.608,0.243,3.4,10.3,7.0,8.8,2.5,1.6,14.6,15.0,0.1,0.3,0.3,0.059,-1.5,0.4,-1.1,0.1,,2026,2025-26
174.0,Malik Monk,27.0,SAC,SG,11.0,0.0,267.0,14.1,0.586,0.439,0.175,1.2,6.1,3.6,12.9,1.8,1.7,8.2,21.1,0.2,0.0,0.2,0.043,0.4,-1.2,-0.8,0.1,,2026,2025-26
175.0,Mike Conley,38.0,MIN,PG,13.0,4.0,266.0,11.9,0.637,0.667,0.263,2.2,8.4,5.4,21.4,1.4,1.0,17.0,12.2,0.5,0.2,0.7,0.121,-0.1,0.2,0.1,0.1,,2026,2025-26
176.0,Peyton Watson,23.0,DEN,SF,12.0,2.0,266.0,11.2,0.52,0.281,0.391,6.3,11.7,9.2,7.3,2.5,4.6,13.8,13.9,0.0,0.5,0.5,0.098,-2.4,1.9,-0.5,0.1,,2026,2025-26
177.0,Keon Ellis,26.0,SAC,SG,14.0,2.0,263.0,11.6,0.623,0.72,0.133,1.6,7.5,4.5,4.7,3.6,1.4,7.0,13.7,0.2,0.2,0.4,0.067,-1.5,1.7,0.2,0.1,,2026,2025-26
178.0,Josh Minott,23.0,BOS,PF,13.0,9.0,263.0,16.0,0.581,0.513,0.224,9.9,18.5,14.1,9.7,2.7,1.9,9.7,14.9,0.5,0.4,0.9,0.164,-0.2,1.4,1.1,0.2,,2026,2025-26
179.0,Cam Spencer,25.0,MEM,SG,14.0,1.0,262.0,14.6,0.626,0.698,0.302,0.8,10.7,5.7,24.2,1.8,0.4,11.0,17.3,0.4,0.2,0.6,0.116,0.8,0.3,1.1,0.2,,2026,2025-26
180.0,Ace Bailey,19.0,UTA,SF,13.0,4.0,261.0,9.9,0.512,0.404,0.172,10.5,8.7,9.6,11.5,1.5,0.8,14.5,19.3,0.0,0.1,0.1,0.012,-3.3,-2.3,-5.5,-0.2,,2026,2025-26
181.0,Kyle Filipowski,22.0,UTA,C,13.0,5.0,258.0,11.8,0.517,0.412,0.341,8.2,22.3,15.1,16.9,0.9,2.7,14.1,17.9,0.1,0.2,0.3,0.054,-2.9,-0.2,-3.1,-0.1,,2026,2025-26
182.0,Jarred Vanderbilt,26.0,LAL,PF,14.0,2.0,257.0,10.6,0.548,0.28,0.38,9.2,25.8,18.0,10.5,2.6,1.9,27.4,13.5,-0.1,0.4,0.3,0.06,-3.4,1.2,-2.1,0.0,,2026,2025-26
183.0,Tari Eason,24.0,HOU,PF,11.0,1.0,255.0,16.1,0.642,0.558,0.074,7.3,17.4,12.5,9.7,1.7,1.9,16.2,18.9,0.4,0.3,0.7,0.137,2.2,-0.6,1.5,0.2,,2026,2025-26
184.0,Ayo Dosunmu,26.0,CHI,SG,10.0,0.0,254.0,17.3,0.662,0.398,0.262,1.3,8.4,5.0,18.7,1.3,0.3,10.2,21.0,0.6,0.1,0.7,0.136,1.8,-1.0,0.8,0.2,,2026,2025-26
185.0,Cole Anthony,25.0,MIL,PG,13.0,0.0,253.0,12.9,0.485,0.319,0.129,3.6,16.1,10.0,36.2,1.9,1.8,18.0,25.6,-0.2,0.2,0.1,0.012,-2.7,-0.5,-3.2,-0.1,,2026,2025-26
186.0,Lonzo Ball,28.0,CLE,PG,11.0,2.0,253.0,10.4,0.511,0.815,0.123,5.6,13.6,9.4,29.7,2.0,0.7,27.5,15.1,0.0,0.3,0.3,0.053,-1.5,0.3,-1.2,0.0,,2026,2025-26
187.0,Buddy Hield,33.0,GSW,SG,15.0,0.0,252.0,10.7,0.561,0.644,0.149,2.2,8.7,5.4,14.3,2.5,0.0,13.9,18.1,0.0,0.3,0.3,0.059,-3.2,-0.2,-3.4,-0.1,,2026,2025-26
188.0,Ziaire Williams,24.0,BRK,SF,11.0,0.0,251.0,10.7,0.564,0.744,0.302,3.4,9.9,6.4,3.0,1.9,1.8,8.5,18.0,0.1,0.0,0.1,0.026,-2.3,-1.7,-4.1,-0.1,,2026,2025-26
189.0,Landry Shamet,28.0,NYK,SG,12.0,3.0,249.0,14.2,0.69,0.737,0.329,2.4,8.5,5.3,5.9,1.0,0.4,6.5,15.3,0.6,0.1,0.8,0.147,1.6,-1.0,0.5,0.2,,2026,2025-26
190.0,Khris Middleton,34.0,WAS,SF,10.0,10.0,248.0,10.9,0.56,0.35,0.238,5.4,10.7,8.1,13.9,1.7,0.7,15.3,17.5,0.0,0.0,0.0,0.007,-3.5,-2.0,-5.4,-0.2,,2026,2025-26
191.0,Aaron Wiggins,27.0,OKC,SG,9.0,5.0,248.0,15.0,0.578,0.541,0.081,4.1,10.1,7.2,11.9,0.8,2.9,7.3,21.6,0.3,0.5,0.7,0.141,1.4,-0.6,0.8,0.2,,2026,2025-26
192.0,Corey Kispert,26.0,WAS,SF,13.0,0.0,247.0,12.3,0.647,0.653,0.264,1.7,10.8,6.3,12.0,0.6,0.7,10.1,15.0,0.4,-0.1,0.3,0.053,-0.1,-2.5,-2.6,0.0,,2026,2025-26
193.0,Jaylin Williams,23.0,OKC,PF,13.0,1.0,247.0,10.9,0.472,0.887,0.099,3.7,22.7,13.6,16.0,1.6,3.3,11.9,14.7,0.0,0.6,0.6,0.116,-1.8,2.1,0.3,0.1,,2026,2025-26
194.0,Brandon Williams,26.0,DAL,PG,12.0,4.0,247.0,14.8,0.525,0.272,0.398,2.6,9.6,6.1,26.1,4.0,0.3,15.4,24.2,-0.1,0.4,0.3,0.058,-3.6,1.8,-1.8,0.0,,2026,2025-26
195.0,Simone Fontecchio,30.0,MIA,SF,13.0,0.0,246.0,15.4,0.698,0.698,0.219,3.1,10.2,6.9,7.1,1.1,1.1,10.2,19.5,0.5,0.2,0.6,0.124,2.5,-0.5,2.0,0.2,,2026,2025-26
196.0,Dalton Knecht,24.0,LAL,SF,13.0,1.0,246.0,10.9,0.563,0.548,0.107,4.1,10.5,7.5,4.6,1.4,2.4,8.3,16.8,0.1,0.2,0.3,0.058,-1.4,-1.0,-2.4,0.0,,2026,2025-26
197.0,Egor Demin,19.0,BRK,PG,12.0,5.0,246.0,10.5,0.532,0.747,0.12,2.6,15.1,8.4,24.0,2.0,0.8,18.6,16.7,0.0,0.1,0.0,0.008,-1.8,-1.0,-2.8,-0.1,,2026,2025-26
198.0,Luguentz Dort,26.0,OKC,SF,8.0,8.0,245.0,6.1,0.425,0.655,0.172,6.5,10.6,8.6,6.1,1.4,0.4,8.8,12.1,-0.1,0.5,0.4,0.07,-4.4,0.2,-4.2,-0.1,,2026,2025-26
199.0,Bam Adebayo,28.0,MIA,C,8.0,8.0,243.0,17.1,0.569,0.379,0.29,3.6,22.6,13.7,13.4,1.5,0.8,10.3,26.2,0.1,0.3,0.5,0.089,0.8,0.4,1.1,0.2,,2026,2025-26
200.0,Isaiah Jackson,24.0,IND,C,13.0,9.0,242.0,15.3,0.608,0.0,0.378,12.0,22.3,16.7,8.2,1.6,1.5,14.8,16.9,0.3,0.2,0.5,0.101,-3.0,-0.9,-3.9,-0.1,,2026,2025-26
201.0,Craig Porter Jr.,25.0,CLE,PG,14.0,0.0,239.0,15.6,0.59,0.417,0.2,8.5,10.0,9.2,20.6,2.7,3.1,15.5,13.0,0.4,0.3,0.7,0.142,1.1,2.2,3.2,0.3,,2026,2025-26
202.0,Steven Adams,32.0,HOU,C,11.0,2.0,239.0,18.3,0.567,0.0,0.469,27.2,21.2,24.1,8.3,1.7,3.2,16.9,12.3,0.6,0.4,0.9,0.184,1.6,-1.0,0.7,0.2,,2026,2025-26
203.0,Dillon Brooks,30.0,PHO,SF,8.0,8.0,239.0,18.3,0.589,0.459,0.244,2.9,9.5,6.2,10.1,3.2,0.8,9.7,29.0,0.3,0.3,0.6,0.119,0.7,-0.3,0.4,0.1,,2026,2025-26
204.0,Will Richard,23.0,GSW,SG,13.0,4.0,237.0,17.7,0.708,0.579,0.303,7.4,7.8,7.6,11.3,2.8,0.4,10.4,17.2,0.6,0.3,0.9,0.185,1.6,0.7,2.3,0.3,,2026,2025-26
205.0,Andre Drummond,32.0,PHI,C,11.0,3.0,236.0,19.3,0.649,0.237,0.339,15.4,30.0,22.7,5.3,1.6,3.9,8.1,13.0,0.6,0.4,1.0,0.2,1.9,0.4,2.3,0.3,,2026,2025-26
206.0,Goga Bitadze,26.0,ORL,C,14.0,0.0,235.0,19.2,0.744,0.14,0.674,11.2,22.1,16.8,9.8,1.4,6.4,11.2,11.3,0.7,0.4,1.1,0.229,0.7,2.9,3.6,0.3,,2026,2025-26
207.0,Jose Alvarado,27.0,NOP,PG,12.0,0.0,235.0,13.1,0.598,0.653,0.181,2.2,12.4,6.8,19.8,2.3,0.0,14.3,16.3,0.3,0.0,0.3,0.061,-0.8,-0.7,-1.5,0.0,,2026,2025-26
208.0,Jamal Shead,23.0,TOR,PG,13.0,0.0,233.0,14.1,0.59,0.569,0.246,2.4,7.9,5.2,35.4,1.8,0.0,17.2,15.7,0.5,0.2,0.7,0.138,0.3,-0.6,-0.3,0.1,,2026,2025-26
209.0,Isaiah Joe,26.0,OKC,SG,9.0,0.0,232.0,15.6,0.637,0.796,0.28,2.9,10.7,7.0,7.3,1.5,0.4,8.7,21.3,0.4,0.4,0.8,0.175,1.0,-0.6,0.4,0.1,,2026,2025-26
210.0,Kristaps Porziņģis,30.0,ATL,C,9.0,9.0,232.0,21.2,0.572,0.395,0.447,8.2,15.4,11.9,21.1,1.0,5.6,6.8,26.6,0.6,0.3,0.9,0.186,2.9,1.3,4.2,0.4,,2026,2025-26
211.0,Mouhamed Gueye,23.0,ATL,PF,14.0,2.0,231.0,12.3,0.569,0.472,0.139,7.3,17.3,12.5,11.8,1.2,3.2,13.6,16.1,0.1,0.3,0.4,0.088,-2.2,0.5,-1.7,0.0,,2026,2025-26
212.0,Nicolas Batum,37.0,LAC,PF,13.0,2.0,230.0,7.1,0.472,0.9,0.04,3.1,14.2,8.9,5.8,2.4,3.4,12.1,11.2,-0.1,0.2,0.1,0.015,-3.8,0.4,-3.3,-0.1,,2026,2025-26
213.0,Isaiah Stewart,24.0,DET,C,10.0,3.0,230.0,17.4,0.584,0.365,0.247,10.6,20.2,15.4,9.2,0.4,8.1,9.6,18.5,0.4,0.4,0.8,0.16,0.5,1.2,1.7,0.2,,2026,2025-26
214.0,Miles McBride,25.0,NYK,SG,10.0,2.0,228.0,11.5,0.532,0.658,0.118,4.0,8.2,6.0,15.5,1.9,0.5,9.1,15.8,0.3,0.2,0.4,0.09,-0.7,-0.1,-0.8,0.1,,2026,2025-26
215.0,LaMelo Ball,24.0,CHO,PG,7.0,7.0,227.0,21.0,0.545,0.512,0.248,4.6,20.3,12.6,50.0,2.1,0.4,14.4,30.7,0.5,0.2,0.6,0.132,3.2,-0.9,2.3,0.3,,2026,2025-26
216.0,Cam Thomas,24.0,BRK,SG,8.0,8.0,226.0,15.1,0.546,0.341,0.424,1.4,4.4,2.8,16.7,0.9,0.4,9.3,32.4,0.1,-0.1,0.0,0.001,0.7,-4.1,-3.4,-0.1,,2026,2025-26
217.0,Jakob Poeltl,30.0,TOR,C,9.0,9.0,222.0,18.0,0.689,0.0,0.569,13.7,19.0,16.4,9.8,1.3,2.6,13.2,15.8,0.6,0.3,0.8,0.182,-0.1,0.0,0.0,0.1,,2026,2025-26
218.0,Cam Whitmore,21.0,WAS,SF,13.0,0.0,221.0,12.1,0.538,0.343,0.202,3.8,10.2,7.0,5.6,2.3,0.8,10.8,22.7,-0.1,0.0,-0.1,-0.025,-2.7,-2.1,-4.8,-0.2,,2026,2025-26
219.0,Jalen Suggs,24.0,ORL,PG,10.0,10.0,221.0,18.7,0.699,0.577,0.333,3.6,15.7,9.8,31.6,3.5,1.1,25.1,22.8,0.3,0.4,0.7,0.154,1.3,2.5,3.8,0.3,,2026,2025-26
220.0,Oso Ighodaro,23.0,PHO,PF,14.0,4.0,220.0,7.1,0.525,0.0,0.28,3.1,20.1,11.6,10.2,1.3,4.3,24.3,14.1,-0.2,0.3,0.0,0.01,-6.8,1.0,-5.7,-0.2,,2026,2025-26
221.0,Dru Smith,28.0,MIA,SG,13.0,0.0,217.0,15.1,0.572,0.435,0.194,5.6,6.2,5.9,24.7,4.2,0.9,15.1,14.9,0.3,0.3,0.6,0.134,-0.6,3.3,2.7,0.3,,2026,2025-26
222.0,Sandro Mamukelashvili,26.0,TOR,C,12.0,0.0,217.0,19.0,0.719,0.42,0.362,6.3,15.5,11.0,14.5,1.3,2.2,12.1,17.7,0.6,0.3,0.9,0.19,3.2,0.5,3.8,0.3,,2026,2025-26
223.0,Al Horford,39.0,GSW,C,10.0,0.0,216.0,7.9,0.458,0.729,0.0,5.1,15.5,10.2,11.6,1.8,4.3,18.1,14.1,-0.2,0.3,0.1,0.019,-3.9,1.1,-2.8,0.0,,2026,2025-26
224.0,Gradey Dick,22.0,TOR,SG,13.0,0.0,215.0,12.0,0.574,0.595,0.351,2.6,12.6,7.7,4.2,1.5,0.0,5.5,17.7,0.2,0.2,0.4,0.088,-1.1,-1.1,-2.2,0.0,,2026,2025-26
225.0,Quinten Post,25.0,GSW,PF,15.0,7.0,214.0,13.8,0.584,0.721,0.103,6.7,24.3,15.3,9.0,1.3,3.9,11.2,15.8,0.1,0.3,0.5,0.11,0.0,0.6,0.6,0.1,,2026,2025-26
226.0,Jordan Poole,26.0,NOP,PG,7.0,4.0,212.0,11.3,0.535,0.596,0.323,1.4,5.2,3.1,17.8,0.5,1.0,11.7,25.5,0.1,-0.1,0.0,-0.005,-0.6,-3.9,-4.5,-0.1,,2026,2025-26
227.0,Vit Krejci,25.0,ATL,PG,10.0,0.0,211.0,15.8,0.726,0.75,0.139,1.6,10.5,6.2,12.2,1.1,1.3,7.3,16.5,0.5,0.2,0.7,0.159,1.9,-0.1,1.8,0.2,,2026,2025-26
228.0,Keaton Wallace,26.0,ATL,PG,13.0,2.0,209.0,10.9,0.547,0.574,0.074,0.5,12.1,6.5,24.0,2.5,0.9,16.5,13.5,0.1,0.3,0.4,0.087,-3.0,1.2,-1.8,0.0,,2026,2025-26
229.0,Jordan Clarkson,33.0,NYK,SG,12.0,0.0,207.0,15.6,0.61,0.533,0.239,5.4,5.7,5.5,13.3,0.9,1.0,9.8,22.3,0.4,0.1,0.5,0.127,1.3,-1.5,-0.2,0.1,,2026,2025-26
230.0,Daniel Gafford,27.0,DAL,C,9.0,9.0,207.0,19.7,0.707,0.0,0.482,10.3,16.4,13.4,7.7,1.8,6.0,12.8,15.7,0.5,0.4,0.9,0.202,-0.7,2.1,1.4,0.2,,2026,2025-26
231.0,Drew Eubanks,28.0,SAC,C,14.0,3.0,205.0,14.2,0.639,0.018,0.554,4.8,17.1,10.7,2.9,1.6,6.3,15.7,17.0,0.0,0.2,0.2,0.042,-2.8,0.0,-2.8,0.0,,2026,2025-26
232.0,Collin Murray-Boyles,20.0,TOR,PF,10.0,3.0,204.0,13.9,0.607,0.277,0.292,10.5,9.6,10.0,7.8,1.9,2.3,13.0,17.4,0.2,0.2,0.5,0.112,-0.6,-0.4,-1.0,0.1,,2026,2025-26
233.0,Kawhi Leonard,34.0,LAC,SF,6.0,6.0,201.0,25.2,0.625,0.333,0.257,3.0,16.3,9.8,18.9,3.7,2.0,8.6,28.2,0.5,0.2,0.7,0.172,4.2,0.9,5.1,0.4,,2026,2025-26
234.0,Brook Lopez,37.0,LAC,C,13.0,0.0,199.0,11.0,0.562,0.699,0.137,2.4,14.7,8.8,6.1,1.3,5.4,13.4,19.9,-0.1,0.1,0.0,0.01,-2.3,-0.8,-3.1,-0.1,,2026,2025-26
235.0,Jay Huff,27.0,IND,C,13.0,2.0,194.0,11.4,0.482,0.676,0.191,6.8,15.1,10.6,7.9,0.2,11.4,9.8,17.0,-0.1,0.2,0.1,0.033,-3.8,0.8,-3.0,-0.1,,2026,2025-26
236.0,Trendon Watford,25.0,PHI,PF,9.0,4.0,194.0,14.8,0.601,0.203,0.322,6.8,17.7,12.2,24.0,0.7,0.9,16.2,17.2,0.3,0.2,0.5,0.123,-0.2,0.5,0.3,0.1,,2026,2025-26
237.0,Tobias Harris,33.0,DET,PF,6.0,6.0,193.0,10.8,0.513,0.394,0.254,2.7,17.0,9.9,11.8,1.2,0.5,9.2,18.3,0.1,0.3,0.4,0.088,-2.0,0.1,-2.0,0.0,,2026,2025-26
238.0,Nique Clifford,23.0,SAC,SG,10.0,2.0,192.0,6.6,0.424,0.451,0.196,4.0,14.0,8.8,14.8,1.0,1.9,11.2,13.7,-0.1,0.0,-0.1,-0.026,-4.3,-0.9,-5.2,-0.2,,2026,2025-26
239.0,Marvin Bagley III,26.0,WAS,PF,13.0,0.0,190.0,19.8,0.699,0.103,0.362,13.1,16.7,14.9,12.9,1.5,3.2,15.1,17.3,0.5,0.1,0.5,0.136,1.1,-0.8,0.3,0.1,,2026,2025-26
240.0,Jalen Smith,25.0,CHI,C,12.0,0.0,190.0,19.4,0.604,0.551,0.202,14.8,26.1,20.8,12.7,0.5,1.7,11.0,23.9,0.3,0.2,0.5,0.131,2.7,-1.9,0.8,0.1,,2026,2025-26
241.0,Day'Ron Sharpe,24.0,BRK,C,12.0,0.0,189.0,17.2,0.677,0.222,0.6,15.7,22.9,19.0,19.0,2.6,2.9,29.7,18.2,0.2,0.1,0.3,0.079,-1.4,0.6,-0.8,0.1,,2026,2025-26
242.0,Tony Bradley,28.0,IND,C,13.0,3.0,186.0,15.4,0.652,0.02,0.34,13.1,10.3,11.8,8.9,0.5,1.5,6.5,13.4,0.5,0.1,0.5,0.138,-1.1,-1.6,-2.8,0.0,,2026,2025-26
243.0,Luka Garza,27.0,BOS,C,13.0,0.0,185.0,21.2,0.672,0.344,0.361,18.0,13.1,15.6,8.6,1.1,3.3,6.6,17.3,0.8,0.2,1.0,0.251,1.5,-0.2,1.3,0.2,,2026,2025-26
244.0,Jaxson Hayes,25.0,LAL,C,11.0,1.0,185.0,14.3,0.703,0.029,0.314,8.8,20.1,14.7,9.6,1.0,2.7,13.1,10.7,0.4,0.2,0.6,0.148,-0.3,0.3,0.0,0.1,,2026,2025-26
245.0,Jordan Goodwin,27.0,PHO,PG,11.0,0.0,184.0,14.9,0.549,0.524,0.127,10.5,14.8,12.6,16.3,3.4,0.5,15.3,17.8,0.2,0.3,0.4,0.115,0.0,0.7,0.7,0.1,,2026,2025-26
246.0,Alex Caruso,31.0,OKC,SG,10.0,0.0,183.0,13.9,0.531,0.673,0.115,1.2,10.8,6.2,17.0,5.0,1.7,14.1,15.0,0.0,0.5,0.6,0.146,-1.7,4.7,3.0,0.2,,2026,2025-26
247.0,Bogdan Bogdanović,33.0,LAC,SG,7.0,2.0,183.0,9.9,0.554,0.614,0.175,1.3,12.9,7.3,17.4,1.6,0.5,16.3,17.8,0.0,0.1,0.1,0.023,-2.2,-1.0,-3.2,-0.1,,2026,2025-26
248.0,Larry Nance Jr.,33.0,CLE,PF,12.0,1.0,181.0,4.8,0.405,0.491,0.057,5.6,17.7,11.3,11.4,1.6,1.0,14.2,14.1,-0.2,0.2,0.0,0.003,-7.4,0.1,-7.4,-0.2,,2026,2025-26
249.0,Caris LeVert,31.0,DET,SG,9.0,0.0,181.0,13.7,0.62,0.443,0.311,0.6,6.4,3.5,20.7,1.6,2.2,16.8,18.8,0.2,0.2,0.4,0.102,-0.1,0.0,-0.2,0.1,,2026,2025-26
250.0,Tyus Jones,29.0,ORL,PG,14.0,1.0,178.0,4.4,0.286,0.543,0.0,1.9,6.1,4.1,14.6,2.7,0.9,12.5,9.5,-0.2,0.2,0.0,-0.003,-5.8,2.4,-3.4,-0.1,,2026,2025-26
251.0,Jaylen Clark,24.0,MIN,SG,11.0,0.0,178.0,10.1,0.572,0.439,0.39,7.2,7.2,7.2,6.4,2.4,0.5,9.4,12.7,0.2,0.2,0.4,0.095,-3.1,0.7,-2.4,0.0,,2026,2025-26
252.0,Walter Clayton,22.0,UTA,PG,11.0,0.0,178.0,11.7,0.565,0.537,0.259,3.5,12.2,7.8,28.1,1.3,1.7,20.0,17.1,0.1,0.1,0.2,0.06,-1.6,-0.1,-1.7,0.0,,2026,2025-26
253.0,Adem Bona,22.0,PHI,C,12.0,3.0,177.0,9.6,0.481,0.05,0.8,9.3,16.3,12.8,2.1,1.4,10.3,20.6,8.0,0.0,0.3,0.2,0.064,-4.5,2.0,-2.4,0.0,,2026,2025-26
254.0,Brice Sensabaugh,22.0,UTA,SF,12.0,0.0,174.0,16.2,0.622,0.716,0.185,3.6,16.8,10.1,12.2,1.6,0.6,10.2,22.7,0.3,0.1,0.4,0.101,1.3,-1.4,-0.1,0.1,,2026,2025-26
255.0,Vince Williams Jr.,25.0,MEM,SG,9.0,1.0,174.0,10.8,0.561,0.672,0.241,3.6,19.8,11.6,20.7,1.9,1.1,21.9,19.5,-0.1,0.2,0.1,0.016,-1.9,0.9,-1.1,0.0,,2026,2025-26
256.0,Jalen Wilson,25.0,BRK,PF,11.0,0.0,173.0,7.1,0.579,0.679,0.245,1.2,6.4,3.6,6.1,0.6,0.0,12.0,16.4,0.0,-0.1,-0.1,-0.018,-2.6,-3.5,-6.1,-0.2,,2026,2025-26
257.0,Jordan Walsh,21.0,BOS,PF,10.0,2.0,173.0,14.1,0.564,0.436,0.103,7.8,19.8,13.6,7.4,2.9,3.5,4.7,10.5,0.3,0.3,0.6,0.165,-1.4,2.6,1.2,0.1,,2026,2025-26
258.0,De'Aaron Fox,28.0,SAS,PG,5.0,5.0,171.0,17.6,0.613,0.381,0.155,5.0,7.1,6.1,31.4,1.4,0.6,18.2,27.2,0.2,0.2,0.4,0.112,1.6,-1.9,-0.3,0.1,,2026,2025-26
259.0,Taurean Prince,31.0,MIL,SF,8.0,0.0,169.0,7.7,0.623,0.737,0.079,0.0,8.5,4.3,5.9,1.7,1.1,11.3,11.4,0.1,0.1,0.2,0.05,-3.3,-0.3,-3.6,-0.1,,2026,2025-26
260.0,Jordan Hawkins,23.0,NOP,SG,12.0,0.0,168.0,4.4,0.387,0.593,0.119,3.6,12.3,7.6,6.8,0.6,0.0,6.1,16.6,-0.2,0.0,-0.3,-0.082,-5.0,-3.7,-8.7,-0.3,,2026,2025-26
261.0,Andrew Nembhard,26.0,IND,PG,6.0,6.0,168.0,16.4,0.559,0.446,0.373,0.6,6.7,3.4,39.9,0.6,0.5,11.0,26.1,0.3,0.0,0.3,0.09,2.9,-2.9,0.0,0.1,,2026,2025-26
262.0,Jeremiah Robinson-Earl,25.0,IND,PF,8.0,3.0,167.0,10.5,0.46,0.333,0.2,12.4,19.6,15.6,6.2,1.4,0.0,10.9,13.3,0.0,0.1,0.1,0.034,-2.8,-2.2,-5.0,-0.1,,2026,2025-26
263.0,RayJ Dennis,24.0,IND,PG,11.0,0.0,161.0,7.1,0.433,0.529,0.129,4.7,7.7,6.0,24.2,0.9,2.3,15.9,22.1,-0.3,0.1,-0.2,-0.069,-3.6,-2.1,-5.7,-0.2,,2026,2025-26
264.0,Zion Williamson,25.0,NOP,PF,5.0,5.0,157.0,22.1,0.553,0.0,0.731,10.3,13.9,12.0,26.3,3.1,0.7,14.2,32.2,0.1,0.1,0.2,0.063,2.3,-1.2,1.2,0.1,,2026,2025-26
265.0,Daniss Jenkins,24.0,DET,PG,8.0,2.0,156.0,16.9,0.57,0.313,0.156,4.1,6.8,5.4,26.6,3.7,0.0,13.9,20.7,0.2,0.2,0.5,0.139,0.0,1.3,1.3,0.1,,2026,2025-26
266.0,Jabari Walker,23.0,PHI,PF,12.0,5.0,154.0,7.9,0.485,0.324,0.135,11.4,15.1,13.2,4.3,0.6,1.8,11.3,11.9,0.0,0.1,0.2,0.052,-4.5,-1.2,-5.7,-0.1,,2026,2025-26
267.0,Walker Kessler,24.0,UTA,C,5.0,5.0,154.0,20.9,0.786,0.216,0.541,15.7,21.8,18.7,14.9,2.2,5.8,25.9,16.3,0.3,0.2,0.5,0.159,1.2,2.0,3.1,0.2,,2026,2025-26
268.0,Yves Missi,21.0,NOP,C,8.0,4.0,153.0,15.1,0.62,0.0,0.6,15.9,13.5,14.8,9.7,0.6,5.5,19.2,12.9,0.2,0.0,0.2,0.068,-0.9,-1.8,-2.7,0.0,,2026,2025-26
269.0,Jonas Valančiūnas,33.0,DEN,C,12.0,0.0,151.0,23.2,0.607,0.083,0.431,15.9,26.7,21.7,15.1,0.3,5.6,12.3,27.4,0.4,0.3,0.6,0.205,1.0,0.2,1.2,0.1,,2026,2025-26
270.0,Anthony Davis,32.0,DAL,PF,5.0,5.0,149.0,23.4,0.587,0.147,0.413,12.1,23.5,17.9,13.5,2.5,3.3,11.0,28.0,0.2,0.3,0.5,0.156,2.6,1.4,4.0,0.2,,2026,2025-26
271.0,Taylor Hendricks,22.0,UTA,PF,9.0,3.0,148.0,9.7,0.46,0.425,0.2,11.4,16.1,13.7,3.7,1.3,2.0,10.3,13.3,0.0,0.1,0.1,0.026,-2.6,-2.0,-4.6,-0.1,,2026,2025-26
272.0,Nick Richards,28.0,PHO,C,14.0,1.0,145.0,13.8,0.617,0.0,0.694,14.1,24.2,19.2,4.7,0.7,4.6,21.7,17.3,0.1,0.2,0.3,0.094,-4.0,-1.3,-5.3,-0.1,,2026,2025-26
273.0,Tyrese Proctor,21.0,CLE,PG,12.0,0.0,142.0,6.4,0.461,0.661,0.113,1.4,8.1,4.6,13.5,1.3,0.0,8.4,20.2,-0.1,0.1,0.0,0.002,-5.8,-1.6,-7.4,-0.2,,2026,2025-26
274.0,Paul Reed,26.0,DET,C,11.0,2.0,141.0,26.5,0.715,0.137,0.157,18.0,21.7,19.9,14.3,4.1,6.9,19.3,19.5,0.3,0.4,0.7,0.24,2.5,3.6,6.1,0.3,,2026,2025-26
275.0,Joel Embiid,31.0,PHI,C,6.0,6.0,140.0,23.8,0.576,0.322,0.402,7.1,19.0,13.0,24.6,1.7,5.9,13.5,35.1,0.2,0.2,0.4,0.13,3.3,1.4,4.7,0.2,,2026,2025-26
276.0,Dylan Harper,19.0,SAS,SG,6.0,0.0,140.0,16.6,0.584,0.219,0.281,4.3,14.9,9.9,25.1,1.4,0.0,13.3,25.1,0.2,0.2,0.4,0.132,-0.6,0.3,-0.3,0.1,,2026,2025-26
277.0,Trae Young,27.0,ATL,PG,5.0,5.0,139.0,16.7,0.511,0.371,0.557,0.0,7.6,3.9,40.1,1.4,0.7,10.3,29.5,0.1,0.1,0.3,0.095,0.9,-1.4,-0.5,0.1,,2026,2025-26
278.0,Gary Payton II,33.0,GSW,SG,14.0,0.0,138.0,11.1,0.458,0.444,0.0,9.6,20.9,15.1,15.4,3.1,2.7,18.2,13.5,0.0,0.3,0.2,0.074,-3.6,1.9,-1.6,0.0,,2026,2025-26
279.0,John Konchar,29.0,MEM,SG,12.0,0.0,138.0,12.6,0.691,0.636,0.045,2.3,18.7,10.4,11.2,3.1,3.4,15.1,7.9,0.1,0.2,0.3,0.116,-1.4,3.5,2.2,0.1,,2026,2025-26
280.0,Luke Kornet,30.0,SAS,C,6.0,1.0,138.0,21.8,0.802,0.0,0.516,16.7,15.9,16.3,11.3,0.0,4.9,9.5,12.9,0.6,0.2,0.8,0.261,3.2,0.6,3.9,0.2,,2026,2025-26
281.0,Hugo González,19.0,BOS,SF,11.0,1.0,136.0,8.9,0.525,0.323,0.032,6.1,11.4,8.7,6.6,3.3,1.5,16.0,11.7,0.0,0.2,0.2,0.071,-4.3,2.0,-2.4,0.0,,2026,2025-26
282.0,Justin Edwards,22.0,PHI,SF,10.0,1.0,136.0,13.6,0.693,0.723,0.064,4.0,8.1,6.1,9.6,0.7,1.3,9.4,16.3,0.3,0.1,0.4,0.133,1.6,-0.6,1.1,0.1,,2026,2025-26
283.0,Isaiah Collier,21.0,UTA,PG,5.0,1.0,131.0,15.3,0.678,0.167,0.8,0.0,14.9,7.3,41.2,0.7,1.5,22.8,16.3,0.3,0.1,0.3,0.123,-1.3,-0.9,-2.2,0.0,,2026,2025-26
284.0,Ousmane Dieng,22.0,OKC,C,11.0,0.0,130.0,4.1,0.394,0.457,0.114,3.5,13.6,8.7,5.8,0.4,4.0,14.0,14.2,-0.2,0.2,0.0,0.005,-6.3,-0.1,-6.4,-0.1,,2026,2025-26
285.0,Amir Coffey,28.0,MIL,SG,13.0,0.0,128.0,5.8,0.517,0.421,0.158,3.6,8.6,6.1,6.5,0.0,0.7,4.7,7.2,0.1,0.0,0.1,0.039,-3.4,-2.1,-5.6,-0.1,,2026,2025-26
286.0,Jonathan Isaac,28.0,ORL,PF,13.0,0.0,126.0,11.3,0.496,0.621,0.414,7.3,24.9,16.3,1.1,2.3,3.3,8.0,12.5,0.0,0.2,0.3,0.096,-2.8,1.3,-1.5,0.0,,2026,2025-26
287.0,Ochai Agbaji,25.0,TOR,SG,9.0,1.0,125.0,4.6,0.421,0.48,0.32,1.8,14.7,8.4,5.7,1.9,0.8,9.5,10.6,-0.1,0.2,0.0,0.017,-6.3,0.2,-6.1,-0.1,,2026,2025-26
288.0,Drake Powell,20.0,BRK,SG,7.0,0.0,124.0,11.1,0.616,0.324,0.059,2.6,13.0,7.4,17.5,2.4,0.7,20.5,15.0,0.0,0.0,0.1,0.022,-2.9,-0.1,-3.0,0.0,,2026,2025-26
289.0,Rob Dillingham,21.0,MIN,PG,11.0,0.0,123.0,9.2,0.474,0.204,0.224,1.9,8.6,5.4,26.5,2.7,0.0,20.6,23.5,-0.2,0.1,-0.1,-0.029,-6.5,-1.4,-7.8,-0.2,,2026,2025-26
290.0,Bilal Coulibaly,21.0,WAS,SG,5.0,5.0,123.0,11.3,0.474,0.386,0.341,3.4,15.0,9.2,19.2,2.3,4.2,16.5,20.5,-0.1,0.1,-0.1,-0.034,-2.7,0.2,-2.5,0.0,,2026,2025-26
291.0,Bradley Beal,32.0,LAC,SG,6.0,6.0,121.0,5.1,0.476,0.396,0.167,2.0,2.8,2.4,12.4,1.2,0.0,14.9,22.2,-0.2,0.0,-0.2,-0.086,-6.9,-4.2,-11.1,-0.3,,2026,2025-26
292.0,Ja'Kobe Walter,21.0,TOR,SG,10.0,0.0,119.0,5.0,0.469,0.71,0.226,5.7,6.4,6.0,6.0,2.8,0.8,19.0,14.9,-0.2,0.1,0.0,-0.005,-6.3,0.0,-6.3,-0.1,,2026,2025-26
293.0,Precious Achiuwa,26.0,SAC,C,7.0,4.0,118.0,14.1,0.558,0.258,0.419,9.2,18.8,13.8,5.9,2.0,2.4,7.6,14.2,0.1,0.1,0.2,0.072,-1.3,-0.8,-2.0,0.0,,2026,2025-26
294.0,Jaden Hardy,23.0,DAL,SG,11.0,0.0,117.0,7.9,0.551,0.622,0.2,1.8,9.7,5.8,5.2,1.6,0.7,15.5,20.7,-0.1,0.1,0.0,-0.002,-4.4,-0.5,-4.9,-0.1,,2026,2025-26
295.0,Karlo Matković,24.0,NOP,PF,11.0,0.0,115.0,17.6,0.69,0.188,0.25,6.2,21.1,13.0,11.4,0.9,4.6,10.1,14.5,0.2,0.0,0.3,0.112,0.3,-0.3,0.0,0.1,,2026,2025-26
296.0,Terrence Shannon Jr.,25.0,MIN,SG,7.0,0.0,115.0,4.7,0.434,0.393,0.25,3.0,12.9,8.2,8.5,1.7,0.0,16.2,13.7,-0.1,0.1,0.0,-0.015,-5.9,-0.5,-6.4,-0.1,,2026,2025-26
297.0,Caleb Martin,30.0,DAL,SF,12.0,0.0,112.0,5.0,0.388,0.333,0.333,8.5,9.2,8.9,15.2,1.7,0.7,19.5,9.6,0.0,0.1,0.1,0.04,-6.8,1.0,-5.8,-0.1,,2026,2025-26
298.0,Liam McNeeley,20.0,CHO,SF,9.0,0.0,112.0,8.4,0.52,0.621,0.517,4.2,13.0,8.7,12.8,0.9,0.8,12.3,15.1,0.1,0.0,0.1,0.049,-3.1,-1.3,-4.4,-0.1,,2026,2025-26
299.0,Jeremy Sochan,22.0,SAS,PF,7.0,0.0,109.0,13.5,0.743,0.37,0.333,4.4,15.1,10.0,13.9,1.3,1.8,20.5,15.2,0.2,0.1,0.3,0.147,-1.7,1.1,-0.6,0.0,,2026,2025-26
300.0,Clint Capela,31.0,HOU,C,11.0,0.0,108.0,23.3,0.68,0.0,0.4,29.0,22.0,25.4,4.9,1.4,5.4,12.0,12.7,0.4,0.2,0.6,0.254,2.9,-1.4,1.6,0.1,,2026,2025-26
301.0,Moussa Cisse,23.0,DAL,C,10.0,0.0,108.0,17.6,0.689,0.0,0.75,17.7,17.2,17.5,1.4,0.9,10.7,22.0,15.8,0.1,0.2,0.3,0.14,-4.3,1.4,-2.9,0.0,,2026,2025-26
302.0,Bronny James,21.0,LAL,SG,9.0,1.0,107.0,6.2,0.335,0.385,0.077,4.7,5.3,5.0,18.7,3.6,0.9,15.7,12.8,-0.1,0.1,0.0,-0.002,-5.4,1.2,-4.2,-0.1,,2026,2025-26
303.0,Guerschon Yabusele,30.0,NYK,C,11.0,0.0,106.0,8.4,0.446,0.71,0.194,11.5,16.6,13.9,4.7,0.9,1.0,5.6,13.8,0.1,0.1,0.1,0.061,-3.0,-1.8,-4.8,-0.1,,2026,2025-26
304.0,Chris Paul,40.0,LAC,PG,8.0,0.0,103.0,10.4,0.354,0.76,0.04,5.8,9.9,7.9,37.2,4.4,0.0,21.6,14.0,0.0,0.1,0.1,0.035,-3.4,1.4,-2.0,0.0,,2026,2025-26
305.0,Justin Champagnie,24.0,WAS,SF,12.0,3.0,101.0,13.5,0.493,0.4,0.68,17.5,17.2,17.4,5.1,1.9,0.0,5.8,14.2,0.2,0.0,0.2,0.082,-1.7,-3.1,-4.8,-0.1,,2026,2025-26
306.0,Bones Hyland,25.0,MIN,PG,11.0,0.0,101.0,13.3,0.639,0.629,0.114,1.2,9.5,5.5,20.6,2.4,0.0,17.9,18.8,0.1,0.1,0.2,0.094,-1.4,0.4,-1.0,0.0,,2026,2025-26
307.0,Quenton Jackson,27.0,IND,PG,5.0,3.0,101.0,21.0,0.657,0.324,0.486,4.6,13.4,8.6,30.7,2.3,0.9,11.8,20.4,0.3,0.1,0.4,0.176,2.8,1.8,4.7,0.2,,2026,2025-26
308.0,Baylor Scheierman,25.0,BOS,SG,10.0,0.0,100.0,13.2,0.786,0.833,0.056,5.2,17.7,11.3,5.1,1.5,1.0,9.8,8.7,0.2,0.1,0.3,0.164,-0.2,1.2,1.0,0.1,,2026,2025-26
309.0,Trayce Jackson-Davis,25.0,GSW,C,9.0,0.0,100.0,13.2,0.579,0.0,0.393,11.0,12.7,11.8,16.6,1.4,3.7,17.6,16.9,0.1,0.1,0.2,0.111,-3.2,0.1,-3.0,0.0,,2026,2025-26
310.0,Robert Williams,28.0,POR,C,8.0,0.0,100.0,18.6,0.624,0.115,0.038,15.5,18.7,17.0,8.3,2.3,4.4,7.0,11.3,0.2,0.1,0.4,0.169,2.2,0.2,2.3,0.1,,2026,2025-26
311.0,Pat Spencer,29.0,GSW,PG,9.0,0.0,99.0,13.4,0.486,0.325,0.3,4.5,10.5,7.4,24.0,2.9,0.9,9.9,21.5,0.0,0.1,0.2,0.087,-2.4,0.4,-2.0,0.0,,2026,2025-26
312.0,Javon Small,23.0,MEM,PG,8.0,0.0,99.0,8.5,0.525,0.679,0.357,1.1,7.6,4.3,31.8,0.0,1.0,19.8,16.9,0.0,0.0,0.0,0.01,-2.4,-2.7,-5.1,-0.1,,2026,2025-26
313.0,Kevon Looney,29.0,NOP,C,7.0,6.0,99.0,9.2,0.39,0.261,0.261,13.3,17.2,15.1,15.5,1.0,4.3,16.3,13.0,0.0,0.0,0.0,-0.009,-4.9,-1.2,-6.1,-0.1,,2026,2025-26
314.0,Kevin Love,37.0,UTA,PF,7.0,0.0,99.0,12.7,0.561,0.84,0.48,5.3,27.4,16.2,24.8,0.0,2.0,18.8,15.3,0.1,0.1,0.2,0.084,-0.3,0.9,0.6,0.1,,2026,2025-26
315.0,Dwight Powell,34.0,DAL,C,11.0,0.0,98.0,11.7,0.693,0.0,1.417,10.9,11.6,11.2,9.6,1.9,1.7,20.4,10.4,0.2,0.1,0.3,0.161,-4.5,1.7,-2.8,0.0,,2026,2025-26
316.0,Chaz Lanier,24.0,DET,SG,9.0,0.0,98.0,9.7,0.495,0.867,0.1,5.4,5.4,5.4,11.6,1.0,0.0,3.1,13.4,0.1,0.1,0.2,0.097,-1.1,-1.2,-2.4,0.0,,2026,2025-26
317.0,Blake Wesley,22.0,POR,SG,6.0,0.0,98.0,12.6,0.469,0.294,0.294,2.1,14.3,7.8,26.3,4.8,0.9,15.4,18.3,0.0,0.1,0.1,0.056,-4.2,3.4,-0.8,0.0,,2026,2025-26
318.0,Cody Williams,21.0,UTA,SG,8.0,0.0,97.0,1.9,0.399,0.44,0.12,2.2,6.7,4.4,5.6,1.0,1.0,10.2,12.3,-0.1,0.0,-0.1,-0.055,-7.8,-2.1,-10.0,-0.2,,2026,2025-26
319.0,Ben Saraf,19.0,BRK,SG,7.0,5.0,97.0,3.0,0.377,0.481,0.296,3.3,12.8,7.7,24.4,1.0,0.0,22.8,17.3,-0.2,0.0,-0.2,-0.114,-6.9,-2.8,-9.7,-0.2,,2026,2025-26
320.0,Mitchell Robinson,27.0,NYK,C,6.0,6.0,97.0,21.2,0.566,0.0,0.053,36.7,20.6,29.2,7.9,1.5,7.6,17.1,9.9,0.3,0.1,0.5,0.234,1.7,-1.5,0.2,0.1,,2026,2025-26
321.0,Brooks Barnhizer,23.0,OKC,SG,12.0,0.0,96.0,7.7,0.474,0.077,0.308,5.9,21.6,14.1,3.8,1.0,2.2,6.3,7.1,0.0,0.2,0.2,0.124,-4.0,1.7,-2.3,0.0,,2026,2025-26
322.0,Micah Peavy,24.0,NOP,SG,9.0,0.0,94.0,3.3,0.293,0.391,0.087,9.7,12.9,11.2,8.7,0.5,1.1,7.7,11.6,-0.1,0.0,-0.1,-0.069,-6.7,-2.9,-9.7,-0.2,,2026,2025-26
323.0,Nigel Hayes-Davis,31.0,PHO,SF,11.0,0.0,93.0,5.8,0.452,0.381,0.0,6.1,9.7,7.9,6.9,2.6,0.0,19.2,11.7,-0.1,0.1,0.0,0.006,-5.6,-0.4,-6.0,-0.1,,2026,2025-26
324.0,Cam Christie,20.0,LAC,SG,8.0,0.0,92.0,16.9,0.601,0.533,0.5,3.9,14.7,9.5,12.9,1.1,1.1,2.7,18.1,0.2,0.0,0.3,0.14,2.6,-0.8,1.8,0.1,,2026,2025-26
325.0,Isaiah Livers,27.0,PHO,PF,8.0,0.0,92.0,10.4,0.635,0.875,0.188,4.9,12.3,8.6,5.4,1.1,3.1,5.5,8.3,0.1,0.1,0.2,0.119,-0.4,-0.2,-0.6,0.0,,2026,2025-26
326.0,KJ Simpson,23.0,CHO,PG,6.0,0.0,90.0,8.0,0.439,0.378,0.108,3.9,13.7,8.9,28.5,2.1,0.0,20.5,22.6,-0.2,0.0,-0.1,-0.055,-4.7,-1.1,-5.8,-0.1,,2026,2025-26
327.0,Nick Smith Jr.,21.0,LAL,SG,6.0,0.0,90.0,9.7,0.548,0.486,0.081,0.0,7.5,3.9,21.1,1.6,1.1,20.7,23.1,-0.1,0.1,0.0,-0.022,-2.5,-2.5,-5.0,-0.1,,2026,2025-26
328.0,Sidy Cissoko,21.0,POR,SF,8.0,0.0,89.0,6.4,0.525,0.333,0.467,7.0,9.2,8.0,8.4,1.1,0.0,10.0,8.9,0.1,0.0,0.1,0.056,-4.0,-1.1,-5.1,-0.1,,2026,2025-26
329.0,Taelon Peter,23.0,IND,SG,9.0,0.0,87.0,4.9,0.395,0.917,0.125,4.3,12.9,8.2,19.5,1.1,2.1,24.0,15.5,-0.2,0.1,-0.1,-0.076,-5.0,-1.0,-6.0,-0.1,,2026,2025-26
330.0,Pat Connaughton,33.0,CHO,SG,9.0,0.0,85.0,13.8,0.585,0.615,0.192,4.1,19.8,12.1,10.0,2.3,1.0,9.6,15.3,0.1,0.1,0.2,0.089,-0.1,1.1,1.0,0.1,,2026,2025-26
331.0,Jett Howard,22.0,ORL,SF,10.0,0.0,84.0,8.4,0.483,0.759,0.0,1.4,6.4,4.0,11.9,0.6,3.0,3.3,15.1,0.0,0.1,0.1,0.056,-0.8,0.0,-0.8,0.0,,2026,2025-26
332.0,Tidjane Salaün,20.0,CHO,PF,7.0,0.0,83.0,9.6,0.508,0.632,0.316,7.1,27.0,17.3,7.9,1.2,1.1,12.2,12.4,0.0,0.1,0.1,0.052,-3.0,-0.9,-3.8,0.0,,2026,2025-26
333.0,Obi Toppin,27.0,IND,PF,3.0,0.0,82.0,12.0,0.526,0.472,0.25,3.4,23.3,12.5,10.3,1.7,0.0,13.1,22.7,-0.1,0.1,0.0,0.011,-2.5,-0.7,-3.2,0.0,,2026,2025-26
334.0,Asa Newell,20.0,ATL,PF,8.0,0.0,80.0,18.3,0.654,0.5,0.281,12.6,10.5,11.5,1.8,2.4,3.5,10.0,21.1,0.1,0.1,0.3,0.154,0.8,-1.0,-0.3,0.0,,2026,2025-26
335.0,Dereck Lively II,21.0,DAL,C,5.0,3.0,80.0,13.1,0.661,0.0,0.429,8.0,21.9,15.1,18.0,1.8,7.2,32.5,12.9,0.0,0.2,0.2,0.107,-4.7,4.1,-0.7,0.0,,2026,2025-26
336.0,Dominick Barlow,22.0,PHI,PF,3.0,2.0,79.0,13.7,0.606,0.389,0.333,15.3,12.6,14.0,13.4,0.0,3.5,19.5,13.5,0.1,0.0,0.2,0.111,0.7,-0.6,0.1,0.0,,2026,2025-26
337.0,Gui Santos,23.0,GSW,PF,12.0,0.0,77.0,7.7,0.548,0.762,0.095,11.5,12.0,11.7,3.7,2.5,0.0,18.6,14.8,0.0,0.1,0.1,0.045,-5.0,-1.3,-6.3,-0.1,,2026,2025-26
338.0,Branden Carlson,26.0,OKC,C,9.0,0.0,76.0,9.7,0.5,0.48,0.0,4.5,19.1,12.1,5.3,1.3,5.4,10.7,15.9,0.0,0.2,0.1,0.088,-5.3,0.6,-4.7,-0.1,,2026,2025-26
339.0,Olivier-Maxence Prosper,23.0,MEM,PF,9.0,0.0,76.0,16.4,0.666,0.25,0.8,8.2,17.0,12.5,9.9,0.6,1.2,12.9,16.9,0.2,0.1,0.2,0.15,-0.3,-1.5,-1.8,0.0,,2026,2025-26
340.0,Chris Boucher,33.0,BOS,PF,7.0,0.0,76.0,6.9,0.372,0.545,0.091,2.7,21.8,12.0,3.3,2.6,6.6,4.2,13.3,-0.1,0.2,0.1,0.04,-7.4,2.5,-5.0,-0.1,,2026,2025-26
341.0,Jordan McLaughlin,29.0,SAS,PG,8.0,0.0,74.0,15.0,0.553,0.625,0.125,4.9,4.5,4.7,18.0,4.6,0.0,7.3,15.7,0.1,0.1,0.3,0.167,-0.7,3.4,2.8,0.1,,2026,2025-26
342.0,Maxime Raynaud,22.0,SAC,C,6.0,0.0,74.0,10.2,0.482,0.13,0.391,10.3,23.6,16.7,7.3,1.3,2.5,18.2,18.8,-0.1,0.0,0.0,-0.029,-4.5,-1.7,-6.2,-0.1,,2026,2025-26
343.0,Julian Phillips,22.0,CHI,SF,11.0,0.0,73.0,8.2,0.475,0.5,0.0,7.7,4.2,5.8,1.8,2.6,2.3,4.8,12.0,0.0,0.1,0.1,0.039,-3.5,-0.4,-3.8,0.0,,2026,2025-26
344.0,Jamison Battle,24.0,TOR,SF,10.0,0.0,73.0,18.7,0.976,0.714,0.0,1.5,14.8,8.3,3.8,1.3,1.3,16.0,14.4,0.2,0.1,0.2,0.154,5.8,0.7,6.4,0.2,,2026,2025-26
345.0,Darius Garland,26.0,CLE,PG,3.0,3.0,73.0,13.6,0.493,0.528,0.222,4.2,9.4,6.6,28.9,1.9,0.0,11.2,24.6,0.1,0.1,0.1,0.078,-1.7,-1.9,-3.6,0.0,,2026,2025-26
346.0,Bennedict Mathurin,23.0,IND,SF,2.0,2.0,73.0,24.3,0.73,0.323,0.839,3.9,17.0,9.8,12.6,0.0,0.0,10.5,26.3,0.3,0.0,0.3,0.223,7.2,-0.7,6.5,0.1,,2026,2025-26
347.0,Spencer Jones,24.0,DEN,SF,8.0,0.0,72.0,6.7,0.697,0.556,0.444,3.3,0.0,1.5,6.5,4.0,1.3,31.7,9.3,0.0,0.1,0.1,0.077,-5.2,2.6,-2.5,0.0,,2026,2025-26
348.0,Gabe Vincent,29.0,LAL,PG,3.0,3.0,72.0,3.7,0.384,0.769,0.231,1.7,3.1,2.5,11.8,2.0,0.0,12.3,9.8,0.0,0.0,0.0,0.004,-5.1,0.1,-5.0,-0.1,,2026,2025-26
349.0,Duop Reath,29.0,POR,C,9.0,0.0,71.0,16.6,0.864,0.909,0.0,1.5,8.2,4.6,8.1,0.0,1.2,4.3,12.8,0.3,0.0,0.3,0.178,5.7,-1.0,4.7,0.1,,2026,2025-26
350.0,Julian Strawther,23.0,DEN,SG,9.0,0.0,71.0,7.7,0.462,0.533,0.433,0.0,20.4,11.0,7.3,0.0,1.3,7.7,23.1,-0.1,0.1,0.0,0.006,-6.6,-2.5,-9.1,-0.1,,2026,2025-26
351.0,Gary Harris,31.0,MIL,SG,7.0,0.0,70.0,10.7,0.643,0.571,0.0,1.6,4.7,3.2,7.1,3.4,2.6,12.5,9.9,0.0,0.1,0.1,0.081,-1.7,2.0,0.2,0.0,,2026,2025-26
352.0,Kobe Sanders,23.0,LAC,SG,5.0,0.0,69.0,9.0,0.514,0.609,0.13,8.7,6.5,7.6,14.8,2.2,0.0,17.1,18.8,0.0,0.0,0.0,0.001,-3.1,-2.3,-5.5,0.0,,2026,2025-26
353.0,Tyler Kolek,24.0,NYK,PG,10.0,0.0,67.0,6.5,0.479,0.542,0.0,3.0,5.3,4.1,26.0,0.7,0.0,20.0,18.3,0.0,0.0,0.0,-0.006,-4.2,-1.4,-5.6,-0.1,,2026,2025-26
354.0,Devin Carter,23.0,SAC,PG,8.0,0.0,65.0,6.9,0.366,0.524,0.238,5.0,16.2,10.4,17.6,4.3,1.4,20.5,18.9,-0.2,0.1,-0.1,-0.089,-6.3,1.8,-4.5,0.0,,2026,2025-26
355.0,Will Riley,19.0,WAS,SF,9.0,0.0,64.0,11.2,0.484,0.222,0.333,4.9,17.6,11.3,15.1,1.5,0.0,8.8,14.7,0.0,0.0,0.0,0.011,-2.1,-1.8,-3.9,0.0,,2026,2025-26
356.0,Nae'Qwan Tomlin,25.0,CLE,PF,5.0,0.0,64.0,23.6,0.595,0.28,0.4,17.5,12.5,15.2,7.0,4.4,5.8,3.3,19.2,0.2,0.1,0.4,0.263,0.7,2.6,3.4,0.1,,2026,2025-26
357.0,Chris Youngblood,23.0,OKC,SG,12.0,0.0,63.0,4.2,0.451,0.929,0.429,3.6,6.6,5.2,3.8,0.8,0.0,0.0,11.4,0.0,0.1,0.1,0.091,-6.6,-0.9,-7.5,-0.1,,2026,2025-26
358.0,Elijah Harkless,25.0,UTA,SG,6.0,0.0,63.0,4.3,0.492,0.636,0.455,3.3,6.9,5.1,8.4,2.3,0.0,18.5,10.4,0.0,0.0,0.0,0.0,-6.6,0.9,-5.7,-0.1,,2026,2025-26
359.0,Monte Morris,30.0,IND,PG,5.0,0.0,62.0,7.1,0.385,0.421,0.211,1.5,10.9,5.8,21.3,0.8,1.5,4.6,14.2,0.0,0.0,0.0,-0.013,-4.7,-1.8,-6.5,-0.1,,2026,2025-26
360.0,Jericho Sims,27.0,MIL,C,9.0,0.0,61.0,9.2,0.781,0.0,1.0,13.1,16.3,14.7,5.7,0.8,3.0,41.0,6.9,0.1,0.0,0.1,0.084,-4.0,-1.1,-5.1,0.0,,2026,2025-26
361.0,Xavier Tillman Sr.,27.0,BOS,C,7.0,0.0,61.0,15.8,0.556,0.444,0.0,12.0,18.1,14.9,8.9,2.5,1.7,5.3,13.2,0.1,0.1,0.2,0.165,0.5,1.2,1.7,0.1,,2026,2025-26
362.0,Kobe Brown,26.0,LAC,PF,7.0,0.0,60.0,11.2,0.588,0.545,0.364,8.0,20.7,14.6,15.9,0.0,0.0,19.0,11.6,0.1,0.0,0.1,0.07,-1.0,-1.2,-2.3,0.0,,2026,2025-26
363.0,Tristan Vukcevic,22.0,WAS,C,10.0,0.0,59.0,11.3,0.549,0.455,0.455,1.8,13.9,7.9,9.9,0.8,5.8,15.9,22.1,-0.1,0.0,0.0,-0.039,-3.3,-1.2,-4.5,0.0,,2026,2025-26
364.0,Aaron Holiday,29.0,HOU,PG,7.0,0.0,58.0,16.9,0.751,0.611,0.5,0.0,7.5,3.9,16.4,0.9,1.7,18.5,19.1,0.2,0.0,0.2,0.178,2.3,-0.5,1.9,0.1,,2026,2025-26
365.0,Ariel Hukporti,23.0,NYK,C,8.0,2.0,56.0,7.2,0.5,0.0,0.0,12.7,21.0,16.5,10.8,0.9,3.8,38.5,9.5,0.0,0.1,0.0,0.029,-5.6,1.1,-4.5,0.0,,2026,2025-26
366.0,Cody Martin,30.0,IND,SF,4.0,0.0,55.0,3.1,0.277,0.5,0.6,1.7,26.6,13.0,4.9,3.4,3.4,24.0,12.2,-0.2,0.1,-0.1,-0.094,-10.2,1.8,-8.3,-0.1,,2026,2025-26
367.0,Carter Bryant,20.0,SAS,PF,8.0,0.0,54.0,1.0,0.381,0.524,0.143,0.0,16.3,8.5,0.0,1.8,1.8,15.2,20.7,-0.2,0.1,-0.1,-0.109,-9.9,-2.4,-12.3,-0.1,,2026,2025-26
368.0,Thomas Bryant,28.0,CLE,C,8.0,0.0,54.0,12.0,0.429,0.455,0.136,9.4,21.2,15.0,2.7,2.6,5.1,4.1,18.2,-0.1,0.1,0.0,0.039,-5.5,-0.4,-5.8,-0.1,,2026,2025-26
369.0,Bobi Klintman,22.0,DET,SF,6.0,0.0,53.0,4.2,0.381,0.524,0.143,10.0,21.9,15.9,9.9,1.8,0.0,18.3,21.0,-0.2,0.1,-0.1,-0.063,-8.7,-2.0,-10.6,-0.1,,2026,2025-26
370.0,Matisse Thybulle,28.0,POR,SG,4.0,0.0,49.0,21.4,0.85,0.6,0.4,0.0,9.6,4.5,8.1,9.5,0.0,7.8,10.3,0.2,0.1,0.3,0.265,0.5,10.3,10.7,0.2,,2026,2025-26
371.0,Kyle Anderson,32.0,UTA,SF,3.0,0.0,49.0,12.2,0.523,0.0,0.412,6.4,8.9,7.6,27.8,1.0,0.0,13.0,19.1,0.0,0.0,0.1,0.057,-1.7,-0.3,-2.0,0.0,,2026,2025-26
372.0,Jordan Miller,26.0,LAC,SF,3.0,0.0,49.0,18.6,0.717,0.563,0.5,7.4,11.5,9.5,9.4,1.0,0.0,13.3,20.4,0.1,0.0,0.2,0.147,4.8,-2.8,2.1,0.1,,2026,2025-26
373.0,Maxi Kleber,34.0,LAL,PF,3.0,0.0,48.0,9.6,0.717,0.75,0.5,5.2,11.7,8.6,10.1,1.0,4.1,0.0,4.4,0.1,0.0,0.1,0.14,-0.7,1.9,1.2,0.0,,2026,2025-26
374.0,Noah Penda,21.0,ORL,SF,7.0,0.0,47.0,16.8,0.666,0.182,0.364,14.6,16.1,15.4,18.4,1.0,3.6,19.0,14.2,0.1,0.1,0.2,0.177,1.0,0.7,1.6,0.0,,2026,2025-26
375.0,Luke Travers,24.0,CLE,SG,6.0,0.0,47.0,8.9,0.268,0.375,0.375,8.7,17.0,12.6,10.2,3.0,7.8,5.1,16.9,-0.1,0.1,0.0,-0.011,-5.9,1.5,-4.4,0.0,,2026,2025-26
376.0,Bismack Biyombo,33.0,SAS,C,6.0,0.0,46.0,3.6,0.5,0.0,0.0,5.3,9.5,7.5,5.0,3.1,2.1,50.0,3.7,0.0,0.1,0.1,0.059,-6.7,2.7,-4.0,0.0,,2026,2025-26
377.0,Caleb Love,24.0,POR,SG,5.0,0.0,45.0,7.2,0.34,0.6,0.0,2.3,23.4,12.2,24.5,1.0,0.0,3.8,22.9,-0.1,0.0,0.0,-0.048,-4.4,-3.0,-7.4,-0.1,,2026,2025-26
378.0,Ryan Nembhard,22.0,DAL,PG,5.0,0.0,45.0,4.9,0.49,0.267,0.2,2.4,0.0,1.2,30.7,0.0,0.0,26.9,20.7,-0.1,0.0,-0.1,-0.086,-5.8,-4.3,-10.1,-0.1,,2026,2025-26
379.0,T.J. McConnell,33.0,IND,PG,3.0,0.0,43.0,12.9,0.413,0.194,0.032,2.2,5.2,3.6,32.7,2.2,0.0,0.0,29.6,0.0,0.0,0.0,-0.029,-3.7,-2.9,-6.6,0.0,,2026,2025-26
380.0,Jalen Pickett,26.0,DEN,SG,6.0,1.0,42.0,9.0,0.603,0.5,0.083,2.9,12.3,7.9,21.3,0.0,0.0,24.3,16.6,0.0,0.0,0.0,0.056,-2.8,-1.1,-4.0,0.0,,2026,2025-26
381.0,Dalen Terry,23.0,CHI,SG,7.0,0.0,41.0,8.8,0.515,0.222,0.667,0.0,7.4,3.9,12.4,1.1,4.0,7.9,12.9,0.0,0.0,0.0,0.048,-3.3,0.5,-2.8,0.0,,2026,2025-26
382.0,Lindy Waters III,28.0,SAS,SG,5.0,0.0,41.0,11.4,0.75,1.0,0.0,0.0,10.7,5.6,9.6,0.0,0.0,0.0,10.3,0.1,0.0,0.1,0.163,1.8,-0.7,1.1,0.0,,2026,2025-26
383.0,Rayan Rupert,21.0,POR,SG,7.0,0.0,40.0,2.0,0.304,0.667,0.222,2.6,20.5,11.0,6.0,2.3,0.0,9.2,10.8,-0.1,0.0,0.0,-0.032,-9.1,-0.8,-9.9,-0.1,,2026,2025-26
384.0,Brandon Miller,23.0,CHO,SF,2.0,2.0,40.0,13.9,0.493,0.44,0.4,0.0,0.0,0.0,33.6,1.2,2.2,9.3,33.8,0.0,0.0,0.0,0.016,-3.5,-2.6,-6.1,0.0,,2026,2025-26
385.0,Jae'Sean Tate,30.0,HOU,SF,7.0,0.0,39.0,2.0,0.364,0.273,0.0,3.0,13.9,8.6,3.2,1.3,0.0,8.3,12.7,0.0,0.0,0.0,-0.014,-9.5,-2.1,-11.6,-0.1,,2026,2025-26
386.0,AJ Johnson,21.0,WAS,SG,8.0,0.0,38.0,1.3,0.274,0.182,0.364,5.5,8.1,6.8,13.2,0.0,0.0,7.3,15.0,-0.1,0.0,-0.1,-0.143,-7.9,-4.9,-12.7,-0.1,,2026,2025-26
387.0,Jevon Carter,30.0,CHI,PG,3.0,0.0,38.0,20.6,0.957,0.875,0.25,3.0,5.3,4.2,20.9,2.5,0.0,10.1,10.8,0.2,0.0,0.2,0.246,6.0,1.4,7.4,0.1,,2026,2025-26
388.0,Kelly Olynyk,34.0,SAS,C,4.0,0.0,37.0,18.9,0.688,0.125,0.0,16.4,17.8,17.1,46.9,0.0,0.0,27.3,12.6,0.1,0.0,0.2,0.236,3.8,3.5,7.3,0.1,,2026,2025-26
389.0,Johnny Furphy,21.0,IND,SG,3.0,0.0,37.0,4.8,0.667,0.5,0.0,2.5,15.2,8.3,0.0,2.5,0.0,33.3,9.8,0.0,0.0,0.0,-0.017,-7.2,1.2,-6.0,0.0,,2026,2025-26
390.0,Rasheer Fleming,21.0,PHO,PF,7.0,0.0,36.0,7.4,0.4,0.6,0.0,12.6,6.3,9.5,7.5,1.3,2.6,6.3,18.6,0.0,0.0,0.0,0.006,-5.2,-3.4,-8.6,-0.1,,2026,2025-26
391.0,Khaman Maluach,19.0,PHO,C,7.0,0.0,35.0,6.5,0.618,0.429,1.143,3.2,16.2,9.7,3.6,0.0,10.9,32.2,18.5,-0.1,0.0,0.0,-0.012,-10.6,1.0,-9.6,-0.1,,2026,2025-26
392.0,Jonathan Mogbo,24.0,TOR,PF,7.0,0.0,35.0,11.6,0.5,0.0,0.0,9.7,18.6,14.2,13.7,1.4,5.4,14.3,8.4,0.0,0.1,0.1,0.118,-1.4,2.0,0.6,0.0,,2026,2025-26
393.0,Malaki Branham,22.0,WAS,SG,5.0,0.0,34.0,19.1,0.654,0.455,0.727,9.2,15.1,12.1,13.1,0.0,0.0,6.4,18.9,0.1,0.0,0.1,0.144,2.9,-2.6,0.2,0.0,,2026,2025-26
394.0,Mac McClung,27.0,IND,SG,3.0,0.0,34.0,13.2,0.481,0.556,0.222,0.0,13.2,6.0,5.1,6.9,2.7,9.2,25.9,-0.1,0.1,0.0,0.011,-5.7,5.9,0.2,0.0,,2026,2025-26
395.0,Dylan Cardwell,24.0,SAC,C,3.0,1.0,33.0,2.5,0.363,0.167,0.333,6.6,10.6,8.5,0.0,2.8,8.4,22.5,11.3,-0.1,0.0,0.0,-0.061,-12.1,0.3,-11.8,-0.1,,2026,2025-26
396.0,Nolan Traoré,19.0,BRK,PG,3.0,0.0,33.0,1.5,0.354,0.667,0.222,0.0,3.8,1.7,16.6,3.0,0.0,16.8,15.3,-0.1,0.0,-0.1,-0.11,-9.2,-2.2,-11.3,-0.1,,2026,2025-26
397.0,Caleb Houstan,23.0,ATL,SF,5.0,0.0,32.0,12.8,0.751,0.75,0.375,10.5,0.0,5.1,8.2,1.5,2.9,24.4,16.2,0.0,0.0,0.1,0.108,-1.1,-1.7,-2.8,0.0,,2026,2025-26
398.0,Jared McCain,21.0,PHI,SG,3.0,0.0,31.0,-7.7,0.0,0.222,0.0,0.0,7.1,3.6,14.9,1.5,0.0,10.0,13.4,-0.2,0.0,-0.2,-0.239,-14.2,-2.1,-16.3,-0.1,,2026,2025-26
399.0,Charles Bassey,25.0,MEM,C,2.0,0.0,31.0,12.6,0.376,0.0,0.375,23.5,27.8,25.6,9.2,1.5,3.0,9.7,13.8,0.0,0.0,0.0,0.07,-3.6,-1.1,-4.8,0.0,,2026,2025-26
400.0,Joan Beringer,19.0,MIN,PF,8.0,0.0,30.0,12.5,0.806,0.0,0.143,3.9,24.8,14.8,0.0,1.6,3.0,21.2,13.4,0.0,0.0,0.1,0.098,-5.2,1.0,-4.2,0.0,,2026,2025-26
401.0,Jase Richardson,20.0,ORL,SG,7.0,0.0,30.0,-0.9,0.255,0.6,0.4,0.0,3.6,1.9,25.4,0.0,0.0,33.8,12.5,-0.1,0.0,-0.1,-0.127,-6.5,-2.5,-9.0,-0.1,,2026,2025-26
402.0,Mason Plumlee,35.0,CHO,C,6.0,0.0,30.0,7.1,0.798,0.0,2.0,3.9,14.9,9.5,8.6,0.0,0.0,34.7,8.0,0.0,0.0,0.0,0.016,-4.0,-1.3,-5.3,0.0,,2026,2025-26
403.0,Bryce McGowens,23.0,NOP,SG,5.0,0.0,30.0,13.6,0.518,0.2,0.8,0.0,4.0,1.8,15.0,3.3,0.0,6.9,20.4,0.0,0.0,0.0,0.043,-2.6,-0.2,-2.9,0.0,,2026,2025-26
404.0,Jalen Green,23.0,PHO,SG,2.0,2.0,30.0,28.9,0.615,0.609,0.217,7.6,7.5,7.6,26.0,3.2,0.0,7.4,37.9,0.1,0.0,0.1,0.196,10.8,0.4,11.2,0.1,,2026,2025-26
405.0,Coby White,25.0,CHI,SG,1.0,0.0,30.0,27.1,0.67,0.571,1.0,0.0,13.5,7.1,37.0,1.6,0.0,13.0,32.2,0.2,0.0,0.2,0.295,5.3,-0.2,5.1,0.0,,2026,2025-26
406.0,Yang Hansen,20.0,POR,C,5.0,0.0,29.0,1.8,0.387,0.333,0.667,10.7,4.0,7.6,0.0,0.0,6.1,20.5,20.0,-0.1,0.0,-0.1,-0.13,-10.5,-3.6,-14.2,-0.1,,2026,2025-26
407.0,GG Jackson II,21.0,MEM,PF,6.0,0.0,28.0,7.1,0.351,0.429,0.5,3.7,7.7,5.7,5.4,5.0,0.0,0.0,25.2,-0.1,0.0,0.0,-0.081,-6.8,-0.4,-7.2,0.0,,2026,2025-26
408.0,Dario Šarić,31.0,SAC,C,3.0,0.0,28.0,5.0,0.425,0.4,0.4,3.9,16.7,10.0,8.6,0.0,0.0,14.5,10.4,0.0,0.0,0.0,-0.036,-3.3,-2.1,-5.4,0.0,,2026,2025-26
409.0,Wendell Moore Jr.,24.0,DET,SG,2.0,0.0,28.0,13.5,0.75,0.25,0.0,3.8,3.8,3.8,13.7,1.7,3.5,0.0,5.8,0.1,0.0,0.1,0.172,-0.7,2.5,1.7,0.0,,2026,2025-26
410.0,PJ Hall,23.0,MEM,C,7.0,0.0,27.0,18.8,0.63,0.333,0.333,11.6,23.9,17.6,12.1,0.0,7.0,8.8,17.3,0.1,0.0,0.1,0.151,1.2,0.0,1.2,0.0,,2026,2025-26
411.0,Leonard Miller,22.0,MIN,SF,7.0,0.0,27.0,13.8,0.615,0.3,0.5,4.3,27.6,16.5,5.5,1.8,0.0,19.7,23.9,0.0,0.0,0.0,0.036,-5.5,-0.8,-6.3,0.0,,2026,2025-26
412.0,Tyson Etienne,26.0,BRK,PG,5.0,0.0,25.0,-5.7,0.273,0.909,0.0,0.0,0.0,0.0,0.0,0.0,0.0,0.0,18.7,-0.1,0.0,-0.1,-0.231,-12.5,-7.1,-19.6,-0.1,,2026,2025-26
413.0,E.J. Liddell,25.0,BRK,PF,5.0,0.0,25.0,9.2,0.487,0.727,0.273,4.2,29.7,16.0,0.0,0.0,0.0,0.0,20.9,0.0,0.0,0.0,0.002,-3.5,-4.9,-8.5,0.0,,2026,2025-26
414.0,Zach Edey,23.0,MEM,C,1.0,1.0,25.0,19.0,0.593,0.143,1.286,8.3,21.5,14.8,0.0,3.8,7.5,8.4,19.8,0.0,0.1,0.1,0.177,-1.0,4.6,3.6,0.0,,2026,2025-26
415.0,JD Davison,23.0,HOU,PG,5.0,0.0,24.0,14.9,0.619,0.75,0.25,0.0,0.0,0.0,11.2,2.1,4.0,0.0,15.2,0.1,0.0,0.1,0.165,1.5,0.2,1.7,0.0,,2026,2025-26
416.0,DeAndre Jordan,37.0,NOP,C,2.0,1.0,23.0,18.9,0.765,0.0,0.4,17.6,31.7,24.0,0.0,0.0,0.0,14.5,12.6,0.1,0.0,0.1,0.124,2.0,-3.3,-1.2,0.0,,2026,2025-26
417.0,Andre Jackson Jr.,24.0,MIL,SG,6.0,0.0,22.0,6.4,0.0,0.5,0.0,5.2,5.0,5.1,30.1,4.4,4.1,50.0,7.9,0.0,0.0,0.0,-0.007,-5.4,3.3,-2.1,0.0,,2026,2025-26
418.0,Yanic Konan Niederhauser,22.0,LAC,C,5.0,0.0,22.0,35.8,0.825,0.0,1.0,16.4,15.4,15.9,18.3,0.0,4.5,8.0,25.2,0.1,0.0,0.2,0.341,8.5,0.8,9.3,0.1,,2026,2025-26
419.0,Keshad Johnson,24.0,MIA,SF,4.0,0.0,22.0,2.1,0.292,0.5,0.0,5.0,21.9,14.0,0.0,4.1,0.0,7.7,24.1,-0.1,0.0,-0.1,-0.174,-11.5,-2.2,-13.7,-0.1,,2026,2025-26
420.0,Tolu Smith,25.0,DET,PF,2.0,0.0,22.0,36.3,0.767,0.0,0.875,19.2,33.6,26.4,14.7,2.2,4.4,8.3,22.4,0.1,0.1,0.2,0.41,9.9,3.8,13.7,0.1,,2026,2025-26
421.0,Zeke Nnaji,25.0,DEN,PF,6.0,0.0,21.0,8.5,0.661,0.571,0.429,5.7,4.9,5.3,13.0,0.0,0.0,19.4,20.8,0.0,0.0,0.0,0.084,-6.7,-1.3,-8.0,0.0,,2026,2025-26
422.0,Jeff Green,39.0,HOU,PF,5.0,0.0,21.0,21.5,1.0,1.0,0.0,5.5,5.1,5.3,0.0,0.0,4.6,0.0,11.8,0.1,0.0,0.1,0.256,8.3,-0.7,7.6,0.1,,2026,2025-26
423.0,Mark Sears,23.0,MIL,PG,5.0,0.0,21.0,17.2,0.759,0.556,0.889,5.4,0.0,2.7,7.1,0.0,0.0,24.2,34.1,0.0,0.0,0.0,0.045,4.0,-4.2,-0.2,0.0,,2026,2025-26
424.0,Eric Gordon,37.0,PHI,SG,3.0,0.0,21.0,8.4,0.8,0.8,0.0,0.0,0.0,0.0,6.6,2.3,0.0,28.6,13.9,0.0,0.0,0.0,0.025,-2.0,-0.7,-2.7,0.0,,2026,2025-26
425.0,Jamir Watkins,24.0,WAS,SG,3.0,0.0,21.0,9.5,0.75,0.25,0.0,4.9,24.4,14.7,0.0,0.0,4.1,20.0,9.9,0.0,0.0,0.0,0.037,-6.5,-2.5,-9.0,0.0,,2026,2025-26
426.0,Antonio Reeves,25.0,CHO,SG,2.0,0.0,21.0,12.6,0.75,0.833,0.0,5.6,5.3,5.5,0.0,0.0,0.0,0.0,11.9,0.1,0.0,0.0,0.112,2.8,-1.3,1.5,0.0,,2026,2025-26
427.0,James Wiseman,24.0,IND,C,1.0,1.0,20.0,5.3,0.667,0.0,0.0,18.8,0.0,10.2,0.0,0.0,4.6,50.0,12.1,0.0,0.0,0.0,-0.08,-9.3,-4.7,-13.9,-0.1,,2026,2025-26
428.0,Johnny Juzang,24.0,MIN,SG,6.0,0.0,18.0,2.1,0.381,0.714,0.286,6.5,11.8,9.3,7.1,0.0,0.0,11.3,21.0,0.0,0.0,0.0,-0.101,-7.6,-4.7,-12.3,0.0,,2026,2025-26
429.0,Hunter Tyson,25.0,DEN,PF,5.0,0.0,17.0,-4.8,0.0,0.571,0.0,7.0,54.8,32.7,0.0,2.8,0.0,0.0,17.4,-0.1,0.1,-0.1,-0.219,-15.8,-3.9,-19.8,-0.1,,2026,2025-26
430.0,Isaac Jones,25.0,SAC,PF,3.0,1.0,17.0,5.5,0.521,0.5,1.0,12.8,0.0,6.6,7.3,0.0,0.0,0.0,7.1,0.0,0.0,0.0,0.06,-6.1,-2.2,-8.2,0.0,,2026,2025-26
431.0,Joe Ingles,38.0,MIN,SF,4.0,0.0,16.0,2.6,0.0,1.0,0.0,0.0,0.0,0.0,34.8,0.0,0.0,0.0,5.3,0.0,0.0,0.0,0.011,-3.7,-0.1,-3.8,0.0,,2026,2025-26
432.0,Jahmyl Telfort,24.0,LAC,PF,3.0,0.0,16.0,-7.2,0.133,1.0,2.0,0.0,14.1,7.3,7.7,0.0,0.0,21.0,13.2,-0.1,0.0,-0.1,-0.253,-13.4,-3.9,-17.3,-0.1,,2026,2025-26
433.0,Mohamed Diawara,20.0,NYK,SF,6.0,0.0,15.0,9.6,0.717,0.25,0.5,0.0,7.8,3.6,9.6,0.0,0.0,17.0,16.0,0.0,0.0,0.0,0.02,-2.0,-1.3,-3.3,0.0,,2026,2025-26
434.0,N'Faly Dante,24.0,ATL,C,4.0,0.0,15.0,12.5,0.338,0.0,0.25,22.4,28.0,25.3,0.0,6.3,0.0,18.4,15.3,0.0,0.0,0.0,0.062,-4.0,-1.1,-5.1,0.0,,2026,2025-26
435.0,Ron Harper Jr.,25.0,BOS,SF,3.0,0.0,15.0,21.5,0.571,0.857,0.0,6.9,14.7,10.7,29.4,0.0,6.7,0.0,19.8,0.1,0.0,0.1,0.252,6.3,2.8,9.1,0.0,,2026,2025-26
436.0,Pacome Dadiet,20.0,NYK,SG,5.0,0.0,14.0,8.7,0.41,0.25,0.5,0.0,25.2,11.7,17.3,0.0,0.0,0.0,14.3,0.0,0.0,0.0,0.07,-5.4,-0.5,-5.9,0.0,,2026,2025-26
437.0,Daeqwon Plowden,27.0,SAC,SG,1.0,0.0,14.0,-0.1,0.2,0.6,0.0,15.5,0.0,8.0,0.0,0.0,0.0,0.0,15.1,0.0,0.0,-0.1,-0.181,-6.8,-6.0,-12.7,0.0,,2026,2025-26
438.0,Anthony Gill,33.0,WAS,PF,5.0,0.0,13.0,19.5,0.922,0.25,0.5,8.0,23.6,15.9,0.0,0.0,0.0,29.1,22.0,0.0,0.0,0.0,0.072,1.2,-2.3,-1.1,0.0,,2026,2025-26
439.0,Harrison Ingram,23.0,SAS,SF,3.0,0.0,11.0,20.5,0.833,0.333,0.0,33.1,0.0,15.7,0.0,0.0,0.0,0.0,11.6,0.1,0.0,0.1,0.276,7.2,-2.9,4.3,0.0,,2026,2025-26
440.0,David Jones García,24.0,SAS,SF,3.0,0.0,11.0,31.5,0.541,0.0,0.429,22.0,10.0,15.7,69.9,0.0,0.0,0.0,32.1,0.1,0.0,0.1,0.346,8.6,0.8,9.4,0.0,,2026,2025-26
441.0,Jahmir Young,25.0,MIA,PG,2.0,0.0,10.0,-1.0,0.333,0.333,0.0,0.0,9.6,5.1,23.9,0.0,0.0,25.0,16.3,0.0,0.0,0.0,-0.132,-11.6,-2.8,-14.4,0.0,,2026,2025-26
442.0,Thanasis Antetokounmpo,33.0,MIL,SF,4.0,0.0,9.0,17.0,0.5,0.0,0.0,0.0,12.3,6.2,0.0,5.3,20.2,0.0,9.6,0.0,0.0,0.0,0.121,-2.4,8.9,6.5,0.0,,2026,2025-26
443.0,Jacob Toppin,25.0,ATL,SF,3.0,0.0,9.0,18.2,0.75,0.0,0.0,0.0,11.7,6.0,0.0,0.0,0.0,0.0,18.7,0.0,0.0,0.0,0.152,-0.4,-0.8,-1.2,0.0,,2026,2025-26
444.0,Kevin Porter Jr.,25.0,MIL,PG,1.0,1.0,9.0,45.6,0.85,0.6,0.4,0.0,0.0,0.0,38.7,5.3,0.0,0.0,28.3,0.1,0.0,0.1,0.565,15.3,4.1,19.4,0.1,,2026,2025-26
445.0,Riley Minix,25.0,SAS,SF,3.0,0.0,8.0,45.6,0.75,0.5,0.0,15.1,13.7,14.4,32.6,6.0,0.0,0.0,31.8,0.1,0.0,0.1,0.436,17.6,7.0,24.6,0.1,,2026,2025-26
446.0,Trey Jemison,26.0,NYK,C,1.0,0.0,8.0,6.1,,,,12.7,14.7,13.6,0.0,0.0,0.0,,0.0,0.0,0.0,0.0,0.078,-0.6,-2.4,-3.0,0.0,,2026,2025-26
447.0,Doug McDermott,34.0,SAC,SF,1.0,0.0,8.0,15.6,1.0,1.0,0.0,0.0,0.0,0.0,0.0,0.0,0.0,25.0,21.1,0.0,0.0,0.0,-0.007,5.8,-1.7,4.0,0.0,,2026,2025-26
448.0,Hunter Sallis,22.0,PHI,SG,3.0,0.0,7.0,0.0,1.0,0.0,0.0,0.0,15.8,7.9,19.7,0.0,0.0,66.7,17.8,0.0,0.0,0.0,-0.191,-10.8,-1.9,-12.7,0.0,,2026,2025-26
449.0,Chris Mañon,24.0,LAL,SG,2.0,0.0,7.0,-0.6,0.0,1.0,0.0,0.0,32.2,16.9,0.0,0.0,14.2,0.0,6.1,0.0,0.0,0.0,-0.048,-12.1,2.8,-9.3,0.0,,2026,2025-26
450.0,Amari Williams,24.0,BOS,PF,2.0,0.0,7.0,21.7,0.5,0.0,0.0,14.9,15.8,15.3,19.4,7.1,0.0,0.0,12.1,0.0,0.0,0.0,0.256,1.5,5.7,7.2,0.0,,2026,2025-26
451.0,Colby Jones,23.0,DET,SG,1.0,0.0,7.0,13.2,0.333,0.667,0.0,0.0,60.4,30.2,38.1,0.0,0.0,0.0,17.5,0.0,0.0,0.0,0.124,-3.3,5.3,2.1,0.0,,2026,2025-26
452.0,Johni Broome,23.0,PHI,PF,2.0,0.0,6.0,22.3,0.4,0.2,0.0,36.6,0.0,18.4,31.2,0.0,0.0,0.0,34.6,0.0,0.0,0.0,0.07,2.2,-7.0,-4.8,0.0,,2026,2025-26
453.0,Christian Koloko,25.0,LAL,C,2.0,0.0,6.0,-0.4,,,,0.0,18.8,9.9,0.0,0.0,0.0,,0.0,0.0,0.0,0.0,0.031,-6.7,-1.2,-8.0,0.0,,2026,2025-26
454.0,Garrett Temple,39.0,TOR,SG,2.0,0.0,6.0,0.0,0.0,1.0,0.0,0.0,0.0,0.0,0.0,0.0,15.8,0.0,7.0,0.0,0.0,0.0,-0.112,-4.8,-0.1,-4.9,0.0,,2026,2025-26
455.0,Danny Wolf,21.0,BRK,PF,2.0,0.0,6.0,21.0,0.532,0.0,2.0,0.0,41.3,19.0,42.2,0.0,0.0,0.0,13.3,0.0,0.0,0.0,0.218,5.5,4.2,9.6,0.0,,2026,2025-26
456.0,Hunter Dickinson,25.0,NOP,C,1.0,0.0,5.0,-11.4,0.5,0.0,0.0,0.0,0.0,0.0,0.0,0.0,21.2,50.0,33.7,-0.1,0.0,-0.1,-0.547,-27.2,0.2,-27.0,0.0,,2026,2025-26
457.0,Adou Thiero,21.0,LAL,SF,1.0,0.0,5.0,37.0,1.064,0.0,2.0,25.0,0.0,11.8,0.0,0.0,0.0,0.0,16.2,0.1,0.0,0.1,0.518,15.5,0.0,15.5,0.0,,2026,2025-26
458.0,Sharife Cooper,24.0,WAS,PG,2.0,0.0,4.0,-11.9,,,,0.0,0.0,0.0,0.0,0.0,0.0,100.0,10.4,0.0,0.0,0.0,-0.378,-14.2,-7.6,-21.8,0.0,,2026,2025-26
459.0,DaRon Holmes,23.0,DEN,PF,2.0,0.0,4.0,24.6,1.5,1.0,0.0,0.0,0.0,0.0,0.0,0.0,0.0,0.0,10.6,0.0,0.0,0.0,0.217,10.5,1.3,11.8,0.0,,2026,2025-26
460.0,Koby Brea,23.0,PHO,SG,1.0,0.0,4.0,35.3,0.694,0.5,1.0,0.0,0.0,0.0,39.8,0.0,0.0,0.0,30.1,0.0,0.0,0.0,0.467,6.7,-2.0,4.7,0.0,,2026,2025-26
461.0,Pete Nance,25.0,MIL,PF,1.0,0.0,4.0,86.6,1.0,0.6,0.0,0.0,27.6,14.0,0.0,0.0,0.0,0.0,54.1,0.1,0.0,0.1,1.492,51.1,7.6,58.7,0.1,,2026,2025-26
462.0,Myron Gardner,24.0,MIA,SF,1.0,0.0,3.0,39.1,1.5,1.0,0.0,0.0,32.1,17.1,55.3,0.0,0.0,0.0,13.6,0.0,0.0,0.0,0.67,16.0,13.6,29.6,0.0,,2026,2025-26
463.0,Kyle Lowry,39.0,PHI,PG,1.0,0.0,3.0,63.5,1.5,1.0,0.0,0.0,0.0,0.0,62.4,16.0,0.0,0.0,13.9,0.0,0.0,0.1,0.884,27.2,22.2,49.4,0.0,,2026,2025-26
464.0,Miles Kelly,23.0,DAL,PG,1.0,0.0,2.0,-31.0,,,,0.0,0.0,0.0,0.0,0.0,0.0,100.0,20.9,0.0,0.0,0.0,-0.639,-25.9,-8.8,-34.7,0.0,,2026,2025-26
465.0,Orlando Robinson,25.0,ORL,C,1.0,0.0,2.0,-7.5,,,,0.0,0.0,0.0,0.0,0.0,0.0,,0.0,0.0,0.0,0.0,0.021,-17.6,-0.8,-18.4,0.0,,2026,2025-26
466.0,Jamal Cain,26.0,ORL,SF,1.0,0.0,0.0,,,,,,,,,,,,,0.0,0.0,0.0,,,,,0.0,,2026,2025-26
,League Average,,,,,,,,0.583,0.419,0.288,5.3,14.7,10.0,16.3,1.7,1.9,12.6,19.9,,,,,,,,,,2026,2025-26
